{
    "duration": 760.000054, 
    "correlations": {
        "/home/laeroth/Downloads/benchmark/sketches/42.png": 0.11053789455141322, 
        "/home/laeroth/Downloads/benchmark/sketches/21.png": 0.070636006426985781, 
        "/home/laeroth/Downloads/benchmark/sketches/48.png": -0.37076223527003194, 
        "/home/laeroth/Downloads/benchmark/sketches/23.png": 0.082689199829636045, 
        "/home/laeroth/Downloads/benchmark/sketches/26.png": 0.23193559769444513, 
        "/home/laeroth/Downloads/benchmark/sketches/43.png": 0.15247511133407385, 
        "/home/laeroth/Downloads/benchmark/sketches/4.png": 0.18326506967905531, 
        "/home/laeroth/Downloads/benchmark/sketches/0.png": 0.10762276285710888, 
        "/home/laeroth/Downloads/benchmark/sketches/11.png": 0.40813510300534128, 
        "/home/laeroth/Downloads/benchmark/sketches/25.png": 0.04233637655582325, 
        "/home/laeroth/Downloads/benchmark/sketches/27.png": 0.29249228427159008, 
        "/home/laeroth/Downloads/benchmark/sketches/33.png": 0.15285305132557603, 
        "/home/laeroth/Downloads/benchmark/sketches/30.png": -0.14391097458693183, 
        "/home/laeroth/Downloads/benchmark/sketches/6.png": -0.10112408752296299, 
        "/home/laeroth/Downloads/benchmark/sketches/2.png": 0.12394592045229701, 
        "/home/laeroth/Downloads/benchmark/sketches/1.png": 0.16515179946821001, 
        "/home/laeroth/Downloads/benchmark/sketches/38.png": 0.062829162684627904, 
        "/home/laeroth/Downloads/benchmark/sketches/9.png": 0.21111284443042611, 
        "/home/laeroth/Downloads/benchmark/sketches/14.png": 0.14942698264918738, 
        "/home/laeroth/Downloads/benchmark/sketches/13.png": 0.3449115553775296, 
        "/home/laeroth/Downloads/benchmark/sketches/28.png": -0.094557588333160192, 
        "/home/laeroth/Downloads/benchmark/sketches/34.png": -0.068167020810259479, 
        "/home/laeroth/Downloads/benchmark/sketches/7.png": 0.065009611356706659, 
        "/home/laeroth/Downloads/benchmark/sketches/8.png": -0.1127208170684057, 
        "/home/laeroth/Downloads/benchmark/sketches/20.png": 0.10059147747469538, 
        "/home/laeroth/Downloads/benchmark/sketches/24.png": -0.18540469989161634, 
        "/home/laeroth/Downloads/benchmark/sketches/10.png": 0.19541057317279983, 
        "/home/laeroth/Downloads/benchmark/sketches/12.png": -0.051218693680461773, 
        "/home/laeroth/Downloads/benchmark/sketches/46.png": 0.20674294639911764, 
        "/home/laeroth/Downloads/benchmark/sketches/47.png": 0.064568101369025965, 
        "/home/laeroth/Downloads/benchmark/sketches/45.png": 0.22661845480899442
    }, 
    "config": {
        "images": [
            {
                "query_image": "/home/laeroth/Downloads/benchmark/sketches/0.png", 
                "source_images": [
                    "/home/laeroth/Downloads/benchmark/images/0/*.jpg"
                ], 
                "key": "set0"
            }, 
            {
                "query_image": "/home/laeroth/Downloads/benchmark/sketches/1.png", 
                "source_images": [
                    "/home/laeroth/Downloads/benchmark/images/1/*.jpg"
                ], 
                "key": "set1"
            }, 
            {
                "query_image": "/home/laeroth/Downloads/benchmark/sketches/2.png", 
                "source_images": [
                    "/home/laeroth/Downloads/benchmark/images/2/*.jpg"
                ], 
                "key": "set2"
            }, 
            {
                "query_image": "/home/laeroth/Downloads/benchmark/sketches/4.png", 
                "source_images": [
                    "/home/laeroth/Downloads/benchmark/images/4/*.jpg"
                ], 
                "key": "set4"
            }, 
            {
                "query_image": "/home/laeroth/Downloads/benchmark/sketches/6.png", 
                "source_images": [
                    "/home/laeroth/Downloads/benchmark/images/6/*.jpg"
                ], 
                "key": "set6"
            }, 
            {
                "query_image": "/home/laeroth/Downloads/benchmark/sketches/7.png", 
                "source_images": [
                    "/home/laeroth/Downloads/benchmark/images/7/*.jpg"
                ], 
                "key": "set7"
            }, 
            {
                "query_image": "/home/laeroth/Downloads/benchmark/sketches/8.png", 
                "source_images": [
                    "/home/laeroth/Downloads/benchmark/images/8/*.jpg"
                ], 
                "key": "set8"
            }, 
            {
                "query_image": "/home/laeroth/Downloads/benchmark/sketches/9.png", 
                "source_images": [
                    "/home/laeroth/Downloads/benchmark/images/9/*.jpg"
                ], 
                "key": "set9"
            }, 
            {
                "query_image": "/home/laeroth/Downloads/benchmark/sketches/10.png", 
                "source_images": [
                    "/home/laeroth/Downloads/benchmark/images/10/*.jpg"
                ], 
                "key": "set10"
            }, 
            {
                "query_image": "/home/laeroth/Downloads/benchmark/sketches/11.png", 
                "source_images": [
                    "/home/laeroth/Downloads/benchmark/images/11/*.jpg"
                ], 
                "key": "set11"
            }, 
            {
                "query_image": "/home/laeroth/Downloads/benchmark/sketches/12.png", 
                "source_images": [
                    "/home/laeroth/Downloads/benchmark/images/12/*.jpg"
                ], 
                "key": "set12"
            }, 
            {
                "query_image": "/home/laeroth/Downloads/benchmark/sketches/13.png", 
                "source_images": [
                    "/home/laeroth/Downloads/benchmark/images/13/*.jpg"
                ], 
                "key": "set13"
            }, 
            {
                "query_image": "/home/laeroth/Downloads/benchmark/sketches/14.png", 
                "source_images": [
                    "/home/laeroth/Downloads/benchmark/images/14/*.jpg"
                ], 
                "key": "set14"
            }, 
            {
                "query_image": "/home/laeroth/Downloads/benchmark/sketches/20.png", 
                "source_images": [
                    "/home/laeroth/Downloads/benchmark/images/20/*.jpg"
                ], 
                "key": "set20"
            }, 
            {
                "query_image": "/home/laeroth/Downloads/benchmark/sketches/21.png", 
                "source_images": [
                    "/home/laeroth/Downloads/benchmark/images/21/*.jpg"
                ], 
                "key": "set21"
            }, 
            {
                "query_image": "/home/laeroth/Downloads/benchmark/sketches/23.png", 
                "source_images": [
                    "/home/laeroth/Downloads/benchmark/images/23/*.jpg"
                ], 
                "key": "set23"
            }, 
            {
                "query_image": "/home/laeroth/Downloads/benchmark/sketches/24.png", 
                "source_images": [
                    "/home/laeroth/Downloads/benchmark/images/24/*.jpg"
                ], 
                "key": "set24"
            }, 
            {
                "query_image": "/home/laeroth/Downloads/benchmark/sketches/25.png", 
                "source_images": [
                    "/home/laeroth/Downloads/benchmark/images/25/*.jpg"
                ], 
                "key": "set25"
            }, 
            {
                "query_image": "/home/laeroth/Downloads/benchmark/sketches/26.png", 
                "source_images": [
                    "/home/laeroth/Downloads/benchmark/images/26/*.jpg"
                ], 
                "key": "set26"
            }, 
            {
                "query_image": "/home/laeroth/Downloads/benchmark/sketches/27.png",