{
    "duration": 717.930285, 
    "correlations": {
        "/home/laeroth/Downloads/benchmark/sketches/42.png": -0.11661536629594499, 
        "/home/laeroth/Downloads/benchmark/sketches/21.png": 0.16759772449807864, 
        "/home/laeroth/Downloads/benchmark/sketches/48.png": -0.17923280208094894, 
        "/home/laeroth/Downloads/benchmark/sketches/23.png": 0.39063873190318288, 
        "/home/laeroth/Downloads/benchmark/sketches/26.png": 0.30676297997227503, 
        "/home/laeroth/Downloads/benchmark/sketches/43.png": 0.50958611127134901, 
        "/home/laeroth/Downloads/benchmark/sketches/4.png": 0.26707991140034204, 
        "/home/laeroth/Downloads/benchmark/sketches/0.png": 0.35403138795375783, 
        "/home/laeroth/Downloads/benchmark/sketches/11.png": 0.40955093959298644, 
        "/home/laeroth/Downloads/benchmark/sketches/25.png": 0.25380381076469183, 
        "/home/laeroth/Downloads/benchmark/sketches/27.png": 0.26992087650944263, 
        "/home/laeroth/Downloads/benchmark/sketches/33.png": 0.024244070947120982, 
        "/home/laeroth/Downloads/benchmark/sketches/30.png": -0.23587407758570136, 
        "/home/laeroth/Downloads/benchmark/sketches/6.png": -0.0059407891576362462, 
        "/home/laeroth/Downloads/benchmark/sketches/2.png": 0.16472489691461573, 
        "/home/laeroth/Downloads/benchmark/sketches/1.png": 0.021451738257304481, 
        "/home/laeroth/Downloads/benchmark/sketches/38.png": 0.0053572923372510722, 
        "/home/laeroth/Downloads/benchmark/sketches/9.png": 0.33352984878283404, 
        "/home/laeroth/Downloads/benchmark/sketches/14.png": 0.26542535634849418, 
        "/home/laeroth/Downloads/benchmark/sketches/13.png": 0.50804032588185577, 
        "/home/laeroth/Downloads/benchmark/sketches/28.png": 0.22248479615232097, 
        "/home/laeroth/Downloads/benchmark/sketches/34.png": 0.087711508954558537, 
        "/home/laeroth/Downloads/benchmark/sketches/7.png": 0.32836907360639656, 
        "/home/laeroth/Downloads/benchmark/sketches/8.png": -0.12857721408549466, 
        "/home/laeroth/Downloads/benchmark/sketches/20.png": 0.079370167655261586, 
        "/home/laeroth/Downloads/benchmark/sketches/24.png": -0.089612124031853299, 
        "/home/laeroth/Downloads/benchmark/sketches/10.png": 0.27319685237367708, 
        "/home/laeroth/Downloads/benchmark/sketches/12.png": -0.053796581966867388, 
        "/home/laeroth/Downloads/benchmark/sketches/46.png": 0.34926574790571419, 
        "/home/laeroth/Downloads/benchmark/sketches/47.png": 0.16558662421115178, 
        "/home/laeroth/Downloads/benchmark/sketches/45.png": 0.081814510820637995
    }, 
    "config": {
        "images": [
            {
                "query_image": "/home/laeroth/Downloads/benchmark/sketches/0.png", 
                "source_images": [
                    "/home/laeroth/Downloads/benchmark/images/0/*.jpg"
                ], 
                "key": "set0"
            }, 
            {
                "query_image": "/home/laeroth/Downloads/benchmark/sketches/1.png", 
                "source_images": [
                    "/home/laeroth/Downloads/benchmark/images/1/*.jpg"
                ], 
                "key": "set1"
            }, 
            {
                "query_image": "/home/laeroth/Downloads/benchmark/sketches/2.png", 
                "source_images": [
                    "/home/laeroth/Downloads/benchmark/images/2/*.jpg"
                ], 
                "key": "set2"
            }, 
            {
                "query_image": "/home/laeroth/Downloads/benchmark/sketches/4.png", 
                "source_images": [
                    "/home/laeroth/Downloads/benchmark/images/4/*.jpg"
                ], 
                "key": "set4"
            }, 
            {
                "query_image": "/home/laeroth/Downloads/benchmark/sketches/6.png", 
                "source_images": [
                    "/home/laeroth/Downloads/benchmark/images/6/*.jpg"
                ], 
                "key": "set6"
            }, 
            {
                "query_image": "/home/laeroth/Downloads/benchmark/sketches/7.png", 
                "source_images": [
                    "/home/laeroth/Downloads/benchmark/images/7/*.jpg"
                ], 
                "key": "set7"
            }, 
            {
                "query_image": "/home/laeroth/Downloads/benchmark/sketches/8.png", 
                "source_images": [
                    "/home/laeroth/Downloads/benchmark/images/8/*.jpg"
                ], 
                "key": "set8"
            }, 
            {
                "query_image": "/home/laeroth/Downloads/benchmark/sketches/9.png", 
                "source_images": [
                    "/home/laeroth/Downloads/benchmark/images/9/*.jpg"
                ], 
                "key": "set9"
            }, 
            {
                "query_image": "/home/laeroth/Downloads/benchmark/sketches/10.png", 
                "source_images": [
                    "/home/laeroth/Downloads/benchmark/images/10/*.jpg"
                ], 
                "key": "set10"
            }, 
            {
                "query_image": "/home/laeroth/Downloads/benchmark/sketches/11.png", 
                "source_images": [
                    "/home/laeroth/Downloads/benchmark/images/11/*.jpg"
                ], 
                "key": "set11"
            }, 
            {
                "query_image": "/home/laeroth/Downloads/benchmark/sketches/12.png", 
                "source_images": [
                    "/home/laeroth/Downloads/benchmark/images/12/*.jpg"
                ], 
                "key": "set12"
            }, 
            {
                "query_image": "/home/laeroth/Downloads/benchmark/sketches/13.png", 
                "source_images": [
                    "/home/laeroth/Downloads/benchmark/images/13/*.jpg"
                ], 
                "key": "set13"
            }, 
            {
                "query_image": "/home/laeroth/Downloads/benchmark/sketches/14.png", 
                "source_images": [
                    "/home/laeroth/Downloads/benchmark/images/14/*.jpg"
                ], 
                "key": "set14"
            }, 
            {
                "query_image": "/home/laeroth/Downloads/benchmark/sketches/20.png", 
                "source_images": [
                    "/home/laeroth/Downloads/benchmark/images/20/*.jpg"
                ], 
                "key": "set20"
            }, 
            {
                "query_image": "/home/laeroth/Downloads/benchmark/sketches/21.png", 
                "source_images": [
                    "/home/laeroth/Downloads/benchmark/images/21/*.jpg"
                ], 
                "key": "set21"
            }, 
            {
                "query_image": "/home/laeroth/Downloads/benchmark/sketches/23.png", 
                "source_images": [
                    "/home/laeroth/Downloads/benchmark/images/23/*.jpg"
                ], 
                "key": "set23"
            }, 
            {
                "query_image": "/home/laeroth/Downloads/benchmark/sketches/24.png", 
                "source_images": [
                    "/home/laeroth/Downloads/benchmark/images/24/*.jpg"
                ], 
                "key": "set24"
            }, 
            {
                "query_image": "/home/laeroth/Downloads/benchmark/sketches/25.png", 
                "source_images": [
                    "/home/laeroth/Downloads/benchmark/images/25/*.jpg"
                ], 
                "key": "set25"
            }, 
            {
                "query_image": "/home/laeroth/Downloads/benchmark/sketches/26.png", 
                "source_images": [
                    "/home/laeroth/Downloads/benchmark/images/26/*.jpg"
                ], 
                "key": "set26"
            }, 
            {
                "query_image": "/home/laeroth/Downloads/benchmark/sketches/27.png",