{
    "duration": 1539.743642, 
    "correlations": {
        "/home/laeroth/Downloads/benchmark/sketches/42.png": -0.097402679543532308, 
        "/home/laeroth/Downloads/benchmark/sketches/21.png": 0.07474326102345516, 
        "/home/laeroth/Downloads/benchmark/sketches/48.png": 0.24258569382347933, 
        "/home/laeroth/Downloads/benchmark/sketches/23.png": -0.099035881743042953, 
        "/home/laeroth/Downloads/benchmark/sketches/26.png": 0.259975121206872, 
        "/home/laeroth/Downloads/benchmark/sketches/43.png": -0.13504892964960402, 
        "/home/laeroth/Downloads/benchmark/sketches/4.png": 0.27541918781322083, 
        "/home/laeroth/Downloads/benchmark/sketches/0.png": 0.40051920063747037, 
        "/home/laeroth/Downloads/benchmark/sketches/11.png": -0.0502258804657921, 
        "/home/laeroth/Downloads/benchmark/sketches/25.png": 0.40877541851030685, 
        "/home/laeroth/Downloads/benchmark/sketches/27.png": 0.090090761599886854, 
        "/home/laeroth/Downloads/benchmark/sketches/33.png": 0.063266636811988325, 
        "/home/laeroth/Downloads/benchmark/sketches/30.png": -0.1020038631773208, 
        "/home/laeroth/Downloads/benchmark/sketches/6.png": -0.069678347438904276, 
        "/home/laeroth/Downloads/benchmark/sketches/2.png": -0.24195804543969612, 
        "/home/laeroth/Downloads/benchmark/sketches/1.png": 0.027044704866195746, 
        "/home/laeroth/Downloads/benchmark/sketches/38.png": 0.13419634126405239, 
        "/home/laeroth/Downloads/benchmark/sketches/9.png": 0.11476660014958143, 
        "/home/laeroth/Downloads/benchmark/sketches/14.png": 0.26332739952636769, 
        "/home/laeroth/Downloads/benchmark/sketches/13.png": 0.36608931153665752, 
        "/home/laeroth/Downloads/benchmark/sketches/28.png": 0.38556419600814434, 
        "/home/laeroth/Downloads/benchmark/sketches/34.png": -0.075689560150761934, 
        "/home/laeroth/Downloads/benchmark/sketches/7.png": 0.25740217599967674, 
        "/home/laeroth/Downloads/benchmark/sketches/8.png": 0.15464122970370034, 
        "/home/laeroth/Downloads/benchmark/sketches/20.png": -0.067011199538270144, 
        "/home/laeroth/Downloads/benchmark/sketches/24.png": -0.046695788554061729, 
        "/home/laeroth/Downloads/benchmark/sketches/10.png": 0.12250367431696893, 
        "/home/laeroth/Downloads/benchmark/sketches/12.png": -0.021921710140931281, 
        "/home/laeroth/Downloads/benchmark/sketches/46.png": -0.15979593736049036, 
        "/home/laeroth/Downloads/benchmark/sketches/47.png": -0.21649772158518046, 
        "/home/laeroth/Downloads/benchmark/sketches/45.png": -0.020565620652964984
    }, 
    "config": {
        "images": [
            {
                "query_image": "/home/laeroth/Downloads/benchmark/sketches/0.png", 
                "source_images": [
                    "/home/laeroth/Downloads/benchmark/images/0/*.jpg"
                ], 
                "key": "set0"
            }, 
            {
                "query_image": "/home/laeroth/Downloads/benchmark/sketches/1.png", 
                "source_images": [
                    "/home/laeroth/Downloads/benchmark/images/1/*.jpg"
                ], 
                "key": "set1"
            }, 
            {
                "query_image": "/home/laeroth/Downloads/benchmark/sketches/2.png", 
                "source_images": [
                    "/home/laeroth/Downloads/benchmark/images/2/*.jpg"
                ], 
                "key": "set2"
            }, 
            {
                "query_image": "/home/laeroth/Downloads/benchmark/sketches/4.png", 
                "source_images": [
                    "/home/laeroth/Downloads/benchmark/images/4/*.jpg"
                ], 
                "key": "set4"
            }, 
            {
                "query_image": "/home/laeroth/Downloads/benchmark/sketches/6.png", 
                "source_images": [
                    "/home/laeroth/Downloads/benchmark/images/6/*.jpg"
                ], 
                "key": "set6"
            }, 
            {
                "query_image": "/home/laeroth/Downloads/benchmark/sketches/7.png", 
                "source_images": [
                    "/home/laeroth/Downloads/benchmark/images/7/*.jpg"
                ], 
                "key": "set7"
            }, 
            {
                "query_image": "/home/laeroth/Downloads/benchmark/sketches/8.png", 
                "source_images": [
                    "/home/laeroth/Downloads/benchmark/images/8/*.jpg"
                ], 
                "key": "set8"
            }, 
            {
                "query_image": "/home/laeroth/Downloads/benchmark/sketches/9.png", 
                "source_images": [
                    "/home/laeroth/Downloads/benchmark/images/9/*.jpg"
                ], 
                "key": "set9"
            }, 
            {
                "query_image": "/home/laeroth/Downloads/benchmark/sketches/10.png", 
                "source_images": [
                    "/home/laeroth/Downloads/benchmark/images/10/*.jpg"
                ], 
                "key": "set10"
            }, 
            {
                "query_image": "/home/laeroth/Downloads/benchmark/sketches/11.png", 
                "source_images": [
                    "/home/laeroth/Downloads/benchmark/images/11/*.jpg"
                ], 
                "key": "set11"
            }, 
            {
                "query_image": "/home/laeroth/Downloads/benchmark/sketches/12.png", 
                "source_images": [
                    "/home/laeroth/Downloads/benchmark/images/12/*.jpg"
                ], 
                "key": "set12"
            }, 
            {
                "query_image": "/home/laeroth/Downloads/benchmark/sketches/13.png", 
                "source_images": [
                    "/home/laeroth/Downloads/benchmark/images/13/*.jpg"
                ], 
                "key": "set13"
            }, 
            {
                "query_image": "/home/laeroth/Downloads/benchmark/sketches/14.png", 
                "source_images": [
                    "/home/laeroth/Downloads/benchmark/images/14/*.jpg"
                ], 
                "key": "set14"
            }, 
            {
                "query_image": "/home/laeroth/Downloads/benchmark/sketches/20.png", 
                "source_images": [
                    "/home/laeroth/Downloads/benchmark/images/20/*.jpg"
                ], 
                "key": "set20"
            }, 
            {
                "query_image": "/home/laeroth/Downloads/benchmark/sketches/21.png", 
                "source_images": [
                    "/home/laeroth/Downloads/benchmark/images/21/*.jpg"
                ], 
                "key": "set21"
            }, 
            {
                "query_image": "/home/laeroth/Downloads/benchmark/sketches/23.png", 
                "source_images": [
                    "/home/laeroth/Downloads/benchmark/images/23/*.jpg"
                ], 
                "key": "set23"
            }, 
            {
                "query_image": "/home/laeroth/Downloads/benchmark/sketches/24.png", 
                "source_images": [
                    "/home/laeroth/Downloads/benchmark/images/24/*.jpg"
                ], 
                "key": "set24"
            }, 
            {
                "query_image": "/home/laeroth/Downloads/benchmark/sketches/25.png", 
                "source_images": [
                    "/home/laeroth/Downloads/benchmark/images/25/*.jpg"
                ], 
                "key": "set25"
            }, 
            {
                "query_image": "/home/laeroth/Downloads/benchmark/sketches/26.png", 
                "source_images": [
                    "/home/laeroth/Downloads/benchmark/images/26/*.jpg"
                ], 
                "key": "set26"
            }, 
            {
                "query_image": "/home/laeroth/Downloads/benchmark/sketches/27.png",