{
    "duration": 1404.339666, 
    "correlations": {
        "/home/laeroth/Downloads/benchmark/sketches/42.png": -0.11847795535514757, 
        "/home/laeroth/Downloads/benchmark/sketches/21.png": 0.001359353284371986, 
        "/home/laeroth/Downloads/benchmark/sketches/48.png": 0.24961921657589856, 
        "/home/laeroth/Downloads/benchmark/sketches/23.png": 0.48794081804238182, 
        "/home/laeroth/Downloads/benchmark/sketches/26.png": 0.3198273327811767, 
        "/home/laeroth/Downloads/benchmark/sketches/43.png": 0.29631619617854221, 
        "/home/laeroth/Downloads/benchmark/sketches/4.png": 0.27798916687819464, 
        "/home/laeroth/Downloads/benchmark/sketches/0.png": 0.29782346246266428, 
        "/home/laeroth/Downloads/benchmark/sketches/11.png": 0.42359629102623403, 
        "/home/laeroth/Downloads/benchmark/sketches/25.png": 0.35606932381383111, 
        "/home/laeroth/Downloads/benchmark/sketches/27.png": 0.35747743055679077, 
        "/home/laeroth/Downloads/benchmark/sketches/33.png": 0.21275321294581742, 
        "/home/laeroth/Downloads/benchmark/sketches/30.png": 0.19425020588074501, 
        "/home/laeroth/Downloads/benchmark/sketches/6.png": -0.057131428763774354, 
        "/home/laeroth/Downloads/benchmark/sketches/2.png": 0.29983706994284937, 
        "/home/laeroth/Downloads/benchmark/sketches/1.png": 0.056058447038827473, 
        "/home/laeroth/Downloads/benchmark/sketches/38.png": 0.20623992993676626, 
        "/home/laeroth/Downloads/benchmark/sketches/9.png": 0.32600053014526476, 
        "/home/laeroth/Downloads/benchmark/sketches/14.png": 0.048656691741809137, 
        "/home/laeroth/Downloads/benchmark/sketches/13.png": 0.5190158120206102, 
        "/home/laeroth/Downloads/benchmark/sketches/28.png": 0.24601292586366583, 
        "/home/laeroth/Downloads/benchmark/sketches/34.png": 0.23856445743257576, 
        "/home/laeroth/Downloads/benchmark/sketches/7.png": 0.4268945200115305, 
        "/home/laeroth/Downloads/benchmark/sketches/8.png": -0.020027075289437694, 
        "/home/laeroth/Downloads/benchmark/sketches/20.png": 0.33160979483550707, 
        "/home/laeroth/Downloads/benchmark/sketches/24.png": -0.12117540695375606, 
        "/home/laeroth/Downloads/benchmark/sketches/10.png": 0.51537346498861558, 
        "/home/laeroth/Downloads/benchmark/sketches/12.png": 0.15541358174907763, 
        "/home/laeroth/Downloads/benchmark/sketches/46.png": 0.17098667082614341, 
        "/home/laeroth/Downloads/benchmark/sketches/47.png": 0.24611602359768642, 
        "/home/laeroth/Downloads/benchmark/sketches/45.png": 0.081480687286259068
    }, 
    "config": {
        "images": [
            {
                "query_image": "/home/laeroth/Downloads/benchmark/sketches/0.png", 
                "source_images": [
                    "/home/laeroth/Downloads/benchmark/images/0/*.jpg"
                ], 
                "key": "set0"
            }, 
            {
                "query_image": "/home/laeroth/Downloads/benchmark/sketches/1.png", 
                "source_images": [
                    "/home/laeroth/Downloads/benchmark/images/1/*.jpg"
                ], 
                "key": "set1"
            }, 
            {
                "query_image": "/home/laeroth/Downloads/benchmark/sketches/2.png", 
                "source_images": [
                    "/home/laeroth/Downloads/benchmark/images/2/*.jpg"
                ], 
                "key": "set2"
            }, 
            {
                "query_image": "/home/laeroth/Downloads/benchmark/sketches/4.png", 
                "source_images": [
                    "/home/laeroth/Downloads/benchmark/images/4/*.jpg"
                ], 
                "key": "set4"
            }, 
            {
                "query_image": "/home/laeroth/Downloads/benchmark/sketches/6.png", 
                "source_images": [
                    "/home/laeroth/Downloads/benchmark/images/6/*.jpg"
                ], 
                "key": "set6"
            }, 
            {
                "query_image": "/home/laeroth/Downloads/benchmark/sketches/7.png", 
                "source_images": [
                    "/home/laeroth/Downloads/benchmark/images/7/*.jpg"
                ], 
                "key": "set7"
            }, 
            {
                "query_image": "/home/laeroth/Downloads/benchmark/sketches/8.png", 
                "source_images": [
                    "/home/laeroth/Downloads/benchmark/images/8/*.jpg"
                ], 
                "key": "set8"
            }, 
            {
                "query_image": "/home/laeroth/Downloads/benchmark/sketches/9.png", 
                "source_images": [
                    "/home/laeroth/Downloads/benchmark/images/9/*.jpg"
                ], 
                "key": "set9"
            }, 
            {
                "query_image": "/home/laeroth/Downloads/benchmark/sketches/10.png", 
                "source_images": [
                    "/home/laeroth/Downloads/benchmark/images/10/*.jpg"
                ], 
                "key": "set10"
            }, 
            {
                "query_image": "/home/laeroth/Downloads/benchmark/sketches/11.png", 
                "source_images": [
                    "/home/laeroth/Downloads/benchmark/images/11/*.jpg"
                ], 
                "key": "set11"
            }, 
            {
                "query_image": "/home/laeroth/Downloads/benchmark/sketches/12.png", 
                "source_images": [
                    "/home/laeroth/Downloads/benchmark/images/12/*.jpg"
                ], 
                "key": "set12"
            }, 
            {
                "query_image": "/home/laeroth/Downloads/benchmark/sketches/13.png", 
                "source_images": [
                    "/home/laeroth/Downloads/benchmark/images/13/*.jpg"
                ], 
                "key": "set13"
            }, 
            {
                "query_image": "/home/laeroth/Downloads/benchmark/sketches/14.png", 
                "source_images": [
                    "/home/laeroth/Downloads/benchmark/images/14/*.jpg"
                ], 
                "key": "set14"
            }, 
            {
                "query_image": "/home/laeroth/Downloads/benchmark/sketches/20.png", 
                "source_images": [
                    "/home/laeroth/Downloads/benchmark/images/20/*.jpg"
                ], 
                "key": "set20"
            }, 
            {
                "query_image": "/home/laeroth/Downloads/benchmark/sketches/21.png", 
                "source_images": [
                    "/home/laeroth/Downloads/benchmark/images/21/*.jpg"
                ], 
                "key": "set21"
            }, 
            {
                "query_image": "/home/laeroth/Downloads/benchmark/sketches/23.png", 
                "source_images": [
                    "/home/laeroth/Downloads/benchmark/images/23/*.jpg"
                ], 
                "key": "set23"
            }, 
            {
                "query_image": "/home/laeroth/Downloads/benchmark/sketches/24.png", 
                "source_images": [
                    "/home/laeroth/Downloads/benchmark/images/24/*.jpg"
                ], 
                "key": "set24"
            }, 
            {
                "query_image": "/home/laeroth/Downloads/benchmark/sketches/25.png", 
                "source_images": [
                    "/home/laeroth/Downloads/benchmark/images/25/*.jpg"
                ], 
                "key": "set25"
            }, 
            {
                "query_image": "/home/laeroth/Downloads/benchmark/sketches/26.png", 
                "source_images": [
                    "/home/laeroth/Downloads/benchmark/images/26/*.jpg"
                ], 
                "key": "set26"
            }, 
            {
                "query_image": "/home/laeroth/Downloads/benchmark/sketches/27.png",