{
    "duration": 54.927526, 
    "correlations": {
        "/home/laeroth/Downloads/benchmark/sketches/42.png": -0.18967994580590608, 
        "/home/laeroth/Downloads/benchmark/sketches/21.png": 0.25515802901110557, 
        "/home/laeroth/Downloads/benchmark/sketches/48.png": 0.08000166498433893, 
        "/home/laeroth/Downloads/benchmark/sketches/23.png": 0.2739564001463396, 
        "/home/laeroth/Downloads/benchmark/sketches/26.png": 0.126861505754223, 
        "/home/laeroth/Downloads/benchmark/sketches/43.png": 0.24823279449879596, 
        "/home/laeroth/Downloads/benchmark/sketches/4.png": -0.025740111010581386, 
        "/home/laeroth/Downloads/benchmark/sketches/0.png": 0.11976940726458117, 
        "/home/laeroth/Downloads/benchmark/sketches/11.png": 0.12387138021756153, 
        "/home/laeroth/Downloads/benchmark/sketches/25.png": -0.018087991166840203, 
        "/home/laeroth/Downloads/benchmark/sketches/27.png": 0.3359173126614986, 
        "/home/laeroth/Downloads/benchmark/sketches/33.png": -0.0038585408471315434, 
        "/home/laeroth/Downloads/benchmark/sketches/30.png": 0.094256734328410349, 
        "/home/laeroth/Downloads/benchmark/sketches/6.png": 0.095485142786646604, 
        "/home/laeroth/Downloads/benchmark/sketches/2.png": 0.31917869823959916, 
        "/home/laeroth/Downloads/benchmark/sketches/1.png": -0.094012545487251881, 
        "/home/laeroth/Downloads/benchmark/sketches/38.png": -0.036129784186475646, 
        "/home/laeroth/Downloads/benchmark/sketches/9.png": 0.19805862580603725, 
        "/home/laeroth/Downloads/benchmark/sketches/14.png": 0.27506449457164583, 
        "/home/laeroth/Downloads/benchmark/sketches/13.png": 0.41134828721347522, 
        "/home/laeroth/Downloads/benchmark/sketches/28.png": 0.4294076162900069, 
        "/home/laeroth/Downloads/benchmark/sketches/34.png": 0.29563006425924554, 
        "/home/laeroth/Downloads/benchmark/sketches/7.png": 0.22797601345343774, 
        "/home/laeroth/Downloads/benchmark/sketches/8.png": -0.0090265264900642964, 
        "/home/laeroth/Downloads/benchmark/sketches/20.png": 0.12933189961032263, 
        "/home/laeroth/Downloads/benchmark/sketches/24.png": 0.22569631134463167, 
        "/home/laeroth/Downloads/benchmark/sketches/10.png": 0.22308563849300658, 
        "/home/laeroth/Downloads/benchmark/sketches/12.png": 0.15245592554908169, 
        "/home/laeroth/Downloads/benchmark/sketches/46.png": -0.054124430396295116, 
        "/home/laeroth/Downloads/benchmark/sketches/47.png": 0.26210594908183249, 
        "/home/laeroth/Downloads/benchmark/sketches/45.png": 0.22108042201937358
    }, 
    "config": {
        "images": [
            {
                "query_image": "/home/laeroth/Downloads/benchmark/sketches/0.png", 
                "source_images": [
                    "/home/laeroth/Documents/inf/dipl/repo/src/benchmark/image_contours/0/*.jpg"
                ], 
                "key": "set0"
            }, 
            {
                "query_image": "/home/laeroth/Downloads/benchmark/sketches/1.png", 
                "source_images": [
                    "/home/laeroth/Documents/inf/dipl/repo/src/benchmark/image_contours/1/*.jpg"
                ], 
                "key": "set1"
            }, 
            {
                "query_image": "/home/laeroth/Downloads/benchmark/sketches/2.png", 
                "source_images": [
                    "/home/laeroth/Documents/inf/dipl/repo/src/benchmark/image_contours/2/*.jpg"
                ], 
                "key": "set2"
            }, 
            {
                "query_image": "/home/laeroth/Downloads/benchmark/sketches/4.png", 
                "source_images": [
                    "/home/laeroth/Documents/inf/dipl/repo/src/benchmark/image_contours/4/*.jpg"
                ], 
                "key": "set4"
            }, 
            {
                "query_image": "/home/laeroth/Downloads/benchmark/sketches/6.png", 
                "source_images": [
                    "/home/laeroth/Documents/inf/dipl/repo/src/benchmark/image_contours/6/*.jpg"
                ], 
                "key": "set6"
            }, 
            {
                "query_image": "/home/laeroth/Downloads/benchmark/sketches/7.png", 
                "source_images": [
                    "/home/laeroth/Documents/inf/dipl/repo/src/benchmark/image_contours/7/*.jpg"
                ], 
                "key": "set7"
            }, 
            {
                "query_image": "/home/laeroth/Downloads/benchmark/sketches/8.png", 
                "source_images": [
                    "/home/laeroth/Documents/inf/dipl/repo/src/benchmark/image_contours/8/*.jpg"
                ], 
                "key": "set8"
            }, 
            {
                "query_image": "/home/laeroth/Downloads/benchmark/sketches/9.png", 
                "source_images": [
                    "/home/laeroth/Documents/inf/dipl/repo/src/benchmark/image_contours/9/*.jpg"
                ], 
                "key": "set9"
            }, 
            {
                "query_image": "/home/laeroth/Downloads/benchmark/sketches/10.png", 
                "source_images": [
                    "/home/laeroth/Documents/inf/dipl/repo/src/benchmark/image_contours/10/*.jpg"
                ], 
                "key": "set10"
            }, 
            {
                "query_image": "/home/laeroth/Downloads/benchmark/sketches/11.png", 
                "source_images": [
                    "/home/laeroth/Documents/inf/dipl/repo/src/benchmark/image_contours/11/*.jpg"
                ], 
                "key": "set11"
            }, 
            {
                "query_image": "/home/laeroth/Downloads/benchmark/sketches/12.png", 
                "source_images": [
                    "/home/laeroth/Documents/inf/dipl/repo/src/benchmark/image_contours/12/*.jpg"
                ], 
                "key": "set12"
            }, 
            {
                "query_image": "/home/laeroth/Downloads/benchmark/sketches/13.png", 
                "source_images": [
                    "/home/laeroth/Documents/inf/dipl/repo/src/benchmark/image_contours/13/*.jpg"
                ], 
                "key": "set13"
            }, 
            {
                "query_image": "/home/laeroth/Downloads/benchmark/sketches/14.png", 
                "source_images": [
                    "/home/laeroth/Documents/inf/dipl/repo/src/benchmark/image_contours/14/*.jpg"
                ], 
                "key": "set14"
            }, 
            {
                "query_image": "/home/laeroth/Downloads/benchmark/sketches/20.png", 
                "source_images": [
                    "/home/laeroth/Documents/inf/dipl/repo/src/benchmark/image_contours/20/*.jpg"
                ], 
                "key": "set20"
            }, 
            {
                "query_image": "/home/laeroth/Downloads/benchmark/sketches/21.png", 
                "source_images": [
                    "/home/laeroth/Documents/inf/dipl/repo/src/benchmark/image_contours/21/*.jpg"
                ], 
                "key": "set21"
            }, 
            {
                "query_image": "/home/laeroth/Downloads/benchmark/sketches/23.png", 
                "source_images": [
                    "/home/laeroth/Documents/inf/dipl/repo/src/benchmark/image_contours/23/*.jpg"
                ], 
                "key": "set23"
            }, 
            {
                "query_image": "/home/laeroth/Downloads/benchmark/sketches/24.png", 
                "source_images": [
                    "/home/laeroth/Documents/inf/dipl/repo/src/benchmark/image_contours/24/*.jpg"
                ], 
                "key": "set24"
            }, 
            {
                "query_image": "/home/laeroth/Downloads/benchmark/sketches/25.png", 
                "source_images": [
                    "/home/laeroth/Documents/inf/dipl/repo/src/benchmark/image_contours/25/*.jpg"
                ],