{
    "duration": 46.717529, 
    "correlations": {
        "/home/laeroth/Downloads/benchmark/sketches/42.png": 0.11376917858759783, 
        "/home/laeroth/Downloads/benchmark/sketches/21.png": 0.32326112920096628, 
        "/home/laeroth/Downloads/benchmark/sketches/48.png": -0.01420295116338487, 
        "/home/laeroth/Downloads/benchmark/sketches/23.png": 0.46391791097461826, 
        "/home/laeroth/Downloads/benchmark/sketches/26.png": 0.17342970995091819, 
        "/home/laeroth/Downloads/benchmark/sketches/43.png": 0.069498299728569746, 
        "/home/laeroth/Downloads/benchmark/sketches/4.png": 0.028497624499641574, 
        "/home/laeroth/Downloads/benchmark/sketches/0.png": 0.12395145779204442, 
        "/home/laeroth/Downloads/benchmark/sketches/11.png": 0.053143327924283147, 
        "/home/laeroth/Downloads/benchmark/sketches/25.png": -0.065361487504581636, 
        "/home/laeroth/Downloads/benchmark/sketches/27.png": 0.29877490298501069, 
        "/home/laeroth/Downloads/benchmark/sketches/33.png": -0.082003025859494649, 
        "/home/laeroth/Downloads/benchmark/sketches/30.png": 0.23720150460049783, 
        "/home/laeroth/Downloads/benchmark/sketches/6.png": 0.21820752184048423, 
        "/home/laeroth/Downloads/benchmark/sketches/2.png": 0.20185584068026205, 
        "/home/laeroth/Downloads/benchmark/sketches/1.png": -0.17945626387235869, 
        "/home/laeroth/Downloads/benchmark/sketches/38.png": 0.061936772891101111, 
        "/home/laeroth/Downloads/benchmark/sketches/9.png": 0.12082358509237137, 
        "/home/laeroth/Downloads/benchmark/sketches/14.png": 0.10730555877052404, 
        "/home/laeroth/Downloads/benchmark/sketches/13.png": 0.39430506576539137, 
        "/home/laeroth/Downloads/benchmark/sketches/28.png": 0.29707688489108081, 
        "/home/laeroth/Downloads/benchmark/sketches/34.png": 0.2383517673936465, 
        "/home/laeroth/Downloads/benchmark/sketches/7.png": 0.30361084864033699, 
        "/home/laeroth/Downloads/benchmark/sketches/8.png": -0.03562612982805112, 
        "/home/laeroth/Downloads/benchmark/sketches/20.png": 0.13232976496784277, 
        "/home/laeroth/Downloads/benchmark/sketches/24.png": 0.022093317119504886, 
        "/home/laeroth/Downloads/benchmark/sketches/10.png": 0.21614748241404441, 
        "/home/laeroth/Downloads/benchmark/sketches/12.png": 0.12589230424893239, 
        "/home/laeroth/Downloads/benchmark/sketches/46.png": 0.041237661254320088, 
        "/home/laeroth/Downloads/benchmark/sketches/47.png": -0.13539789735096447, 
        "/home/laeroth/Downloads/benchmark/sketches/45.png": -0.012903236547964133
    }, 
    "config": {
        "images": [
            {
                "query_image": "/home/laeroth/Downloads/benchmark/sketches/0.png", 
                "source_images": [
                    "/home/laeroth/Documents/inf/dipl/repo/src/benchmark/image_contours/0/*.jpg"
                ], 
                "key": "set0"
            }, 
            {
                "query_image": "/home/laeroth/Downloads/benchmark/sketches/1.png", 
                "source_images": [
                    "/home/laeroth/Documents/inf/dipl/repo/src/benchmark/image_contours/1/*.jpg"
                ], 
                "key": "set1"
            }, 
            {
                "query_image": "/home/laeroth/Downloads/benchmark/sketches/2.png", 
                "source_images": [
                    "/home/laeroth/Documents/inf/dipl/repo/src/benchmark/image_contours/2/*.jpg"
                ], 
                "key": "set2"
            }, 
            {
                "query_image": "/home/laeroth/Downloads/benchmark/sketches/4.png", 
                "source_images": [
                    "/home/laeroth/Documents/inf/dipl/repo/src/benchmark/image_contours/4/*.jpg"
                ], 
                "key": "set4"
            }, 
            {
                "query_image": "/home/laeroth/Downloads/benchmark/sketches/6.png", 
                "source_images": [
                    "/home/laeroth/Documents/inf/dipl/repo/src/benchmark/image_contours/6/*.jpg"
                ], 
                "key": "set6"
            }, 
            {
                "query_image": "/home/laeroth/Downloads/benchmark/sketches/7.png", 
                "source_images": [
                    "/home/laeroth/Documents/inf/dipl/repo/src/benchmark/image_contours/7/*.jpg"
                ], 
                "key": "set7"
            }, 
            {
                "query_image": "/home/laeroth/Downloads/benchmark/sketches/8.png", 
                "source_images": [
                    "/home/laeroth/Documents/inf/dipl/repo/src/benchmark/image_contours/8/*.jpg"
                ], 
                "key": "set8"
            }, 
            {
                "query_image": "/home/laeroth/Downloads/benchmark/sketches/9.png", 
                "source_images": [
                    "/home/laeroth/Documents/inf/dipl/repo/src/benchmark/image_contours/9/*.jpg"
                ], 
                "key": "set9"
            }, 
            {
                "query_image": "/home/laeroth/Downloads/benchmark/sketches/10.png", 
                "source_images": [
                    "/home/laeroth/Documents/inf/dipl/repo/src/benchmark/image_contours/10/*.jpg"
                ], 
                "key": "set10"
            }, 
            {
                "query_image": "/home/laeroth/Downloads/benchmark/sketches/11.png", 
                "source_images": [
                    "/home/laeroth/Documents/inf/dipl/repo/src/benchmark/image_contours/11/*.jpg"
                ], 
                "key": "set11"
            }, 
            {
                "query_image": "/home/laeroth/Downloads/benchmark/sketches/12.png", 
                "source_images": [
                    "/home/laeroth/Documents/inf/dipl/repo/src/benchmark/image_contours/12/*.jpg"
                ], 
                "key": "set12"
            }, 
            {
                "query_image": "/home/laeroth/Downloads/benchmark/sketches/13.png", 
                "source_images": [
                    "/home/laeroth/Documents/inf/dipl/repo/src/benchmark/image_contours/13/*.jpg"
                ], 
                "key": "set13"
            }, 
            {
                "query_image": "/home/laeroth/Downloads/benchmark/sketches/14.png", 
                "source_images": [
                    "/home/laeroth/Documents/inf/dipl/repo/src/benchmark/image_contours/14/*.jpg"
                ], 
                "key": "set14"
            }, 
            {
                "query_image": "/home/laeroth/Downloads/benchmark/sketches/20.png", 
                "source_images": [
                    "/home/laeroth/Documents/inf/dipl/repo/src/benchmark/image_contours/20/*.jpg"
                ], 
                "key": "set20"
            }, 
            {
                "query_image": "/home/laeroth/Downloads/benchmark/sketches/21.png", 
                "source_images": [
                    "/home/laeroth/Documents/inf/dipl/repo/src/benchmark/image_contours/21/*.jpg"
                ], 
                "key": "set21"
            }, 
            {
                "query_image": "/home/laeroth/Downloads/benchmark/sketches/23.png", 
                "source_images": [
                    "/home/laeroth/Documents/inf/dipl/repo/src/benchmark/image_contours/23/*.jpg"
                ], 
                "key": "set23"
            }, 
            {
                "query_image": "/home/laeroth/Downloads/benchmark/sketches/24.png", 
                "source_images": [
                    "/home/laeroth/Documents/inf/dipl/repo/src/benchmark/image_contours/24/*.jpg"
                ], 
                "key": "set24"
            }, 
            {
                "query_image": "/home/laeroth/Downloads/benchmark/sketches/25.png", 
                "source_images": [
                    "/home/laeroth/Documents/inf/dipl/repo/src/benchmark/image_contours/25/*.jpg"
                ],