{
    "duration": 1440.545981, 
    "correlations": {
        "/home/laeroth/Downloads/benchmark/sketches/42.png": -0.14838907324951836, 
        "/home/laeroth/Downloads/benchmark/sketches/21.png": 0.32600286011473623, 
        "/home/laeroth/Downloads/benchmark/sketches/48.png": 0.023226289834162916, 
        "/home/laeroth/Downloads/benchmark/sketches/23.png": 0.36656138047749665, 
        "/home/laeroth/Downloads/benchmark/sketches/26.png": 0.31534244911691439, 
        "/home/laeroth/Downloads/benchmark/sketches/43.png": 0.25000020758076652, 
        "/home/laeroth/Downloads/benchmark/sketches/4.png": 0.1683950538615184, 
        "/home/laeroth/Downloads/benchmark/sketches/0.png": 0.20592116431903801, 
        "/home/laeroth/Downloads/benchmark/sketches/11.png": 0.45254188280855667, 
        "/home/laeroth/Downloads/benchmark/sketches/25.png": 0.36265342922358607, 
        "/home/laeroth/Downloads/benchmark/sketches/27.png": 0.44319882474301137, 
        "/home/laeroth/Downloads/benchmark/sketches/33.png": 0.16540187307235721, 
        "/home/laeroth/Downloads/benchmark/sketches/30.png": -0.02142830451596554, 
        "/home/laeroth/Downloads/benchmark/sketches/6.png": 0.018597611755055695, 
        "/home/laeroth/Downloads/benchmark/sketches/2.png": 0.17921813774374298, 
        "/home/laeroth/Downloads/benchmark/sketches/1.png": 0.091436859309518961, 
        "/home/laeroth/Downloads/benchmark/sketches/38.png": 0.055592036471476307, 
        "/home/laeroth/Downloads/benchmark/sketches/9.png": 0.3006628425210755, 
        "/home/laeroth/Downloads/benchmark/sketches/14.png": 0.21615548519993039, 
        "/home/laeroth/Downloads/benchmark/sketches/13.png": 0.48064387392282659, 
        "/home/laeroth/Downloads/benchmark/sketches/28.png": 0.27232217212760124, 
        "/home/laeroth/Downloads/benchmark/sketches/34.png": 0.16854352051534022, 
        "/home/laeroth/Downloads/benchmark/sketches/7.png": 0.37209302325581384, 
        "/home/laeroth/Downloads/benchmark/sketches/8.png": -0.0038809864299373356, 
        "/home/laeroth/Downloads/benchmark/sketches/20.png": 0.11749577027806285, 
        "/home/laeroth/Downloads/benchmark/sketches/24.png": -0.12749914710328467, 
        "/home/laeroth/Downloads/benchmark/sketches/10.png": 0.10744356824771956, 
        "/home/laeroth/Downloads/benchmark/sketches/12.png": -0.052870006810481332, 
        "/home/laeroth/Downloads/benchmark/sketches/46.png": 0.26415368293386493, 
        "/home/laeroth/Downloads/benchmark/sketches/47.png": 0.1288676914197503, 
        "/home/laeroth/Downloads/benchmark/sketches/45.png": 0.089554520425061568
    }, 
    "config": {
        "images": [
            {
                "query_image": "/home/laeroth/Downloads/benchmark/sketches/0.png", 
                "source_images": [
                    "/home/laeroth/Downloads/benchmark/images/0/*.jpg"
                ], 
                "key": "set0"
            }, 
            {
                "query_image": "/home/laeroth/Downloads/benchmark/sketches/1.png", 
                "source_images": [
                    "/home/laeroth/Downloads/benchmark/images/1/*.jpg"
                ], 
                "key": "set1"
            }, 
            {
                "query_image": "/home/laeroth/Downloads/benchmark/sketches/2.png", 
                "source_images": [
                    "/home/laeroth/Downloads/benchmark/images/2/*.jpg"
                ], 
                "key": "set2"
            }, 
            {
                "query_image": "/home/laeroth/Downloads/benchmark/sketches/4.png", 
                "source_images": [
                    "/home/laeroth/Downloads/benchmark/images/4/*.jpg"
                ], 
                "key": "set4"
            }, 
            {
                "query_image": "/home/laeroth/Downloads/benchmark/sketches/6.png", 
                "source_images": [
                    "/home/laeroth/Downloads/benchmark/images/6/*.jpg"
                ], 
                "key": "set6"
            }, 
            {
                "query_image": "/home/laeroth/Downloads/benchmark/sketches/7.png", 
                "source_images": [
                    "/home/laeroth/Downloads/benchmark/images/7/*.jpg"
                ], 
                "key": "set7"
            }, 
            {
                "query_image": "/home/laeroth/Downloads/benchmark/sketches/8.png", 
                "source_images": [
                    "/home/laeroth/Downloads/benchmark/images/8/*.jpg"
                ], 
                "key": "set8"
            }, 
            {
                "query_image": "/home/laeroth/Downloads/benchmark/sketches/9.png", 
                "source_images": [
                    "/home/laeroth/Downloads/benchmark/images/9/*.jpg"
                ], 
                "key": "set9"
            }, 
            {
                "query_image": "/home/laeroth/Downloads/benchmark/sketches/10.png", 
                "source_images": [
                    "/home/laeroth/Downloads/benchmark/images/10/*.jpg"
                ], 
                "key": "set10"
            }, 
            {
                "query_image": "/home/laeroth/Downloads/benchmark/sketches/11.png", 
                "source_images": [
                    "/home/laeroth/Downloads/benchmark/images/11/*.jpg"
                ], 
                "key": "set11"
            }, 
            {
                "query_image": "/home/laeroth/Downloads/benchmark/sketches/12.png", 
                "source_images": [
                    "/home/laeroth/Downloads/benchmark/images/12/*.jpg"
                ], 
                "key": "set12"
            }, 
            {
                "query_image": "/home/laeroth/Downloads/benchmark/sketches/13.png", 
                "source_images": [
                    "/home/laeroth/Downloads/benchmark/images/13/*.jpg"
                ], 
                "key": "set13"
            }, 
            {
                "query_image": "/home/laeroth/Downloads/benchmark/sketches/14.png", 
                "source_images": [
                    "/home/laeroth/Downloads/benchmark/images/14/*.jpg"
                ], 
                "key": "set14"
            }, 
            {
                "query_image": "/home/laeroth/Downloads/benchmark/sketches/20.png", 
                "source_images": [
                    "/home/laeroth/Downloads/benchmark/images/20/*.jpg"
                ], 
                "key": "set20"
            }, 
            {
                "query_image": "/home/laeroth/Downloads/benchmark/sketches/21.png", 
                "source_images": [
                    "/home/laeroth/Downloads/benchmark/images/21/*.jpg"
                ], 
                "key": "set21"
            }, 
            {
                "query_image": "/home/laeroth/Downloads/benchmark/sketches/23.png", 
                "source_images": [
                    "/home/laeroth/Downloads/benchmark/images/23/*.jpg"
                ], 
                "key": "set23"
            }, 
            {
                "query_image": "/home/laeroth/Downloads/benchmark/sketches/24.png", 
                "source_images": [
                    "/home/laeroth/Downloads/benchmark/images/24/*.jpg"
                ], 
                "key": "set24"
            }, 
            {
                "query_image": "/home/laeroth/Downloads/benchmark/sketches/25.png", 
                "source_images": [
                    "/home/laeroth/Downloads/benchmark/images/25/*.jpg"
                ], 
                "key": "set25"
            }, 
            {
                "query_image": "/home/laeroth/Downloads/benchmark/sketches/26.png", 
                "source_images": [
                    "/home/laeroth/Downloads/benchmark/images/26/*.jpg"
                ], 
                "key": "set26"
            }, 
            {
                "query_image": "/home/laeroth/Downloads/benchmark/sketches/27.png",