{
    "duration": 636.056061, 
    "correlations": {
        "/home/laeroth/Downloads/benchmark/sketches/42.png": -0.069723113487491994, 
        "/home/laeroth/Downloads/benchmark/sketches/21.png": -0.072165907195060164, 
        "/home/laeroth/Downloads/benchmark/sketches/48.png": -0.31742596106689319, 
        "/home/laeroth/Downloads/benchmark/sketches/23.png": -0.049032258064516117, 
        "/home/laeroth/Downloads/benchmark/sketches/26.png": 0.088860436241981075, 
        "/home/laeroth/Downloads/benchmark/sketches/43.png": 0.13522240297692772, 
        "/home/laeroth/Downloads/benchmark/sketches/4.png": 0.26804145967422388, 
        "/home/laeroth/Downloads/benchmark/sketches/0.png": 0.0051613075090650639, 
        "/home/laeroth/Downloads/benchmark/sketches/11.png": 0.20129099285353749, 
        "/home/laeroth/Downloads/benchmark/sketches/25.png": -0.089205378665275573, 
        "/home/laeroth/Downloads/benchmark/sketches/27.png": 0.20760838320178529, 
        "/home/laeroth/Downloads/benchmark/sketches/33.png": 0.19870967741935477, 
        "/home/laeroth/Downloads/benchmark/sketches/30.png": -0.018088232720502782, 
        "/home/laeroth/Downloads/benchmark/sketches/6.png": -0.042608569353467331, 
        "/home/laeroth/Downloads/benchmark/sketches/2.png": 0.092664783359883623, 
        "/home/laeroth/Downloads/benchmark/sketches/1.png": 0.051546776957837943, 
        "/home/laeroth/Downloads/benchmark/sketches/38.png": 0.10213420654061926, 
        "/home/laeroth/Downloads/benchmark/sketches/9.png": 0.083925969938647774, 
        "/home/laeroth/Downloads/benchmark/sketches/14.png": 0.039820240903987308, 
        "/home/laeroth/Downloads/benchmark/sketches/13.png": 0.17084167871710684, 
        "/home/laeroth/Downloads/benchmark/sketches/28.png": -0.11871125859961469, 
        "/home/laeroth/Downloads/benchmark/sketches/34.png": -0.091201046427379348, 
        "/home/laeroth/Downloads/benchmark/sketches/7.png": -0.14967754395638394, 
        "/home/laeroth/Downloads/benchmark/sketches/8.png": -0.14709787628374282, 
        "/home/laeroth/Downloads/benchmark/sketches/20.png": 0.14073669187152582, 
        "/home/laeroth/Downloads/benchmark/sketches/24.png": -0.16104765333780965, 
        "/home/laeroth/Downloads/benchmark/sketches/10.png": 0.16774416976032511, 
        "/home/laeroth/Downloads/benchmark/sketches/12.png": -0.10852794700104121, 
        "/home/laeroth/Downloads/benchmark/sketches/46.png": 0.0090497907721794318, 
        "/home/laeroth/Downloads/benchmark/sketches/47.png": 0.1651625277571849, 
        "/home/laeroth/Downloads/benchmark/sketches/45.png": 0.17408127409352014
    }, 
    "config": {
        "images": [
            {
                "query_image": "/home/laeroth/Downloads/benchmark/sketches/0.png", 
                "source_images": [
                    "/home/laeroth/Downloads/benchmark/images/0/*.jpg"
                ], 
                "key": "set0"
            }, 
            {
                "query_image": "/home/laeroth/Downloads/benchmark/sketches/1.png", 
                "source_images": [
                    "/home/laeroth/Downloads/benchmark/images/1/*.jpg"
                ], 
                "key": "set1"
            }, 
            {
                "query_image": "/home/laeroth/Downloads/benchmark/sketches/2.png", 
                "source_images": [
                    "/home/laeroth/Downloads/benchmark/images/2/*.jpg"
                ], 
                "key": "set2"
            }, 
            {
                "query_image": "/home/laeroth/Downloads/benchmark/sketches/4.png", 
                "source_images": [
                    "/home/laeroth/Downloads/benchmark/images/4/*.jpg"
                ], 
                "key": "set4"
            }, 
            {
                "query_image": "/home/laeroth/Downloads/benchmark/sketches/6.png", 
                "source_images": [
                    "/home/laeroth/Downloads/benchmark/images/6/*.jpg"
                ], 
                "key": "set6"
            }, 
            {
                "query_image": "/home/laeroth/Downloads/benchmark/sketches/7.png", 
                "source_images": [
                    "/home/laeroth/Downloads/benchmark/images/7/*.jpg"
                ], 
                "key": "set7"
            }, 
            {
                "query_image": "/home/laeroth/Downloads/benchmark/sketches/8.png", 
                "source_images": [
                    "/home/laeroth/Downloads/benchmark/images/8/*.jpg"
                ], 
                "key": "set8"
            }, 
            {
                "query_image": "/home/laeroth/Downloads/benchmark/sketches/9.png", 
                "source_images": [
                    "/home/laeroth/Downloads/benchmark/images/9/*.jpg"
                ], 
                "key": "set9"
            }, 
            {
                "query_image": "/home/laeroth/Downloads/benchmark/sketches/10.png", 
                "source_images": [
                    "/home/laeroth/Downloads/benchmark/images/10/*.jpg"
                ], 
                "key": "set10"
            }, 
            {
                "query_image": "/home/laeroth/Downloads/benchmark/sketches/11.png", 
                "source_images": [
                    "/home/laeroth/Downloads/benchmark/images/11/*.jpg"
                ], 
                "key": "set11"
            }, 
            {
                "query_image": "/home/laeroth/Downloads/benchmark/sketches/12.png", 
                "source_images": [
                    "/home/laeroth/Downloads/benchmark/images/12/*.jpg"
                ], 
                "key": "set12"
            }, 
            {
                "query_image": "/home/laeroth/Downloads/benchmark/sketches/13.png", 
                "source_images": [
                    "/home/laeroth/Downloads/benchmark/images/13/*.jpg"
                ], 
                "key": "set13"
            }, 
            {
                "query_image": "/home/laeroth/Downloads/benchmark/sketches/14.png", 
                "source_images": [
                    "/home/laeroth/Downloads/benchmark/images/14/*.jpg"
                ], 
                "key": "set14"
            }, 
            {
                "query_image": "/home/laeroth/Downloads/benchmark/sketches/20.png", 
                "source_images": [
                    "/home/laeroth/Downloads/benchmark/images/20/*.jpg"
                ], 
                "key": "set20"
            }, 
            {
                "query_image": "/home/laeroth/Downloads/benchmark/sketches/21.png", 
                "source_images": [
                    "/home/laeroth/Downloads/benchmark/images/21/*.jpg"
                ], 
                "key": "set21"
            }, 
            {
                "query_image": "/home/laeroth/Downloads/benchmark/sketches/23.png", 
                "source_images": [
                    "/home/laeroth/Downloads/benchmark/images/23/*.jpg"
                ], 
                "key": "set23"
            }, 
            {
                "query_image": "/home/laeroth/Downloads/benchmark/sketches/24.png", 
                "source_images": [
                    "/home/laeroth/Downloads/benchmark/images/24/*.jpg"
                ], 
                "key": "set24"
            }, 
            {
                "query_image": "/home/laeroth/Downloads/benchmark/sketches/25.png", 
                "source_images": [
                    "/home/laeroth/Downloads/benchmark/images/25/*.jpg"
                ], 
                "key": "set25"
            }, 
            {
                "query_image": "/home/laeroth/Downloads/benchmark/sketches/26.png", 
                "source_images": [
                    "/home/laeroth/Downloads/benchmark/images/26/*.jpg"
                ], 
                "key": "set26"
            }, 
            {
                "query_image": "/home/laeroth/Downloads/benchmark/sketches/27.png",