{
    "duration": 1479.278041, 
    "correlations": {
        "/home/laeroth/Downloads/benchmark/sketches/42.png": -0.043195530400595615, 
        "/home/laeroth/Downloads/benchmark/sketches/21.png": 0.10663280102920278, 
        "/home/laeroth/Downloads/benchmark/sketches/48.png": 0.21011690825245621, 
        "/home/laeroth/Downloads/benchmark/sketches/23.png": 0.25097108582681626, 
        "/home/laeroth/Downloads/benchmark/sketches/26.png": 0.29567469040704747, 
        "/home/laeroth/Downloads/benchmark/sketches/43.png": 0.22942556245910667, 
        "/home/laeroth/Downloads/benchmark/sketches/4.png": 0.34349024887945345, 
        "/home/laeroth/Downloads/benchmark/sketches/0.png": 0.34152652005174627, 
        "/home/laeroth/Downloads/benchmark/sketches/11.png": 0.3948220891742083, 
        "/home/laeroth/Downloads/benchmark/sketches/25.png": 0.37971519838420364, 
        "/home/laeroth/Downloads/benchmark/sketches/27.png": 0.32944477670131522, 
        "/home/laeroth/Downloads/benchmark/sketches/33.png": 0.086569010323481771, 
        "/home/laeroth/Downloads/benchmark/sketches/30.png": -0.0078380962969788678, 
        "/home/laeroth/Downloads/benchmark/sketches/6.png": 0.018181833514792696, 
        "/home/laeroth/Downloads/benchmark/sketches/2.png": 0.11506143321821147, 
        "/home/laeroth/Downloads/benchmark/sketches/1.png": 0.14590085465266595, 
        "/home/laeroth/Downloads/benchmark/sketches/38.png": 0.22886885410853175, 
        "/home/laeroth/Downloads/benchmark/sketches/9.png": 0.24431495410779056, 
        "/home/laeroth/Downloads/benchmark/sketches/14.png": 0.33376902237389955, 
        "/home/laeroth/Downloads/benchmark/sketches/13.png": 0.46511977286160516, 
        "/home/laeroth/Downloads/benchmark/sketches/28.png": 0.40649384929500815, 
        "/home/laeroth/Downloads/benchmark/sketches/34.png": 0.19380249343395839, 
        "/home/laeroth/Downloads/benchmark/sketches/7.png": 0.33700760216464171, 
        "/home/laeroth/Downloads/benchmark/sketches/8.png": 0.12727315659764296, 
        "/home/laeroth/Downloads/benchmark/sketches/20.png": 0.1276058974441574, 
        "/home/laeroth/Downloads/benchmark/sketches/24.png": -0.17026882892929215, 
        "/home/laeroth/Downloads/benchmark/sketches/10.png": 0.4854378083481305, 
        "/home/laeroth/Downloads/benchmark/sketches/12.png": 0.018170023293660343, 
        "/home/laeroth/Downloads/benchmark/sketches/46.png": 0.070130106696660408, 
        "/home/laeroth/Downloads/benchmark/sketches/47.png": 0.066105004161333039, 
        "/home/laeroth/Downloads/benchmark/sketches/45.png": -0.0206987328558925
    }, 
    "config": {
        "images": [
            {
                "query_image": "/home/laeroth/Downloads/benchmark/sketches/0.png", 
                "source_images": [
                    "/home/laeroth/Downloads/benchmark/images/0/*.jpg"
                ], 
                "key": "set0"
            }, 
            {
                "query_image": "/home/laeroth/Downloads/benchmark/sketches/1.png", 
                "source_images": [
                    "/home/laeroth/Downloads/benchmark/images/1/*.jpg"
                ], 
                "key": "set1"
            }, 
            {
                "query_image": "/home/laeroth/Downloads/benchmark/sketches/2.png", 
                "source_images": [
                    "/home/laeroth/Downloads/benchmark/images/2/*.jpg"
                ], 
                "key": "set2"
            }, 
            {
                "query_image": "/home/laeroth/Downloads/benchmark/sketches/4.png", 
                "source_images": [
                    "/home/laeroth/Downloads/benchmark/images/4/*.jpg"
                ], 
                "key": "set4"
            }, 
            {
                "query_image": "/home/laeroth/Downloads/benchmark/sketches/6.png", 
                "source_images": [
                    "/home/laeroth/Downloads/benchmark/images/6/*.jpg"
                ], 
                "key": "set6"
            }, 
            {
                "query_image": "/home/laeroth/Downloads/benchmark/sketches/7.png", 
                "source_images": [
                    "/home/laeroth/Downloads/benchmark/images/7/*.jpg"
                ], 
                "key": "set7"
            }, 
            {
                "query_image": "/home/laeroth/Downloads/benchmark/sketches/8.png", 
                "source_images": [
                    "/home/laeroth/Downloads/benchmark/images/8/*.jpg"
                ], 
                "key": "set8"
            }, 
            {
                "query_image": "/home/laeroth/Downloads/benchmark/sketches/9.png", 
                "source_images": [
                    "/home/laeroth/Downloads/benchmark/images/9/*.jpg"
                ], 
                "key": "set9"
            }, 
            {
                "query_image": "/home/laeroth/Downloads/benchmark/sketches/10.png", 
                "source_images": [
                    "/home/laeroth/Downloads/benchmark/images/10/*.jpg"
                ], 
                "key": "set10"
            }, 
            {
                "query_image": "/home/laeroth/Downloads/benchmark/sketches/11.png", 
                "source_images": [
                    "/home/laeroth/Downloads/benchmark/images/11/*.jpg"
                ], 
                "key": "set11"
            }, 
            {
                "query_image": "/home/laeroth/Downloads/benchmark/sketches/12.png", 
                "source_images": [
                    "/home/laeroth/Downloads/benchmark/images/12/*.jpg"
                ], 
                "key": "set12"
            }, 
            {
                "query_image": "/home/laeroth/Downloads/benchmark/sketches/13.png", 
                "source_images": [
                    "/home/laeroth/Downloads/benchmark/images/13/*.jpg"
                ], 
                "key": "set13"
            }, 
            {
                "query_image": "/home/laeroth/Downloads/benchmark/sketches/14.png", 
                "source_images": [
                    "/home/laeroth/Downloads/benchmark/images/14/*.jpg"
                ], 
                "key": "set14"
            }, 
            {
                "query_image": "/home/laeroth/Downloads/benchmark/sketches/20.png", 
                "source_images": [
                    "/home/laeroth/Downloads/benchmark/images/20/*.jpg"
                ], 
                "key": "set20"
            }, 
            {
                "query_image": "/home/laeroth/Downloads/benchmark/sketches/21.png", 
                "source_images": [
                    "/home/laeroth/Downloads/benchmark/images/21/*.jpg"
                ], 
                "key": "set21"
            }, 
            {
                "query_image": "/home/laeroth/Downloads/benchmark/sketches/23.png", 
                "source_images": [
                    "/home/laeroth/Downloads/benchmark/images/23/*.jpg"
                ], 
                "key": "set23"
            }, 
            {
                "query_image": "/home/laeroth/Downloads/benchmark/sketches/24.png", 
                "source_images": [
                    "/home/laeroth/Downloads/benchmark/images/24/*.jpg"
                ], 
                "key": "set24"
            }, 
            {
                "query_image": "/home/laeroth/Downloads/benchmark/sketches/25.png", 
                "source_images": [
                    "/home/laeroth/Downloads/benchmark/images/25/*.jpg"
                ], 
                "key": "set25"
            }, 
            {
                "query_image": "/home/laeroth/Downloads/benchmark/sketches/26.png", 
                "source_images": [
                    "/home/laeroth/Downloads/benchmark/images/26/*.jpg"
                ], 
                "key": "set26"
            }, 
            {
                "query_image": "/home/laeroth/Downloads/benchmark/sketches/27.png",