{
    "duration": 1176.089719, 
    "correlations": {
        "/home/laeroth/Downloads/benchmark/sketches/42.png": 0.051933090529271468, 
        "/home/laeroth/Downloads/benchmark/sketches/21.png": 0.12652395297186672, 
        "/home/laeroth/Downloads/benchmark/sketches/48.png": 0.17223174268145003, 
        "/home/laeroth/Downloads/benchmark/sketches/23.png": 0.44406699686515294, 
        "/home/laeroth/Downloads/benchmark/sketches/26.png": 0.36971818921024269, 
        "/home/laeroth/Downloads/benchmark/sketches/43.png": 0.26816871380101887, 
        "/home/laeroth/Downloads/benchmark/sketches/4.png": 0.13210732773414094, 
        "/home/laeroth/Downloads/benchmark/sketches/0.png": 0.25151396621160327, 
        "/home/laeroth/Downloads/benchmark/sketches/11.png": 0.41554013372527798, 
        "/home/laeroth/Downloads/benchmark/sketches/25.png": 0.31840253378722411, 
        "/home/laeroth/Downloads/benchmark/sketches/27.png": 0.30511549095568363, 
        "/home/laeroth/Downloads/benchmark/sketches/33.png": -0.10962060772864501, 
        "/home/laeroth/Downloads/benchmark/sketches/30.png": 0.011013857100529639, 
        "/home/laeroth/Downloads/benchmark/sketches/6.png": 0.067835839345847068, 
        "/home/laeroth/Downloads/benchmark/sketches/2.png": 0.25275084579416424, 
        "/home/laeroth/Downloads/benchmark/sketches/1.png": 0.078476464449863531, 
        "/home/laeroth/Downloads/benchmark/sketches/38.png": 0.18929752824826088, 
        "/home/laeroth/Downloads/benchmark/sketches/9.png": 0.13986633706769355, 
        "/home/laeroth/Downloads/benchmark/sketches/14.png": 0.23199097947120897, 
        "/home/laeroth/Downloads/benchmark/sketches/13.png": 0.54017457874801866, 
        "/home/laeroth/Downloads/benchmark/sketches/28.png": 0.11983610198996886, 
        "/home/laeroth/Downloads/benchmark/sketches/34.png": 0.00182837661907758, 
        "/home/laeroth/Downloads/benchmark/sketches/7.png": 0.35249390152143378, 
        "/home/laeroth/Downloads/benchmark/sketches/8.png": -0.076367715398428196, 
        "/home/laeroth/Downloads/benchmark/sketches/20.png": 0.22260577742327145, 
        "/home/laeroth/Downloads/benchmark/sketches/24.png": -0.11550793150134772, 
        "/home/laeroth/Downloads/benchmark/sketches/10.png": 0.29993766115939613, 
        "/home/laeroth/Downloads/benchmark/sketches/12.png": 0.19062176986639517, 
        "/home/laeroth/Downloads/benchmark/sketches/46.png": 0.12725826980784211, 
        "/home/laeroth/Downloads/benchmark/sketches/47.png": 0.093579800037012453, 
        "/home/laeroth/Downloads/benchmark/sketches/45.png": 0.11730974855188725
    }, 
    "config": {
        "images": [
            {
                "query_image": "/home/laeroth/Downloads/benchmark/sketches/0.png", 
                "source_images": [
                    "/home/laeroth/Downloads/benchmark/images/0/*.jpg"
                ], 
                "key": "set0"
            }, 
            {
                "query_image": "/home/laeroth/Downloads/benchmark/sketches/1.png", 
                "source_images": [
                    "/home/laeroth/Downloads/benchmark/images/1/*.jpg"
                ], 
                "key": "set1"
            }, 
            {
                "query_image": "/home/laeroth/Downloads/benchmark/sketches/2.png", 
                "source_images": [
                    "/home/laeroth/Downloads/benchmark/images/2/*.jpg"
                ], 
                "key": "set2"
            }, 
            {
                "query_image": "/home/laeroth/Downloads/benchmark/sketches/4.png", 
                "source_images": [
                    "/home/laeroth/Downloads/benchmark/images/4/*.jpg"
                ], 
                "key": "set4"
            }, 
            {
                "query_image": "/home/laeroth/Downloads/benchmark/sketches/6.png", 
                "source_images": [
                    "/home/laeroth/Downloads/benchmark/images/6/*.jpg"
                ], 
                "key": "set6"
            }, 
            {
                "query_image": "/home/laeroth/Downloads/benchmark/sketches/7.png", 
                "source_images": [
                    "/home/laeroth/Downloads/benchmark/images/7/*.jpg"
                ], 
                "key": "set7"
            }, 
            {
                "query_image": "/home/laeroth/Downloads/benchmark/sketches/8.png", 
                "source_images": [
                    "/home/laeroth/Downloads/benchmark/images/8/*.jpg"
                ], 
                "key": "set8"
            }, 
            {
                "query_image": "/home/laeroth/Downloads/benchmark/sketches/9.png", 
                "source_images": [
                    "/home/laeroth/Downloads/benchmark/images/9/*.jpg"
                ], 
                "key": "set9"
            }, 
            {
                "query_image": "/home/laeroth/Downloads/benchmark/sketches/10.png", 
                "source_images": [
                    "/home/laeroth/Downloads/benchmark/images/10/*.jpg"
                ], 
                "key": "set10"
            }, 
            {
                "query_image": "/home/laeroth/Downloads/benchmark/sketches/11.png", 
                "source_images": [
                    "/home/laeroth/Downloads/benchmark/images/11/*.jpg"
                ], 
                "key": "set11"
            }, 
            {
                "query_image": "/home/laeroth/Downloads/benchmark/sketches/12.png", 
                "source_images": [
                    "/home/laeroth/Downloads/benchmark/images/12/*.jpg"
                ], 
                "key": "set12"
            }, 
            {
                "query_image": "/home/laeroth/Downloads/benchmark/sketches/13.png", 
                "source_images": [
                    "/home/laeroth/Downloads/benchmark/images/13/*.jpg"
                ], 
                "key": "set13"
            }, 
            {
                "query_image": "/home/laeroth/Downloads/benchmark/sketches/14.png", 
                "source_images": [
                    "/home/laeroth/Downloads/benchmark/images/14/*.jpg"
                ], 
                "key": "set14"
            }, 
            {
                "query_image": "/home/laeroth/Downloads/benchmark/sketches/20.png", 
                "source_images": [
                    "/home/laeroth/Downloads/benchmark/images/20/*.jpg"
                ], 
                "key": "set20"
            }, 
            {
                "query_image": "/home/laeroth/Downloads/benchmark/sketches/21.png", 
                "source_images": [
                    "/home/laeroth/Downloads/benchmark/images/21/*.jpg"
                ], 
                "key": "set21"
            }, 
            {
                "query_image": "/home/laeroth/Downloads/benchmark/sketches/23.png", 
                "source_images": [
                    "/home/laeroth/Downloads/benchmark/images/23/*.jpg"
                ], 
                "key": "set23"
            }, 
            {
                "query_image": "/home/laeroth/Downloads/benchmark/sketches/24.png", 
                "source_images": [
                    "/home/laeroth/Downloads/benchmark/images/24/*.jpg"
                ], 
                "key": "set24"
            }, 
            {
                "query_image": "/home/laeroth/Downloads/benchmark/sketches/25.png", 
                "source_images": [
                    "/home/laeroth/Downloads/benchmark/images/25/*.jpg"
                ], 
                "key": "set25"
            }, 
            {
                "query_image": "/home/laeroth/Downloads/benchmark/sketches/26.png", 
                "source_images": [
                    "/home/laeroth/Downloads/benchmark/images/26/*.jpg"
                ], 
                "key": "set26"
            }, 
            {
                "query_image": "/home/laeroth/Downloads/benchmark/sketches/27.png",