{
    "duration": 55.047529, 
    "correlations": {
        "/home/laeroth/Downloads/benchmark/sketches/42.png": -0.14838907324951836, 
        "/home/laeroth/Downloads/benchmark/sketches/21.png": 0.29271735903494223, 
        "/home/laeroth/Downloads/benchmark/sketches/48.png": 0.11097005142988949, 
        "/home/laeroth/Downloads/benchmark/sketches/23.png": 0.52604773549226713, 
        "/home/laeroth/Downloads/benchmark/sketches/26.png": 0.19678558320370873, 
        "/home/laeroth/Downloads/benchmark/sketches/43.png": 0.12990420852009529, 
        "/home/laeroth/Downloads/benchmark/sketches/4.png": -0.097812421840209274, 
        "/home/laeroth/Downloads/benchmark/sketches/0.png": 0.088861173131786028, 
        "/home/laeroth/Downloads/benchmark/sketches/11.png": 0.081134114598587243, 
        "/home/laeroth/Downloads/benchmark/sketches/25.png": -0.0051679974762400575, 
        "/home/laeroth/Downloads/benchmark/sketches/27.png": 0.050225630562788774, 
        "/home/laeroth/Downloads/benchmark/sketches/33.png": -0.1376212902143584, 
        "/home/laeroth/Downloads/benchmark/sketches/30.png": 0.30749995624854731, 
        "/home/laeroth/Downloads/benchmark/sketches/6.png": 0.040026231816893555, 
        "/home/laeroth/Downloads/benchmark/sketches/2.png": 0.24371418897600883, 
        "/home/laeroth/Downloads/benchmark/sketches/1.png": -0.13779921050871166, 
        "/home/laeroth/Downloads/benchmark/sketches/38.png": -0.085163062725264027, 
        "/home/laeroth/Downloads/benchmark/sketches/9.png": 0.20761149015823155, 
        "/home/laeroth/Downloads/benchmark/sketches/14.png": 0.28131073412816843, 
        "/home/laeroth/Downloads/benchmark/sketches/13.png": 0.34810597693485679, 
        "/home/laeroth/Downloads/benchmark/sketches/28.png": 0.40000532789000603, 
        "/home/laeroth/Downloads/benchmark/sketches/34.png": 0.37275095058774438, 
        "/home/laeroth/Downloads/benchmark/sketches/7.png": 0.338501291989664, 
        "/home/laeroth/Downloads/benchmark/sketches/8.png": -0.085052676337035185, 
        "/home/laeroth/Downloads/benchmark/sketches/20.png": 0.19404932149686679, 
        "/home/laeroth/Downloads/benchmark/sketches/24.png": 0.22713906524438021, 
        "/home/laeroth/Downloads/benchmark/sketches/10.png": 0.26322931254697168, 
        "/home/laeroth/Downloads/benchmark/sketches/12.png": 0.15861002043144398, 
        "/home/laeroth/Downloads/benchmark/sketches/46.png": -0.10567150696419524, 
        "/home/laeroth/Downloads/benchmark/sketches/47.png": 0.043815015082715097, 
        "/home/laeroth/Downloads/benchmark/sketches/45.png": 0.13419366009882697
    }, 
    "config": {
        "images": [
            {
                "query_image": "/home/laeroth/Downloads/benchmark/sketches/0.png", 
                "source_images": [
                    "/home/laeroth/Documents/inf/dipl/repo/src/benchmark/image_contours/0/*.jpg"
                ], 
                "key": "set0"
            }, 
            {
                "query_image": "/home/laeroth/Downloads/benchmark/sketches/1.png", 
                "source_images": [
                    "/home/laeroth/Documents/inf/dipl/repo/src/benchmark/image_contours/1/*.jpg"
                ], 
                "key": "set1"
            }, 
            {
                "query_image": "/home/laeroth/Downloads/benchmark/sketches/2.png", 
                "source_images": [
                    "/home/laeroth/Documents/inf/dipl/repo/src/benchmark/image_contours/2/*.jpg"
                ], 
                "key": "set2"
            }, 
            {
                "query_image": "/home/laeroth/Downloads/benchmark/sketches/4.png", 
                "source_images": [
                    "/home/laeroth/Documents/inf/dipl/repo/src/benchmark/image_contours/4/*.jpg"
                ], 
                "key": "set4"
            }, 
            {
                "query_image": "/home/laeroth/Downloads/benchmark/sketches/6.png", 
                "source_images": [
                    "/home/laeroth/Documents/inf/dipl/repo/src/benchmark/image_contours/6/*.jpg"
                ], 
                "key": "set6"
            }, 
            {
                "query_image": "/home/laeroth/Downloads/benchmark/sketches/7.png", 
                "source_images": [
                    "/home/laeroth/Documents/inf/dipl/repo/src/benchmark/image_contours/7/*.jpg"
                ], 
                "key": "set7"
            }, 
            {
                "query_image": "/home/laeroth/Downloads/benchmark/sketches/8.png", 
                "source_images": [
                    "/home/laeroth/Documents/inf/dipl/repo/src/benchmark/image_contours/8/*.jpg"
                ], 
                "key": "set8"
            }, 
            {
                "query_image": "/home/laeroth/Downloads/benchmark/sketches/9.png", 
                "source_images": [
                    "/home/laeroth/Documents/inf/dipl/repo/src/benchmark/image_contours/9/*.jpg"
                ], 
                "key": "set9"
            }, 
            {
                "query_image": "/home/laeroth/Downloads/benchmark/sketches/10.png", 
                "source_images": [
                    "/home/laeroth/Documents/inf/dipl/repo/src/benchmark/image_contours/10/*.jpg"
                ], 
                "key": "set10"
            }, 
            {
                "query_image": "/home/laeroth/Downloads/benchmark/sketches/11.png", 
                "source_images": [
                    "/home/laeroth/Documents/inf/dipl/repo/src/benchmark/image_contours/11/*.jpg"
                ], 
                "key": "set11"
            }, 
            {
                "query_image": "/home/laeroth/Downloads/benchmark/sketches/12.png", 
                "source_images": [
                    "/home/laeroth/Documents/inf/dipl/repo/src/benchmark/image_contours/12/*.jpg"
                ], 
                "key": "set12"
            }, 
            {
                "query_image": "/home/laeroth/Downloads/benchmark/sketches/13.png", 
                "source_images": [
                    "/home/laeroth/Documents/inf/dipl/repo/src/benchmark/image_contours/13/*.jpg"
                ], 
                "key": "set13"
            }, 
            {
                "query_image": "/home/laeroth/Downloads/benchmark/sketches/14.png", 
                "source_images": [
                    "/home/laeroth/Documents/inf/dipl/repo/src/benchmark/image_contours/14/*.jpg"
                ], 
                "key": "set14"
            }, 
            {
                "query_image": "/home/laeroth/Downloads/benchmark/sketches/20.png", 
                "source_images": [
                    "/home/laeroth/Documents/inf/dipl/repo/src/benchmark/image_contours/20/*.jpg"
                ], 
                "key": "set20"
            }, 
            {
                "query_image": "/home/laeroth/Downloads/benchmark/sketches/21.png", 
                "source_images": [
                    "/home/laeroth/Documents/inf/dipl/repo/src/benchmark/image_contours/21/*.jpg"
                ], 
                "key": "set21"
            }, 
            {
                "query_image": "/home/laeroth/Downloads/benchmark/sketches/23.png", 
                "source_images": [
                    "/home/laeroth/Documents/inf/dipl/repo/src/benchmark/image_contours/23/*.jpg"
                ], 
                "key": "set23"
            }, 
            {
                "query_image": "/home/laeroth/Downloads/benchmark/sketches/24.png", 
                "source_images": [
                    "/home/laeroth/Documents/inf/dipl/repo/src/benchmark/image_contours/24/*.jpg"
                ], 
                "key": "set24"
            }, 
            {
                "query_image": "/home/laeroth/Downloads/benchmark/sketches/25.png", 
                "source_images": [
                    "/home/laeroth/Documents/inf/dipl/repo/src/benchmark/image_contours/25/*.jpg"
                ],