{
    "duration": 699.754243, 
    "correlations": {
        "/home/laeroth/Downloads/benchmark/sketches/42.png": -0.19010525304435988, 
        "/home/laeroth/Downloads/benchmark/sketches/21.png": 0.30289717616727674, 
        "/home/laeroth/Downloads/benchmark/sketches/48.png": -0.14082014399056028, 
        "/home/laeroth/Downloads/benchmark/sketches/23.png": 0.34488500347209167, 
        "/home/laeroth/Downloads/benchmark/sketches/26.png": 0.1668773427946417, 
        "/home/laeroth/Downloads/benchmark/sketches/43.png": 0.40087672312772082, 
        "/home/laeroth/Downloads/benchmark/sketches/4.png": 0.41511290115559824, 
        "/home/laeroth/Downloads/benchmark/sketches/0.png": 0.22362402213256899, 
        "/home/laeroth/Downloads/benchmark/sketches/11.png": 0.42635167936711182, 
        "/home/laeroth/Downloads/benchmark/sketches/25.png": 0.25160115712885867, 
        "/home/laeroth/Downloads/benchmark/sketches/27.png": 0.32020730503814698, 
        "/home/laeroth/Downloads/benchmark/sketches/33.png": -0.0053614186522661549, 
        "/home/laeroth/Downloads/benchmark/sketches/30.png": -0.14860045870390612, 
        "/home/laeroth/Downloads/benchmark/sketches/6.png": -0.041823293474534985, 
        "/home/laeroth/Downloads/benchmark/sketches/2.png": 0.015055392832730727, 
        "/home/laeroth/Downloads/benchmark/sketches/1.png": 0.073568372693826475, 
        "/home/laeroth/Downloads/benchmark/sketches/38.png": 0.13049301176436692, 
        "/home/laeroth/Downloads/benchmark/sketches/9.png": 0.25164373905076121, 
        "/home/laeroth/Downloads/benchmark/sketches/14.png": 0.19899180202248504, 
        "/home/laeroth/Downloads/benchmark/sketches/13.png": 0.30613725470778408, 
        "/home/laeroth/Downloads/benchmark/sketches/28.png": 0.37169946426994843, 
        "/home/laeroth/Downloads/benchmark/sketches/34.png": 0.093980627320368965, 
        "/home/laeroth/Downloads/benchmark/sketches/7.png": 0.25259571922325313, 
        "/home/laeroth/Downloads/benchmark/sketches/8.png": -0.28519309356036648, 
        "/home/laeroth/Downloads/benchmark/sketches/20.png": 0.098051950931022189, 
        "/home/laeroth/Downloads/benchmark/sketches/24.png": -0.013173155563676688, 
        "/home/laeroth/Downloads/benchmark/sketches/10.png": 0.15471840753071694, 
        "/home/laeroth/Downloads/benchmark/sketches/12.png": -0.064566288638170821, 
        "/home/laeroth/Downloads/benchmark/sketches/46.png": 0.0018017930275693187, 
        "/home/laeroth/Downloads/benchmark/sketches/47.png": 0.0042646519186973295, 
        "/home/laeroth/Downloads/benchmark/sketches/45.png": 0.20660621188659661
    }, 
    "config": {
        "images": [
            {
                "query_image": "/home/laeroth/Downloads/benchmark/sketches/0.png", 
                "source_images": [
                    "/home/laeroth/Downloads/benchmark/images/0/*.jpg"
                ], 
                "key": "set0"
            }, 
            {
                "query_image": "/home/laeroth/Downloads/benchmark/sketches/1.png", 
                "source_images": [
                    "/home/laeroth/Downloads/benchmark/images/1/*.jpg"
                ], 
                "key": "set1"
            }, 
            {
                "query_image": "/home/laeroth/Downloads/benchmark/sketches/2.png", 
                "source_images": [
                    "/home/laeroth/Downloads/benchmark/images/2/*.jpg"
                ], 
                "key": "set2"
            }, 
            {
                "query_image": "/home/laeroth/Downloads/benchmark/sketches/4.png", 
                "source_images": [
                    "/home/laeroth/Downloads/benchmark/images/4/*.jpg"
                ], 
                "key": "set4"
            }, 
            {
                "query_image": "/home/laeroth/Downloads/benchmark/sketches/6.png", 
                "source_images": [
                    "/home/laeroth/Downloads/benchmark/images/6/*.jpg"
                ], 
                "key": "set6"
            }, 
            {
                "query_image": "/home/laeroth/Downloads/benchmark/sketches/7.png", 
                "source_images": [
                    "/home/laeroth/Downloads/benchmark/images/7/*.jpg"
                ], 
                "key": "set7"
            }, 
            {
                "query_image": "/home/laeroth/Downloads/benchmark/sketches/8.png", 
                "source_images": [
                    "/home/laeroth/Downloads/benchmark/images/8/*.jpg"
                ], 
                "key": "set8"
            }, 
            {
                "query_image": "/home/laeroth/Downloads/benchmark/sketches/9.png", 
                "source_images": [
                    "/home/laeroth/Downloads/benchmark/images/9/*.jpg"
                ], 
                "key": "set9"
            }, 
            {
                "query_image": "/home/laeroth/Downloads/benchmark/sketches/10.png", 
                "source_images": [
                    "/home/laeroth/Downloads/benchmark/images/10/*.jpg"
                ], 
                "key": "set10"
            }, 
            {
                "query_image": "/home/laeroth/Downloads/benchmark/sketches/11.png", 
                "source_images": [
                    "/home/laeroth/Downloads/benchmark/images/11/*.jpg"
                ], 
                "key": "set11"
            }, 
            {
                "query_image": "/home/laeroth/Downloads/benchmark/sketches/12.png", 
                "source_images": [
                    "/home/laeroth/Downloads/benchmark/images/12/*.jpg"
                ], 
                "key": "set12"
            }, 
            {
                "query_image": "/home/laeroth/Downloads/benchmark/sketches/13.png", 
                "source_images": [
                    "/home/laeroth/Downloads/benchmark/images/13/*.jpg"
                ], 
                "key": "set13"
            }, 
            {
                "query_image": "/home/laeroth/Downloads/benchmark/sketches/14.png", 
                "source_images": [
                    "/home/laeroth/Downloads/benchmark/images/14/*.jpg"
                ], 
                "key": "set14"
            }, 
            {
                "query_image": "/home/laeroth/Downloads/benchmark/sketches/20.png", 
                "source_images": [
                    "/home/laeroth/Downloads/benchmark/images/20/*.jpg"
                ], 
                "key": "set20"
            }, 
            {
                "query_image": "/home/laeroth/Downloads/benchmark/sketches/21.png", 
                "source_images": [
                    "/home/laeroth/Downloads/benchmark/images/21/*.jpg"
                ], 
                "key": "set21"
            }, 
            {
                "query_image": "/home/laeroth/Downloads/benchmark/sketches/23.png", 
                "source_images": [
                    "/home/laeroth/Downloads/benchmark/images/23/*.jpg"
                ], 
                "key": "set23"
            }, 
            {
                "query_image": "/home/laeroth/Downloads/benchmark/sketches/24.png", 
                "source_images": [
                    "/home/laeroth/Downloads/benchmark/images/24/*.jpg"
                ], 
                "key": "set24"
            }, 
            {
                "query_image": "/home/laeroth/Downloads/benchmark/sketches/25.png", 
                "source_images": [
                    "/home/laeroth/Downloads/benchmark/images/25/*.jpg"
                ], 
                "key": "set25"
            }, 
            {
                "query_image": "/home/laeroth/Downloads/benchmark/sketches/26.png", 
                "source_images": [
                    "/home/laeroth/Downloads/benchmark/images/26/*.jpg"
                ], 
                "key": "set26"
            }, 
            {
                "query_image": "/home/laeroth/Downloads/benchmark/sketches/27.png",