{
    "duration": 673.988467, 
    "correlations": {
        "/home/laeroth/Downloads/benchmark/sketches/42.png": 0.050931657369836229, 
        "/home/laeroth/Downloads/benchmark/sketches/21.png": 0.21167742236721787, 
        "/home/laeroth/Downloads/benchmark/sketches/48.png": -0.3655310247730208, 
        "/home/laeroth/Downloads/benchmark/sketches/23.png": 0.31634239507710593, 
        "/home/laeroth/Downloads/benchmark/sketches/26.png": 0.32545678358223545, 
        "/home/laeroth/Downloads/benchmark/sketches/43.png": 0.37814567904302848, 
        "/home/laeroth/Downloads/benchmark/sketches/4.png": 0.015472296030682354, 
        "/home/laeroth/Downloads/benchmark/sketches/0.png": 0.10729596081401749, 
        "/home/laeroth/Downloads/benchmark/sketches/11.png": 0.3657810816565395, 
        "/home/laeroth/Downloads/benchmark/sketches/25.png": 0.16974545334912952, 
        "/home/laeroth/Downloads/benchmark/sketches/27.png": 0.23926405712148804, 
        "/home/laeroth/Downloads/benchmark/sketches/33.png": 0.11830773228687451, 
        "/home/laeroth/Downloads/benchmark/sketches/30.png": 0.032716802165769068, 
        "/home/laeroth/Downloads/benchmark/sketches/6.png": 0.13198107307155812, 
        "/home/laeroth/Downloads/benchmark/sketches/2.png": 0.089662070332296659, 
        "/home/laeroth/Downloads/benchmark/sketches/1.png": 0.016206148284210412, 
        "/home/laeroth/Downloads/benchmark/sketches/38.png": 0.017803684012832627, 
        "/home/laeroth/Downloads/benchmark/sketches/9.png": 0.22342705065273236, 
        "/home/laeroth/Downloads/benchmark/sketches/14.png": 0.081449538074711961, 
        "/home/laeroth/Downloads/benchmark/sketches/13.png": 0.51125480503090626, 
        "/home/laeroth/Downloads/benchmark/sketches/28.png": 0.14045506918279588, 
        "/home/laeroth/Downloads/benchmark/sketches/34.png": 0.17756036394272323, 
        "/home/laeroth/Downloads/benchmark/sketches/7.png": 0.03752845759307679, 
        "/home/laeroth/Downloads/benchmark/sketches/8.png": 0.062053261535669799, 
        "/home/laeroth/Downloads/benchmark/sketches/20.png": 0.0089588968032746092, 
        "/home/laeroth/Downloads/benchmark/sketches/24.png": 0.082522479154864686, 
        "/home/laeroth/Downloads/benchmark/sketches/10.png": 0.16462199729886329, 
        "/home/laeroth/Downloads/benchmark/sketches/12.png": -0.031977122960392727, 
        "/home/laeroth/Downloads/benchmark/sketches/46.png": 0.017148274643700796, 
        "/home/laeroth/Downloads/benchmark/sketches/47.png": 0.30685236675444638, 
        "/home/laeroth/Downloads/benchmark/sketches/45.png": 0.17408127409351998
    }, 
    "config": {
        "images": [
            {
                "query_image": "/home/laeroth/Downloads/benchmark/sketches/0.png", 
                "source_images": [
                    "/home/laeroth/Downloads/benchmark/images/0/*.jpg"
                ], 
                "key": "set0"
            }, 
            {
                "query_image": "/home/laeroth/Downloads/benchmark/sketches/1.png", 
                "source_images": [
                    "/home/laeroth/Downloads/benchmark/images/1/*.jpg"
                ], 
                "key": "set1"
            }, 
            {
                "query_image": "/home/laeroth/Downloads/benchmark/sketches/2.png", 
                "source_images": [
                    "/home/laeroth/Downloads/benchmark/images/2/*.jpg"
                ], 
                "key": "set2"
            }, 
            {
                "query_image": "/home/laeroth/Downloads/benchmark/sketches/4.png", 
                "source_images": [
                    "/home/laeroth/Downloads/benchmark/images/4/*.jpg"
                ], 
                "key": "set4"
            }, 
            {
                "query_image": "/home/laeroth/Downloads/benchmark/sketches/6.png", 
                "source_images": [
                    "/home/laeroth/Downloads/benchmark/images/6/*.jpg"
                ], 
                "key": "set6"
            }, 
            {
                "query_image": "/home/laeroth/Downloads/benchmark/sketches/7.png", 
                "source_images": [
                    "/home/laeroth/Downloads/benchmark/images/7/*.jpg"
                ], 
                "key": "set7"
            }, 
            {
                "query_image": "/home/laeroth/Downloads/benchmark/sketches/8.png", 
                "source_images": [
                    "/home/laeroth/Downloads/benchmark/images/8/*.jpg"
                ], 
                "key": "set8"
            }, 
            {
                "query_image": "/home/laeroth/Downloads/benchmark/sketches/9.png", 
                "source_images": [
                    "/home/laeroth/Downloads/benchmark/images/9/*.jpg"
                ], 
                "key": "set9"
            }, 
            {
                "query_image": "/home/laeroth/Downloads/benchmark/sketches/10.png", 
                "source_images": [
                    "/home/laeroth/Downloads/benchmark/images/10/*.jpg"
                ], 
                "key": "set10"
            }, 
            {
                "query_image": "/home/laeroth/Downloads/benchmark/sketches/11.png", 
                "source_images": [
                    "/home/laeroth/Downloads/benchmark/images/11/*.jpg"
                ], 
                "key": "set11"
            }, 
            {
                "query_image": "/home/laeroth/Downloads/benchmark/sketches/12.png", 
                "source_images": [
                    "/home/laeroth/Downloads/benchmark/images/12/*.jpg"
                ], 
                "key": "set12"
            }, 
            {
                "query_image": "/home/laeroth/Downloads/benchmark/sketches/13.png", 
                "source_images": [
                    "/home/laeroth/Downloads/benchmark/images/13/*.jpg"
                ], 
                "key": "set13"
            }, 
            {
                "query_image": "/home/laeroth/Downloads/benchmark/sketches/14.png", 
                "source_images": [
                    "/home/laeroth/Downloads/benchmark/images/14/*.jpg"
                ], 
                "key": "set14"
            }, 
            {
                "query_image": "/home/laeroth/Downloads/benchmark/sketches/20.png", 
                "source_images": [
                    "/home/laeroth/Downloads/benchmark/images/20/*.jpg"
                ], 
                "key": "set20"
            }, 
            {
                "query_image": "/home/laeroth/Downloads/benchmark/sketches/21.png", 
                "source_images": [
                    "/home/laeroth/Downloads/benchmark/images/21/*.jpg"
                ], 
                "key": "set21"
            }, 
            {
                "query_image": "/home/laeroth/Downloads/benchmark/sketches/23.png", 
                "source_images": [
                    "/home/laeroth/Downloads/benchmark/images/23/*.jpg"
                ], 
                "key": "set23"
            }, 
            {
                "query_image": "/home/laeroth/Downloads/benchmark/sketches/24.png", 
                "source_images": [
                    "/home/laeroth/Downloads/benchmark/images/24/*.jpg"
                ], 
                "key": "set24"
            }, 
            {
                "query_image": "/home/laeroth/Downloads/benchmark/sketches/25.png", 
                "source_images": [
                    "/home/laeroth/Downloads/benchmark/images/25/*.jpg"
                ], 
                "key": "set25"
            }, 
            {
                "query_image": "/home/laeroth/Downloads/benchmark/sketches/26.png", 
                "source_images": [
                    "/home/laeroth/Downloads/benchmark/images/26/*.jpg"
                ], 
                "key": "set26"
            }, 
            {
                "query_image": "/home/laeroth/Downloads/benchmark/sketches/27.png",