{
    "duration": 668.840586, 
    "correlations": {
        "/home/laeroth/Downloads/benchmark/sketches/42.png": -0.14181158878087208, 
        "/home/laeroth/Downloads/benchmark/sketches/21.png": 0.12522893618811423, 
        "/home/laeroth/Downloads/benchmark/sketches/48.png": -0.36228504448452936, 
        "/home/laeroth/Downloads/benchmark/sketches/23.png": 0.33578282792138386, 
        "/home/laeroth/Downloads/benchmark/sketches/26.png": 0.20630294346429348, 
        "/home/laeroth/Downloads/benchmark/sketches/43.png": 0.48196069861246221, 
        "/home/laeroth/Downloads/benchmark/sketches/4.png": -0.022105267941756906, 
        "/home/laeroth/Downloads/benchmark/sketches/0.png": 0.2573624803911127, 
        "/home/laeroth/Downloads/benchmark/sketches/11.png": 0.40682697767519599, 
        "/home/laeroth/Downloads/benchmark/sketches/25.png": 0.20323254098692956, 
        "/home/laeroth/Downloads/benchmark/sketches/27.png": 0.34338839527365095, 
        "/home/laeroth/Downloads/benchmark/sketches/33.png": 0.13684460646098448, 
        "/home/laeroth/Downloads/benchmark/sketches/30.png": 0.094826469511015879, 
        "/home/laeroth/Downloads/benchmark/sketches/6.png": 0.090138312543611585, 
        "/home/laeroth/Downloads/benchmark/sketches/2.png": 0.060832032405415008, 
        "/home/laeroth/Downloads/benchmark/sketches/1.png": 0.013394997000102006, 
        "/home/laeroth/Downloads/benchmark/sketches/38.png": -0.017594416647097152, 
        "/home/laeroth/Downloads/benchmark/sketches/9.png": 0.35226810366296929, 
        "/home/laeroth/Downloads/benchmark/sketches/14.png": 0.12091980762081993, 
        "/home/laeroth/Downloads/benchmark/sketches/13.png": 0.44027072521957461, 
        "/home/laeroth/Downloads/benchmark/sketches/28.png": 0.085266615051598688, 
        "/home/laeroth/Downloads/benchmark/sketches/34.png": 0.14517445769782564, 
        "/home/laeroth/Downloads/benchmark/sketches/7.png": 0.11578554637629859, 
        "/home/laeroth/Downloads/benchmark/sketches/8.png": -0.010775370973365542, 
        "/home/laeroth/Downloads/benchmark/sketches/20.png": 0.10186788978599139, 
        "/home/laeroth/Downloads/benchmark/sketches/24.png": -0.0095235186530461778, 
        "/home/laeroth/Downloads/benchmark/sketches/10.png": -0.02942567869501389, 
        "/home/laeroth/Downloads/benchmark/sketches/12.png": -0.062519958575132623, 
        "/home/laeroth/Downloads/benchmark/sketches/46.png": 0.20833559157909196, 
        "/home/laeroth/Downloads/benchmark/sketches/47.png": 0.32442296436040269, 
        "/home/laeroth/Downloads/benchmark/sketches/45.png": 0.11459480963533482
    }, 
    "config": {
        "images": [
            {
                "query_image": "/home/laeroth/Downloads/benchmark/sketches/0.png", 
                "source_images": [
                    "/home/laeroth/Downloads/benchmark/images/0/*.jpg"
                ], 
                "key": "set0"
            }, 
            {
                "query_image": "/home/laeroth/Downloads/benchmark/sketches/1.png", 
                "source_images": [
                    "/home/laeroth/Downloads/benchmark/images/1/*.jpg"
                ], 
                "key": "set1"
            }, 
            {
                "query_image": "/home/laeroth/Downloads/benchmark/sketches/2.png", 
                "source_images": [
                    "/home/laeroth/Downloads/benchmark/images/2/*.jpg"
                ], 
                "key": "set2"
            }, 
            {
                "query_image": "/home/laeroth/Downloads/benchmark/sketches/4.png", 
                "source_images": [
                    "/home/laeroth/Downloads/benchmark/images/4/*.jpg"
                ], 
                "key": "set4"
            }, 
            {
                "query_image": "/home/laeroth/Downloads/benchmark/sketches/6.png", 
                "source_images": [
                    "/home/laeroth/Downloads/benchmark/images/6/*.jpg"
                ], 
                "key": "set6"
            }, 
            {
                "query_image": "/home/laeroth/Downloads/benchmark/sketches/7.png", 
                "source_images": [
                    "/home/laeroth/Downloads/benchmark/images/7/*.jpg"
                ], 
                "key": "set7"
            }, 
            {
                "query_image": "/home/laeroth/Downloads/benchmark/sketches/8.png", 
                "source_images": [
                    "/home/laeroth/Downloads/benchmark/images/8/*.jpg"
                ], 
                "key": "set8"
            }, 
            {
                "query_image": "/home/laeroth/Downloads/benchmark/sketches/9.png", 
                "source_images": [
                    "/home/laeroth/Downloads/benchmark/images/9/*.jpg"
                ], 
                "key": "set9"
            }, 
            {
                "query_image": "/home/laeroth/Downloads/benchmark/sketches/10.png", 
                "source_images": [
                    "/home/laeroth/Downloads/benchmark/images/10/*.jpg"
                ], 
                "key": "set10"
            }, 
            {
                "query_image": "/home/laeroth/Downloads/benchmark/sketches/11.png", 
                "source_images": [
                    "/home/laeroth/Downloads/benchmark/images/11/*.jpg"
                ], 
                "key": "set11"
            }, 
            {
                "query_image": "/home/laeroth/Downloads/benchmark/sketches/12.png", 
                "source_images": [
                    "/home/laeroth/Downloads/benchmark/images/12/*.jpg"
                ], 
                "key": "set12"
            }, 
            {
                "query_image": "/home/laeroth/Downloads/benchmark/sketches/13.png", 
                "source_images": [
                    "/home/laeroth/Downloads/benchmark/images/13/*.jpg"
                ], 
                "key": "set13"
            }, 
            {
                "query_image": "/home/laeroth/Downloads/benchmark/sketches/14.png", 
                "source_images": [
                    "/home/laeroth/Downloads/benchmark/images/14/*.jpg"
                ], 
                "key": "set14"
            }, 
            {
                "query_image": "/home/laeroth/Downloads/benchmark/sketches/20.png", 
                "source_images": [
                    "/home/laeroth/Downloads/benchmark/images/20/*.jpg"
                ], 
                "key": "set20"
            }, 
            {
                "query_image": "/home/laeroth/Downloads/benchmark/sketches/21.png", 
                "source_images": [
                    "/home/laeroth/Downloads/benchmark/images/21/*.jpg"
                ], 
                "key": "set21"
            }, 
            {
                "query_image": "/home/laeroth/Downloads/benchmark/sketches/23.png", 
                "source_images": [
                    "/home/laeroth/Downloads/benchmark/images/23/*.jpg"
                ], 
                "key": "set23"
            }, 
            {
                "query_image": "/home/laeroth/Downloads/benchmark/sketches/24.png", 
                "source_images": [
                    "/home/laeroth/Downloads/benchmark/images/24/*.jpg"
                ], 
                "key": "set24"
            }, 
            {
                "query_image": "/home/laeroth/Downloads/benchmark/sketches/25.png", 
                "source_images": [
                    "/home/laeroth/Downloads/benchmark/images/25/*.jpg"
                ], 
                "key": "set25"
            }, 
            {
                "query_image": "/home/laeroth/Downloads/benchmark/sketches/26.png", 
                "source_images": [
                    "/home/laeroth/Downloads/benchmark/images/26/*.jpg"
                ], 
                "key": "set26"
            }, 
            {
                "query_image": "/home/laeroth/Downloads/benchmark/sketches/27.png",