{
    "duration": 72.255877, 
    "correlations": {
        "/home/laeroth/Downloads/benchmark/sketches/42.png": 0.13445448378534289, 
        "/home/laeroth/Downloads/benchmark/sketches/21.png": 0.099291791390707262, 
        "/home/laeroth/Downloads/benchmark/sketches/48.png": 0.24461064680430541, 
        "/home/laeroth/Downloads/benchmark/sketches/23.png": 0.35688802166357059, 
        "/home/laeroth/Downloads/benchmark/sketches/26.png": 0.41539237689481717, 
        "/home/laeroth/Downloads/benchmark/sketches/43.png": 0.26288681621895038, 
        "/home/laeroth/Downloads/benchmark/sketches/4.png": 0.22672386120110111, 
        "/home/laeroth/Downloads/benchmark/sketches/0.png": 0.24920395681921798, 
        "/home/laeroth/Downloads/benchmark/sketches/11.png": 0.42344841535599387, 
        "/home/laeroth/Downloads/benchmark/sketches/25.png": 0.30818899479806577, 
        "/home/laeroth/Downloads/benchmark/sketches/27.png": 0.29101609576498938, 
        "/home/laeroth/Downloads/benchmark/sketches/33.png": 0.046711106489195922, 
        "/home/laeroth/Downloads/benchmark/sketches/30.png": -0.024156989903878066, 
        "/home/laeroth/Downloads/benchmark/sketches/6.png": -0.030496051009199387, 
        "/home/laeroth/Downloads/benchmark/sketches/2.png": 0.26477194686631778, 
        "/home/laeroth/Downloads/benchmark/sketches/1.png": 0.10322615018130128, 
        "/home/laeroth/Downloads/benchmark/sketches/38.png": 0.13601477309475801, 
        "/home/laeroth/Downloads/benchmark/sketches/9.png": 0.26966537044830757, 
        "/home/laeroth/Downloads/benchmark/sketches/14.png": 0.23081925834235759, 
        "/home/laeroth/Downloads/benchmark/sketches/13.png": 0.56625156766424689, 
        "/home/laeroth/Downloads/benchmark/sketches/28.png": 0.30729716389488748, 
        "/home/laeroth/Downloads/benchmark/sketches/34.png": 0.25287408343107115, 
        "/home/laeroth/Downloads/benchmark/sketches/7.png": 0.42746257437545848, 
        "/home/laeroth/Downloads/benchmark/sketches/8.png": -0.024821273662587174, 
        "/home/laeroth/Downloads/benchmark/sketches/20.png": 0.41509864461035922, 
        "/home/laeroth/Downloads/benchmark/sketches/24.png": -0.18302363516473905, 
        "/home/laeroth/Downloads/benchmark/sketches/10.png": 0.49870172147336755, 
        "/home/laeroth/Downloads/benchmark/sketches/12.png": 0.077420386043226971, 
        "/home/laeroth/Downloads/benchmark/sketches/46.png": 0.19916297959806639, 
        "/home/laeroth/Downloads/benchmark/sketches/47.png": 0.24320848294273972, 
        "/home/laeroth/Downloads/benchmark/sketches/45.png": 0.17875542803144426
    }, 
    "config": {
        "images": [
            {
                "query_image": "/home/laeroth/Downloads/benchmark/sketches/0.png", 
                "source_images": [
                    "/home/laeroth/Downloads/benchmark/images/0/*.jpg"
                ], 
                "key": "set0"
            }, 
            {
                "query_image": "/home/laeroth/Downloads/benchmark/sketches/1.png", 
                "source_images": [
                    "/home/laeroth/Downloads/benchmark/images/1/*.jpg"
                ], 
                "key": "set1"
            }, 
            {
                "query_image": "/home/laeroth/Downloads/benchmark/sketches/2.png", 
                "source_images": [
                    "/home/laeroth/Downloads/benchmark/images/2/*.jpg"
                ], 
                "key": "set2"
            }, 
            {
                "query_image": "/home/laeroth/Downloads/benchmark/sketches/4.png", 
                "source_images": [
                    "/home/laeroth/Downloads/benchmark/images/4/*.jpg"
                ], 
                "key": "set4"
            }, 
            {
                "query_image": "/home/laeroth/Downloads/benchmark/sketches/6.png", 
                "source_images": [
                    "/home/laeroth/Downloads/benchmark/images/6/*.jpg"
                ], 
                "key": "set6"
            }, 
            {
                "query_image": "/home/laeroth/Downloads/benchmark/sketches/7.png", 
                "source_images": [
                    "/home/laeroth/Downloads/benchmark/images/7/*.jpg"
                ], 
                "key": "set7"
            }, 
            {
                "query_image": "/home/laeroth/Downloads/benchmark/sketches/8.png", 
                "source_images": [
                    "/home/laeroth/Downloads/benchmark/images/8/*.jpg"
                ], 
                "key": "set8"
            }, 
            {
                "query_image": "/home/laeroth/Downloads/benchmark/sketches/9.png", 
                "source_images": [
                    "/home/laeroth/Downloads/benchmark/images/9/*.jpg"
                ], 
                "key": "set9"
            }, 
            {
                "query_image": "/home/laeroth/Downloads/benchmark/sketches/10.png", 
                "source_images": [
                    "/home/laeroth/Downloads/benchmark/images/10/*.jpg"
                ], 
                "key": "set10"
            }, 
            {
                "query_image": "/home/laeroth/Downloads/benchmark/sketches/11.png", 
                "source_images": [
                    "/home/laeroth/Downloads/benchmark/images/11/*.jpg"
                ], 
                "key": "set11"
            }, 
            {
                "query_image": "/home/laeroth/Downloads/benchmark/sketches/12.png", 
                "source_images": [
                    "/home/laeroth/Downloads/benchmark/images/12/*.jpg"
                ], 
                "key": "set12"
            }, 
            {
                "query_image": "/home/laeroth/Downloads/benchmark/sketches/13.png", 
                "source_images": [
                    "/home/laeroth/Downloads/benchmark/images/13/*.jpg"
                ], 
                "key": "set13"
            }, 
            {
                "query_image": "/home/laeroth/Downloads/benchmark/sketches/14.png", 
                "source_images": [
                    "/home/laeroth/Downloads/benchmark/images/14/*.jpg"
                ], 
                "key": "set14"
            }, 
            {
                "query_image": "/home/laeroth/Downloads/benchmark/sketches/20.png", 
                "source_images": [
                    "/home/laeroth/Downloads/benchmark/images/20/*.jpg"
                ], 
                "key": "set20"
            }, 
            {
                "query_image": "/home/laeroth/Downloads/benchmark/sketches/21.png", 
                "source_images": [
                    "/home/laeroth/Downloads/benchmark/images/21/*.jpg"
                ], 
                "key": "set21"
            }, 
            {
                "query_image": "/home/laeroth/Downloads/benchmark/sketches/23.png", 
                "source_images": [
                    "/home/laeroth/Downloads/benchmark/images/23/*.jpg"
                ], 
                "key": "set23"
            }, 
            {
                "query_image": "/home/laeroth/Downloads/benchmark/sketches/24.png", 
                "source_images": [
                    "/home/laeroth/Downloads/benchmark/images/24/*.jpg"
                ], 
                "key": "set24"
            }, 
            {
                "query_image": "/home/laeroth/Downloads/benchmark/sketches/25.png", 
                "source_images": [
                    "/home/laeroth/Downloads/benchmark/images/25/*.jpg"
                ], 
                "key": "set25"
            }, 
            {
                "query_image": "/home/laeroth/Downloads/benchmark/sketches/26.png", 
                "source_images": [
                    "/home/laeroth/Downloads/benchmark/images/26/*.jpg"
                ], 
                "key": "set26"
            }, 
            {
                "query_image": "/home/laeroth/Downloads/benchmark/sketches/27.png",