{
    "duration": 619.324495, 
    "correlations": {
        "/home/laeroth/Downloads/benchmark/sketches/42.png": 0.043957001777771176, 
        "/home/laeroth/Downloads/benchmark/sketches/21.png": 0.2230095637859644, 
        "/home/laeroth/Downloads/benchmark/sketches/48.png": -0.23176526340609108, 
        "/home/laeroth/Downloads/benchmark/sketches/23.png": 0.40858220443538001, 
        "/home/laeroth/Downloads/benchmark/sketches/26.png": 0.21975617158142111, 
        "/home/laeroth/Downloads/benchmark/sketches/43.png": 0.1988712140566618, 
        "/home/laeroth/Downloads/benchmark/sketches/4.png": 0.15309109511309774, 
        "/home/laeroth/Downloads/benchmark/sketches/0.png": 0.31206511095887834, 
        "/home/laeroth/Downloads/benchmark/sketches/11.png": 0.47728067105982891, 
        "/home/laeroth/Downloads/benchmark/sketches/25.png": 0.15938682945596691, 
        "/home/laeroth/Downloads/benchmark/sketches/27.png": 0.094077595331991157, 
        "/home/laeroth/Downloads/benchmark/sketches/33.png": 0.22987733478645223, 
        "/home/laeroth/Downloads/benchmark/sketches/30.png": 0.017392930102004323, 
        "/home/laeroth/Downloads/benchmark/sketches/6.png": -0.021625779731545086, 
        "/home/laeroth/Downloads/benchmark/sketches/2.png": 0.053141519772001281, 
        "/home/laeroth/Downloads/benchmark/sketches/1.png": -0.0013517414279878071, 
        "/home/laeroth/Downloads/benchmark/sketches/38.png": 0.16539214988920781, 
        "/home/laeroth/Downloads/benchmark/sketches/9.png": 0.35063150317896802, 
        "/home/laeroth/Downloads/benchmark/sketches/14.png": 0.22448450636003939, 
        "/home/laeroth/Downloads/benchmark/sketches/13.png": 0.38156462051882428, 
        "/home/laeroth/Downloads/benchmark/sketches/28.png": 0.14310699570726912, 
        "/home/laeroth/Downloads/benchmark/sketches/34.png": -0.0066762874525587998, 
        "/home/laeroth/Downloads/benchmark/sketches/7.png": 0.048137907955019543, 
        "/home/laeroth/Downloads/benchmark/sketches/8.png": -0.014942232128785453, 
        "/home/laeroth/Downloads/benchmark/sketches/20.png": 0.032531795459174971, 
        "/home/laeroth/Downloads/benchmark/sketches/24.png": 0.019434662093883181, 
        "/home/laeroth/Downloads/benchmark/sketches/10.png": 0.33355304829739946, 
        "/home/laeroth/Downloads/benchmark/sketches/12.png": 0.01999413591340533, 
        "/home/laeroth/Downloads/benchmark/sketches/46.png": 0.41042294071903596, 
        "/home/laeroth/Downloads/benchmark/sketches/47.png": 0.21729018824313195, 
        "/home/laeroth/Downloads/benchmark/sketches/45.png": -0.002761377533145145
    }, 
    "config": {
        "images": [
            {
                "query_image": "/home/laeroth/Downloads/benchmark/sketches/0.png", 
                "source_images": [
                    "/home/laeroth/Downloads/benchmark/images/0/*.jpg"
                ], 
                "key": "set0"
            }, 
            {
                "query_image": "/home/laeroth/Downloads/benchmark/sketches/1.png", 
                "source_images": [
                    "/home/laeroth/Downloads/benchmark/images/1/*.jpg"
                ], 
                "key": "set1"
            }, 
            {
                "query_image": "/home/laeroth/Downloads/benchmark/sketches/2.png", 
                "source_images": [
                    "/home/laeroth/Downloads/benchmark/images/2/*.jpg"
                ], 
                "key": "set2"
            }, 
            {
                "query_image": "/home/laeroth/Downloads/benchmark/sketches/4.png", 
                "source_images": [
                    "/home/laeroth/Downloads/benchmark/images/4/*.jpg"
                ], 
                "key": "set4"
            }, 
            {
                "query_image": "/home/laeroth/Downloads/benchmark/sketches/6.png", 
                "source_images": [
                    "/home/laeroth/Downloads/benchmark/images/6/*.jpg"
                ], 
                "key": "set6"
            }, 
            {
                "query_image": "/home/laeroth/Downloads/benchmark/sketches/7.png", 
                "source_images": [
                    "/home/laeroth/Downloads/benchmark/images/7/*.jpg"
                ], 
                "key": "set7"
            }, 
            {
                "query_image": "/home/laeroth/Downloads/benchmark/sketches/8.png", 
                "source_images": [
                    "/home/laeroth/Downloads/benchmark/images/8/*.jpg"
                ], 
                "key": "set8"
            }, 
            {
                "query_image": "/home/laeroth/Downloads/benchmark/sketches/9.png", 
                "source_images": [
                    "/home/laeroth/Downloads/benchmark/images/9/*.jpg"
                ], 
                "key": "set9"
            }, 
            {
                "query_image": "/home/laeroth/Downloads/benchmark/sketches/10.png", 
                "source_images": [
                    "/home/laeroth/Downloads/benchmark/images/10/*.jpg"
                ], 
                "key": "set10"
            }, 
            {
                "query_image": "/home/laeroth/Downloads/benchmark/sketches/11.png", 
                "source_images": [
                    "/home/laeroth/Downloads/benchmark/images/11/*.jpg"
                ], 
                "key": "set11"
            }, 
            {
                "query_image": "/home/laeroth/Downloads/benchmark/sketches/12.png", 
                "source_images": [
                    "/home/laeroth/Downloads/benchmark/images/12/*.jpg"
                ], 
                "key": "set12"
            }, 
            {
                "query_image": "/home/laeroth/Downloads/benchmark/sketches/13.png", 
                "source_images": [
                    "/home/laeroth/Downloads/benchmark/images/13/*.jpg"
                ], 
                "key": "set13"
            }, 
            {
                "query_image": "/home/laeroth/Downloads/benchmark/sketches/14.png", 
                "source_images": [
                    "/home/laeroth/Downloads/benchmark/images/14/*.jpg"
                ], 
                "key": "set14"
            }, 
            {
                "query_image": "/home/laeroth/Downloads/benchmark/sketches/20.png", 
                "source_images": [
                    "/home/laeroth/Downloads/benchmark/images/20/*.jpg"
                ], 
                "key": "set20"
            }, 
            {
                "query_image": "/home/laeroth/Downloads/benchmark/sketches/21.png", 
                "source_images": [
                    "/home/laeroth/Downloads/benchmark/images/21/*.jpg"
                ], 
                "key": "set21"
            }, 
            {
                "query_image": "/home/laeroth/Downloads/benchmark/sketches/23.png", 
                "source_images": [
                    "/home/laeroth/Downloads/benchmark/images/23/*.jpg"
                ], 
                "key": "set23"
            }, 
            {
                "query_image": "/home/laeroth/Downloads/benchmark/sketches/24.png", 
                "source_images": [
                    "/home/laeroth/Downloads/benchmark/images/24/*.jpg"
                ], 
                "key": "set24"
            }, 
            {
                "query_image": "/home/laeroth/Downloads/benchmark/sketches/25.png", 
                "source_images": [
                    "/home/laeroth/Downloads/benchmark/images/25/*.jpg"
                ], 
                "key": "set25"
            }, 
            {
                "query_image": "/home/laeroth/Downloads/benchmark/sketches/26.png", 
                "source_images": [
                    "/home/laeroth/Downloads/benchmark/images/26/*.jpg"
                ], 
                "key": "set26"
            }, 
            {
                "query_image": "/home/laeroth/Downloads/benchmark/sketches/27.png",