{
    "duration": 1453.309918, 
    "correlations": {
        "/home/laeroth/Downloads/benchmark/sketches/42.png": 0.18709926627113185, 
        "/home/laeroth/Downloads/benchmark/sketches/21.png": -0.14690916821851532, 
        "/home/laeroth/Downloads/benchmark/sketches/48.png": 0.21161730737792878, 
        "/home/laeroth/Downloads/benchmark/sketches/23.png": 0.25080515506355033, 
        "/home/laeroth/Downloads/benchmark/sketches/26.png": 0.2791011212758483, 
        "/home/laeroth/Downloads/benchmark/sketches/43.png": 0.18649614094469127, 
        "/home/laeroth/Downloads/benchmark/sketches/4.png": 0.2522530879036976, 
        "/home/laeroth/Downloads/benchmark/sketches/0.png": 0.27946195028402271, 
        "/home/laeroth/Downloads/benchmark/sketches/11.png": 0.27946195028402271, 
        "/home/laeroth/Downloads/benchmark/sketches/25.png": 0.17924221821114403, 
        "/home/laeroth/Downloads/benchmark/sketches/27.png": 0.19305163199975756, 
        "/home/laeroth/Downloads/benchmark/sketches/33.png": 0.34083777482995303, 
        "/home/laeroth/Downloads/benchmark/sketches/30.png": 0.13815713113890285, 
        "/home/laeroth/Downloads/benchmark/sketches/6.png": -0.05161359069548465, 
        "/home/laeroth/Downloads/benchmark/sketches/2.png": 0.097812826879877163, 
        "/home/laeroth/Downloads/benchmark/sketches/1.png": 0.1764345031747056, 
        "/home/laeroth/Downloads/benchmark/sketches/38.png": -0.046452579668325833, 
        "/home/laeroth/Downloads/benchmark/sketches/9.png": 0.0064475618061562599, 
        "/home/laeroth/Downloads/benchmark/sketches/14.png": 0.011560715101157606, 
        "/home/laeroth/Downloads/benchmark/sketches/13.png": 0.29415597312945463, 
        "/home/laeroth/Downloads/benchmark/sketches/28.png": 0.42424956684508186, 
        "/home/laeroth/Downloads/benchmark/sketches/34.png": 0.16292498540926723, 
        "/home/laeroth/Downloads/benchmark/sketches/7.png": 0.27542032831965413, 
        "/home/laeroth/Downloads/benchmark/sketches/8.png": 0.036082953597530082, 
        "/home/laeroth/Downloads/benchmark/sketches/20.png": 0.22165242924197048, 
        "/home/laeroth/Downloads/benchmark/sketches/24.png": -0.27498631037391907, 
        "/home/laeroth/Downloads/benchmark/sketches/10.png": 0.40103834434291935, 
        "/home/laeroth/Downloads/benchmark/sketches/12.png": 0.28498223183210669, 
        "/home/laeroth/Downloads/benchmark/sketches/46.png": 0.036082953597530082, 
        "/home/laeroth/Downloads/benchmark/sketches/47.png": 0.07732061485185017, 
        "/home/laeroth/Downloads/benchmark/sketches/45.png": 0.19794409878478797
    }, 
    "config": {
        "images": [
            {
                "query_image": "/home/laeroth/Downloads/benchmark/sketches/0.png", 
                "source_images": [
                    "/home/laeroth/Downloads/benchmark/images/0/*.jpg"
                ], 
                "key": "set0"
            }, 
            {
                "query_image": "/home/laeroth/Downloads/benchmark/sketches/1.png", 
                "source_images": [
                    "/home/laeroth/Downloads/benchmark/images/1/*.jpg"
                ], 
                "key": "set1"
            }, 
            {
                "query_image": "/home/laeroth/Downloads/benchmark/sketches/2.png", 
                "source_images": [
                    "/home/laeroth/Downloads/benchmark/images/2/*.jpg"
                ], 
                "key": "set2"
            }, 
            {
                "query_image": "/home/laeroth/Downloads/benchmark/sketches/4.png", 
                "source_images": [
                    "/home/laeroth/Downloads/benchmark/images/4/*.jpg"
                ], 
                "key": "set4"
            }, 
            {
                "query_image": "/home/laeroth/Downloads/benchmark/sketches/6.png", 
                "source_images": [
                    "/home/laeroth/Downloads/benchmark/images/6/*.jpg"
                ], 
                "key": "set6"
            }, 
            {
                "query_image": "/home/laeroth/Downloads/benchmark/sketches/7.png", 
                "source_images": [
                    "/home/laeroth/Downloads/benchmark/images/7/*.jpg"
                ], 
                "key": "set7"
            }, 
            {
                "query_image": "/home/laeroth/Downloads/benchmark/sketches/8.png", 
                "source_images": [
                    "/home/laeroth/Downloads/benchmark/images/8/*.jpg"
                ], 
                "key": "set8"
            }, 
            {
                "query_image": "/home/laeroth/Downloads/benchmark/sketches/9.png", 
                "source_images": [
                    "/home/laeroth/Downloads/benchmark/images/9/*.jpg"
                ], 
                "key": "set9"
            }, 
            {
                "query_image": "/home/laeroth/Downloads/benchmark/sketches/10.png", 
                "source_images": [
                    "/home/laeroth/Downloads/benchmark/images/10/*.jpg"
                ], 
                "key": "set10"
            }, 
            {
                "query_image": "/home/laeroth/Downloads/benchmark/sketches/11.png", 
                "source_images": [
                    "/home/laeroth/Downloads/benchmark/images/11/*.jpg"
                ], 
                "key": "set11"
            }, 
            {
                "query_image": "/home/laeroth/Downloads/benchmark/sketches/12.png", 
                "source_images": [
                    "/home/laeroth/Downloads/benchmark/images/12/*.jpg"
                ], 
                "key": "set12"
            }, 
            {
                "query_image": "/home/laeroth/Downloads/benchmark/sketches/13.png", 
                "source_images": [
                    "/home/laeroth/Downloads/benchmark/images/13/*.jpg"
                ], 
                "key": "set13"
            }, 
            {
                "query_image": "/home/laeroth/Downloads/benchmark/sketches/14.png", 
                "source_images": [
                    "/home/laeroth/Downloads/benchmark/images/14/*.jpg"
                ], 
                "key": "set14"
            }, 
            {
                "query_image": "/home/laeroth/Downloads/benchmark/sketches/20.png", 
                "source_images": [
                    "/home/laeroth/Downloads/benchmark/images/20/*.jpg"
                ], 
                "key": "set20"
            }, 
            {
                "query_image": "/home/laeroth/Downloads/benchmark/sketches/21.png", 
                "source_images": [
                    "/home/laeroth/Downloads/benchmark/images/21/*.jpg"
                ], 
                "key": "set21"
            }, 
            {
                "query_image": "/home/laeroth/Downloads/benchmark/sketches/23.png", 
                "source_images": [
                    "/home/laeroth/Downloads/benchmark/images/23/*.jpg"
                ], 
                "key": "set23"
            }, 
            {
                "query_image": "/home/laeroth/Downloads/benchmark/sketches/24.png", 
                "source_images": [
                    "/home/laeroth/Downloads/benchmark/images/24/*.jpg"
                ], 
                "key": "set24"
            }, 
            {
                "query_image": "/home/laeroth/Downloads/benchmark/sketches/25.png", 
                "source_images": [
                    "/home/laeroth/Downloads/benchmark/images/25/*.jpg"
                ], 
                "key": "set25"
            }, 
            {
                "query_image": "/home/laeroth/Downloads/benchmark/sketches/26.png", 
                "source_images": [
                    "/home/laeroth/Downloads/benchmark/images/26/*.jpg"
                ], 
                "key": "set26"
            }, 
            {
                "query_image": "/home/laeroth/Downloads/benchmark/sketches/27.png",