{
    "duration": 1576.566895, 
    "correlations": {
        "/home/laeroth/Downloads/benchmark/sketches/42.png": 0.040000532789000599, 
        "/home/laeroth/Downloads/benchmark/sketches/21.png": -0.07732061485185017, 
        "/home/laeroth/Downloads/benchmark/sketches/48.png": 0.29161897236226769, 
        "/home/laeroth/Downloads/benchmark/sketches/23.png": 0.29968000579388321, 
        "/home/laeroth/Downloads/benchmark/sketches/26.png": 0.16077253529714763, 
        "/home/laeroth/Downloads/benchmark/sketches/43.png": -0.060450473271727513, 
        "/home/laeroth/Downloads/benchmark/sketches/4.png": 0.32175138763226735, 
        "/home/laeroth/Downloads/benchmark/sketches/0.png": 0.27173489175082394, 
        "/home/laeroth/Downloads/benchmark/sketches/11.png": 0.2614321470398922, 
        "/home/laeroth/Downloads/benchmark/sketches/25.png": 0.15603099570898149, 
        "/home/laeroth/Downloads/benchmark/sketches/27.png": 0.15444130559980604, 
        "/home/laeroth/Downloads/benchmark/sketches/33.png": 0.34598249595946173, 
        "/home/laeroth/Downloads/benchmark/sketches/30.png": 0.32925297607869369, 
        "/home/laeroth/Downloads/benchmark/sketches/6.png": -0.11354989953006622, 
        "/home/laeroth/Downloads/benchmark/sketches/2.png": 0.023166195839970906, 
        "/home/laeroth/Downloads/benchmark/sketches/1.png": 0.086285486954053095, 
        "/home/laeroth/Downloads/benchmark/sketches/38.png": 0.11871214804127712, 
        "/home/laeroth/Downloads/benchmark/sketches/9.png": -0.024500734863393787, 
        "/home/laeroth/Downloads/benchmark/sketches/14.png": 0.037251193103730061, 
        "/home/laeroth/Downloads/benchmark/sketches/13.png": 0.19139406111916479, 
        "/home/laeroth/Downloads/benchmark/sketches/28.png": 0.45003981406970694, 
        "/home/laeroth/Downloads/benchmark/sketches/34.png": 0.032071847521509295, 
        "/home/laeroth/Downloads/benchmark/sketches/7.png": 0.22651391487971553, 
        "/home/laeroth/Downloads/benchmark/sketches/8.png": 0.10824886079259023, 
        "/home/laeroth/Downloads/benchmark/sketches/20.png": 0.18041476798765041, 
        "/home/laeroth/Downloads/benchmark/sketches/24.png": -0.30611683607662687, 
        "/home/laeroth/Downloads/benchmark/sketches/10.png": 0.39330127017553185, 
        "/home/laeroth/Downloads/benchmark/sketches/12.png": 0.43198664101246942, 
        "/home/laeroth/Downloads/benchmark/sketches/46.png": -0.09793944547901022, 
        "/home/laeroth/Downloads/benchmark/sketches/47.png": -0.085052676337035185, 
        "/home/laeroth/Downloads/benchmark/sketches/45.png": 0.15424215489723739
    }, 
    "config": {
        "images": [
            {
                "query_image": "/home/laeroth/Downloads/benchmark/sketches/0.png", 
                "source_images": [
                    "/home/laeroth/Downloads/benchmark/images/0/*.jpg"
                ], 
                "key": "set0"
            }, 
            {
                "query_image": "/home/laeroth/Downloads/benchmark/sketches/1.png", 
                "source_images": [
                    "/home/laeroth/Downloads/benchmark/images/1/*.jpg"
                ], 
                "key": "set1"
            }, 
            {
                "query_image": "/home/laeroth/Downloads/benchmark/sketches/2.png", 
                "source_images": [
                    "/home/laeroth/Downloads/benchmark/images/2/*.jpg"
                ], 
                "key": "set2"
            }, 
            {
                "query_image": "/home/laeroth/Downloads/benchmark/sketches/4.png", 
                "source_images": [
                    "/home/laeroth/Downloads/benchmark/images/4/*.jpg"
                ], 
                "key": "set4"
            }, 
            {
                "query_image": "/home/laeroth/Downloads/benchmark/sketches/6.png", 
                "source_images": [
                    "/home/laeroth/Downloads/benchmark/images/6/*.jpg"
                ], 
                "key": "set6"
            }, 
            {
                "query_image": "/home/laeroth/Downloads/benchmark/sketches/7.png", 
                "source_images": [
                    "/home/laeroth/Downloads/benchmark/images/7/*.jpg"
                ], 
                "key": "set7"
            }, 
            {
                "query_image": "/home/laeroth/Downloads/benchmark/sketches/8.png", 
                "source_images": [
                    "/home/laeroth/Downloads/benchmark/images/8/*.jpg"
                ], 
                "key": "set8"
            }, 
            {
                "query_image": "/home/laeroth/Downloads/benchmark/sketches/9.png", 
                "source_images": [
                    "/home/laeroth/Downloads/benchmark/images/9/*.jpg"
                ], 
                "key": "set9"
            }, 
            {
                "query_image": "/home/laeroth/Downloads/benchmark/sketches/10.png", 
                "source_images": [
                    "/home/laeroth/Downloads/benchmark/images/10/*.jpg"
                ], 
                "key": "set10"
            }, 
            {
                "query_image": "/home/laeroth/Downloads/benchmark/sketches/11.png", 
                "source_images": [
                    "/home/laeroth/Downloads/benchmark/images/11/*.jpg"
                ], 
                "key": "set11"
            }, 
            {
                "query_image": "/home/laeroth/Downloads/benchmark/sketches/12.png", 
                "source_images": [
                    "/home/laeroth/Downloads/benchmark/images/12/*.jpg"
                ], 
                "key": "set12"
            }, 
            {
                "query_image": "/home/laeroth/Downloads/benchmark/sketches/13.png", 
                "source_images": [
                    "/home/laeroth/Downloads/benchmark/images/13/*.jpg"
                ], 
                "key": "set13"
            }, 
            {
                "query_image": "/home/laeroth/Downloads/benchmark/sketches/14.png", 
                "source_images": [
                    "/home/laeroth/Downloads/benchmark/images/14/*.jpg"
                ], 
                "key": "set14"
            }, 
            {
                "query_image": "/home/laeroth/Downloads/benchmark/sketches/20.png", 
                "source_images": [
                    "/home/laeroth/Downloads/benchmark/images/20/*.jpg"
                ], 
                "key": "set20"
            }, 
            {
                "query_image": "/home/laeroth/Downloads/benchmark/sketches/21.png", 
                "source_images": [
                    "/home/laeroth/Downloads/benchmark/images/21/*.jpg"
                ], 
                "key": "set21"
            }, 
            {
                "query_image": "/home/laeroth/Downloads/benchmark/sketches/23.png", 
                "source_images": [
                    "/home/laeroth/Downloads/benchmark/images/23/*.jpg"
                ], 
                "key": "set23"
            }, 
            {
                "query_image": "/home/laeroth/Downloads/benchmark/sketches/24.png", 
                "source_images": [
                    "/home/laeroth/Downloads/benchmark/images/24/*.jpg"
                ], 
                "key": "set24"
            }, 
            {
                "query_image": "/home/laeroth/Downloads/benchmark/sketches/25.png", 
                "source_images": [
                    "/home/laeroth/Downloads/benchmark/images/25/*.jpg"
                ], 
                "key": "set25"
            }, 
            {
                "query_image": "/home/laeroth/Downloads/benchmark/sketches/26.png", 
                "source_images": [
                    "/home/laeroth/Downloads/benchmark/images/26/*.jpg"
                ], 
                "key": "set26"
            }, 
            {
                "query_image": "/home/laeroth/Downloads/benchmark/sketches/27.png",