{
    "duration": 1478.310436, 
    "correlations": {
        "/home/laeroth/Downloads/benchmark/sketches/42.png": 0.050323250928097529, 
        "/home/laeroth/Downloads/benchmark/sketches/21.png": -0.13144504524814529, 
        "/home/laeroth/Downloads/benchmark/sketches/48.png": 0.24258569382347933, 
        "/home/laeroth/Downloads/benchmark/sketches/23.png": 0.24566043393404161, 
        "/home/laeroth/Downloads/benchmark/sketches/26.png": 0.27652876071109395, 
        "/home/laeroth/Downloads/benchmark/sketches/43.png": 0.14791073247337583, 
        "/home/laeroth/Downloads/benchmark/sketches/4.png": 0.38095364295660455, 
        "/home/laeroth/Downloads/benchmark/sketches/0.png": 0.29491606735042031, 
        "/home/laeroth/Downloads/benchmark/sketches/11.png": 0.37218665268240814, 
        "/home/laeroth/Downloads/benchmark/sketches/25.png": 0.19213734182345654, 
        "/home/laeroth/Downloads/benchmark/sketches/27.png": 0.32690076351958947, 
        "/home/laeroth/Downloads/benchmark/sketches/33.png": 0.33312069313568993, 
        "/home/laeroth/Downloads/benchmark/sketches/30.png": 0.23628742989176843, 
        "/home/laeroth/Downloads/benchmark/sketches/6.png": -0.01032271813909693, 
        "/home/laeroth/Downloads/benchmark/sketches/2.png": 0.064350543999919185, 
        "/home/laeroth/Downloads/benchmark/sketches/1.png": 0.17901018935243851, 
        "/home/laeroth/Downloads/benchmark/sketches/38.png": -0.012903494352312731, 
        "/home/laeroth/Downloads/benchmark/sketches/9.png": 0.014184635973543771, 
        "/home/laeroth/Downloads/benchmark/sketches/14.png": 0.029544049702958326, 
        "/home/laeroth/Downloads/benchmark/sketches/13.png": 0.23249882592328075, 
        "/home/laeroth/Downloads/benchmark/sketches/28.png": 0.41135444323276937, 
        "/home/laeroth/Downloads/benchmark/sketches/34.png": 0.075689560150761934, 
        "/home/laeroth/Downloads/benchmark/sketches/7.png": 0.26769826303966382, 
        "/home/laeroth/Downloads/benchmark/sketches/8.png": 0.12629033759135527, 
        "/home/laeroth/Downloads/benchmark/sketches/20.png": 0.24227125986913053, 
        "/home/laeroth/Downloads/benchmark/sketches/24.png": -0.31649367797752948, 
        "/home/laeroth/Downloads/benchmark/sketches/10.png": 0.46035591295955691, 
        "/home/laeroth/Downloads/benchmark/sketches/12.png": 0.38298517128568182, 
        "/home/laeroth/Downloads/benchmark/sketches/46.png": -0.018041476798765041, 
        "/home/laeroth/Downloads/benchmark/sketches/47.png": 0.069588553366665154, 
        "/home/laeroth/Downloads/benchmark/sketches/45.png": 0.19280269362154673
    }, 
    "config": {
        "images": [
            {
                "query_image": "/home/laeroth/Downloads/benchmark/sketches/0.png", 
                "source_images": [
                    "/home/laeroth/Downloads/benchmark/images/0/*.jpg"
                ], 
                "key": "set0"
            }, 
            {
                "query_image": "/home/laeroth/Downloads/benchmark/sketches/1.png", 
                "source_images": [
                    "/home/laeroth/Downloads/benchmark/images/1/*.jpg"
                ], 
                "key": "set1"
            }, 
            {
                "query_image": "/home/laeroth/Downloads/benchmark/sketches/2.png", 
                "source_images": [
                    "/home/laeroth/Downloads/benchmark/images/2/*.jpg"
                ], 
                "key": "set2"
            }, 
            {
                "query_image": "/home/laeroth/Downloads/benchmark/sketches/4.png", 
                "source_images": [
                    "/home/laeroth/Downloads/benchmark/images/4/*.jpg"
                ], 
                "key": "set4"
            }, 
            {
                "query_image": "/home/laeroth/Downloads/benchmark/sketches/6.png", 
                "source_images": [
                    "/home/laeroth/Downloads/benchmark/images/6/*.jpg"
                ], 
                "key": "set6"
            }, 
            {
                "query_image": "/home/laeroth/Downloads/benchmark/sketches/7.png", 
                "source_images": [
                    "/home/laeroth/Downloads/benchmark/images/7/*.jpg"
                ], 
                "key": "set7"
            }, 
            {
                "query_image": "/home/laeroth/Downloads/benchmark/sketches/8.png", 
                "source_images": [
                    "/home/laeroth/Downloads/benchmark/images/8/*.jpg"
                ], 
                "key": "set8"
            }, 
            {
                "query_image": "/home/laeroth/Downloads/benchmark/sketches/9.png", 
                "source_images": [
                    "/home/laeroth/Downloads/benchmark/images/9/*.jpg"
                ], 
                "key": "set9"
            }, 
            {
                "query_image": "/home/laeroth/Downloads/benchmark/sketches/10.png", 
                "source_images": [
                    "/home/laeroth/Downloads/benchmark/images/10/*.jpg"
                ], 
                "key": "set10"
            }, 
            {
                "query_image": "/home/laeroth/Downloads/benchmark/sketches/11.png", 
                "source_images": [
                    "/home/laeroth/Downloads/benchmark/images/11/*.jpg"
                ], 
                "key": "set11"
            }, 
            {
                "query_image": "/home/laeroth/Downloads/benchmark/sketches/12.png", 
                "source_images": [
                    "/home/laeroth/Downloads/benchmark/images/12/*.jpg"
                ], 
                "key": "set12"
            }, 
            {
                "query_image": "/home/laeroth/Downloads/benchmark/sketches/13.png", 
                "source_images": [
                    "/home/laeroth/Downloads/benchmark/images/13/*.jpg"
                ], 
                "key": "set13"
            }, 
            {
                "query_image": "/home/laeroth/Downloads/benchmark/sketches/14.png", 
                "source_images": [
                    "/home/laeroth/Downloads/benchmark/images/14/*.jpg"
                ], 
                "key": "set14"
            }, 
            {
                "query_image": "/home/laeroth/Downloads/benchmark/sketches/20.png", 
                "source_images": [
                    "/home/laeroth/Downloads/benchmark/images/20/*.jpg"
                ], 
                "key": "set20"
            }, 
            {
                "query_image": "/home/laeroth/Downloads/benchmark/sketches/21.png", 
                "source_images": [
                    "/home/laeroth/Downloads/benchmark/images/21/*.jpg"
                ], 
                "key": "set21"
            }, 
            {
                "query_image": "/home/laeroth/Downloads/benchmark/sketches/23.png", 
                "source_images": [
                    "/home/laeroth/Downloads/benchmark/images/23/*.jpg"
                ], 
                "key": "set23"
            }, 
            {
                "query_image": "/home/laeroth/Downloads/benchmark/sketches/24.png", 
                "source_images": [
                    "/home/laeroth/Downloads/benchmark/images/24/*.jpg"
                ], 
                "key": "set24"
            }, 
            {
                "query_image": "/home/laeroth/Downloads/benchmark/sketches/25.png", 
                "source_images": [
                    "/home/laeroth/Downloads/benchmark/images/25/*.jpg"
                ], 
                "key": "set25"
            }, 
            {
                "query_image": "/home/laeroth/Downloads/benchmark/sketches/26.png", 
                "source_images": [
                    "/home/laeroth/Downloads/benchmark/images/26/*.jpg"
                ], 
                "key": "set26"
            }, 
            {
                "query_image": "/home/laeroth/Downloads/benchmark/sketches/27.png",