{
    "duration": 1478.140355, 
    "correlations": {
        "/home/laeroth/Downloads/benchmark/sketches/42.png": -0.045161891858549068, 
        "/home/laeroth/Downloads/benchmark/sketches/21.png": -0.11340356844938025, 
        "/home/laeroth/Downloads/benchmark/sketches/48.png": 0.26839268252810478, 
        "/home/laeroth/Downloads/benchmark/sketches/23.png": 0.29968000579388321, 
        "/home/laeroth/Downloads/benchmark/sketches/26.png": 0.21993682828649799, 
        "/home/laeroth/Downloads/benchmark/sketches/43.png": 0.019292704235657716, 
        "/home/laeroth/Downloads/benchmark/sketches/4.png": 0.37323160965343011, 
        "/home/laeroth/Downloads/benchmark/sketches/0.png": 0.31809724295001662, 
        "/home/laeroth/Downloads/benchmark/sketches/11.png": 0.33870273237188009, 
        "/home/laeroth/Downloads/benchmark/sketches/25.png": 0.1715051440437565, 
        "/home/laeroth/Downloads/benchmark/sketches/27.png": 0.24195804543969612, 
        "/home/laeroth/Downloads/benchmark/sketches/33.png": 0.30996944805290066, 
        "/home/laeroth/Downloads/benchmark/sketches/30.png": 0.24661693502364901, 
        "/home/laeroth/Downloads/benchmark/sketches/6.png": -0.10580786092574353, 
        "/home/laeroth/Downloads/benchmark/sketches/2.png": 0.036036304639954747, 
        "/home/laeroth/Downloads/benchmark/sketches/1.png": 0.1506776413973763, 
        "/home/laeroth/Downloads/benchmark/sketches/38.png": 0.11097005142988949, 
        "/home/laeroth/Downloads/benchmark/sketches/9.png": -0.042553907920631316, 
        "/home/laeroth/Downloads/benchmark/sketches/14.png": 0.1066154837106757, 
        "/home/laeroth/Downloads/benchmark/sketches/13.png": 0.18111786991813583, 
        "/home/laeroth/Downloads/benchmark/sketches/28.png": 0.41651249267769436, 
        "/home/laeroth/Downloads/benchmark/sketches/34.png": 0.13213601178861831, 
        "/home/laeroth/Downloads/benchmark/sketches/7.png": 0.23423598015970584, 
        "/home/laeroth/Downloads/benchmark/sketches/8.png": 0.11082621462098524, 
        "/home/laeroth/Downloads/benchmark/sketches/20.png": 0.26546744432468561, 
        "/home/laeroth/Downloads/benchmark/sketches/24.png": -0.2879573627500473, 
        "/home/laeroth/Downloads/benchmark/sketches/10.png": 0.45003981406970694, 
        "/home/laeroth/Downloads/benchmark/sketches/12.png": 0.48356713546171948, 
        "/home/laeroth/Downloads/benchmark/sketches/46.png": -0.087630030165430195, 
        "/home/laeroth/Downloads/benchmark/sketches/47.png": -0.043815015082715097, 
        "/home/laeroth/Downloads/benchmark/sketches/45.png": 0.18251988329506424
    }, 
    "config": {
        "images": [
            {
                "query_image": "/home/laeroth/Downloads/benchmark/sketches/0.png", 
                "source_images": [
                    "/home/laeroth/Downloads/benchmark/images/0/*.jpg"
                ], 
                "key": "set0"
            }, 
            {
                "query_image": "/home/laeroth/Downloads/benchmark/sketches/1.png", 
                "source_images": [
                    "/home/laeroth/Downloads/benchmark/images/1/*.jpg"
                ], 
                "key": "set1"
            }, 
            {
                "query_image": "/home/laeroth/Downloads/benchmark/sketches/2.png", 
                "source_images": [
                    "/home/laeroth/Downloads/benchmark/images/2/*.jpg"
                ], 
                "key": "set2"
            }, 
            {
                "query_image": "/home/laeroth/Downloads/benchmark/sketches/4.png", 
                "source_images": [
                    "/home/laeroth/Downloads/benchmark/images/4/*.jpg"
                ], 
                "key": "set4"
            }, 
            {
                "query_image": "/home/laeroth/Downloads/benchmark/sketches/6.png", 
                "source_images": [
                    "/home/laeroth/Downloads/benchmark/images/6/*.jpg"
                ], 
                "key": "set6"
            }, 
            {
                "query_image": "/home/laeroth/Downloads/benchmark/sketches/7.png", 
                "source_images": [
                    "/home/laeroth/Downloads/benchmark/images/7/*.jpg"
                ], 
                "key": "set7"
            }, 
            {
                "query_image": "/home/laeroth/Downloads/benchmark/sketches/8.png", 
                "source_images": [
                    "/home/laeroth/Downloads/benchmark/images/8/*.jpg"
                ], 
                "key": "set8"
            }, 
            {
                "query_image": "/home/laeroth/Downloads/benchmark/sketches/9.png", 
                "source_images": [
                    "/home/laeroth/Downloads/benchmark/images/9/*.jpg"
                ], 
                "key": "set9"
            }, 
            {
                "query_image": "/home/laeroth/Downloads/benchmark/sketches/10.png", 
                "source_images": [
                    "/home/laeroth/Downloads/benchmark/images/10/*.jpg"
                ], 
                "key": "set10"
            }, 
            {
                "query_image": "/home/laeroth/Downloads/benchmark/sketches/11.png", 
                "source_images": [
                    "/home/laeroth/Downloads/benchmark/images/11/*.jpg"
                ], 
                "key": "set11"
            }, 
            {
                "query_image": "/home/laeroth/Downloads/benchmark/sketches/12.png", 
                "source_images": [
                    "/home/laeroth/Downloads/benchmark/images/12/*.jpg"
                ], 
                "key": "set12"
            }, 
            {
                "query_image": "/home/laeroth/Downloads/benchmark/sketches/13.png", 
                "source_images": [
                    "/home/laeroth/Downloads/benchmark/images/13/*.jpg"
                ], 
                "key": "set13"
            }, 
            {
                "query_image": "/home/laeroth/Downloads/benchmark/sketches/14.png", 
                "source_images": [
                    "/home/laeroth/Downloads/benchmark/images/14/*.jpg"
                ], 
                "key": "set14"
            }, 
            {
                "query_image": "/home/laeroth/Downloads/benchmark/sketches/20.png", 
                "source_images": [
                    "/home/laeroth/Downloads/benchmark/images/20/*.jpg"
                ], 
                "key": "set20"
            }, 
            {
                "query_image": "/home/laeroth/Downloads/benchmark/sketches/21.png", 
                "source_images": [
                    "/home/laeroth/Downloads/benchmark/images/21/*.jpg"
                ], 
                "key": "set21"
            }, 
            {
                "query_image": "/home/laeroth/Downloads/benchmark/sketches/23.png", 
                "source_images": [
                    "/home/laeroth/Downloads/benchmark/images/23/*.jpg"
                ], 
                "key": "set23"
            }, 
            {
                "query_image": "/home/laeroth/Downloads/benchmark/sketches/24.png", 
                "source_images": [
                    "/home/laeroth/Downloads/benchmark/images/24/*.jpg"
                ], 
                "key": "set24"
            }, 
            {
                "query_image": "/home/laeroth/Downloads/benchmark/sketches/25.png", 
                "source_images": [
                    "/home/laeroth/Downloads/benchmark/images/25/*.jpg"
                ], 
                "key": "set25"
            }, 
            {
                "query_image": "/home/laeroth/Downloads/benchmark/sketches/26.png", 
                "source_images": [
                    "/home/laeroth/Downloads/benchmark/images/26/*.jpg"
                ], 
                "key": "set26"
            }, 
            {
                "query_image": "/home/laeroth/Downloads/benchmark/sketches/27.png",