{
    "duration": 4.190991, 
    "correlations": {
        "/home/laeroth/Downloads/benchmark/sketches/42.png": 0.045132932643093815, 
        "/home/laeroth/Downloads/benchmark/sketches/21.png": 0.092784737822220201, 
        "/home/laeroth/Downloads/benchmark/sketches/48.png": 0.32774875654874336, 
        "/home/laeroth/Downloads/benchmark/sketches/23.png": 0.32797597200618123, 
        "/home/laeroth/Downloads/benchmark/sketches/26.png": 0.25080515506355033, 
        "/home/laeroth/Downloads/benchmark/sketches/43.png": 0.45144927911439059, 
        "/home/laeroth/Downloads/benchmark/sketches/4.png": -0.057878112706973156, 
        "/home/laeroth/Downloads/benchmark/sketches/0.png": 0.20219136495203488, 
        "/home/laeroth/Downloads/benchmark/sketches/11.png": 0.29749175352815321, 
        "/home/laeroth/Downloads/benchmark/sketches/25.png": 0.29014028127703168, 
        "/home/laeroth/Downloads/benchmark/sketches/27.png": 0.4041214163194925, 
        "/home/laeroth/Downloads/benchmark/sketches/33.png": 0.034726867624183894, 
        "/home/laeroth/Downloads/benchmark/sketches/30.png": 0.26469356900444002, 
        "/home/laeroth/Downloads/benchmark/sketches/6.png": -0.14313587209666898, 
        "/home/laeroth/Downloads/benchmark/sketches/2.png": 0.056628478719928883, 
        "/home/laeroth/Downloads/benchmark/sketches/1.png": 0.30779449823908495, 
        "/home/laeroth/Downloads/benchmark/sketches/38.png": 0.18839101754376586, 
        "/home/laeroth/Downloads/benchmark/sketches/9.png": 0.15087294626405648, 
        "/home/laeroth/Downloads/benchmark/sketches/14.png": 0.4431607455443749, 
        "/home/laeroth/Downloads/benchmark/sketches/13.png": 0.40205598074025894, 
        "/home/laeroth/Downloads/benchmark/sketches/28.png": 0.23855978682778162, 
        "/home/laeroth/Downloads/benchmark/sketches/34.png": 0.46568322601231499, 
        "/home/laeroth/Downloads/benchmark/sketches/7.png": 0.46074989503942138, 
        "/home/laeroth/Downloads/benchmark/sketches/8.png": 0.010309415313580022, 
        "/home/laeroth/Downloads/benchmark/sketches/20.png": 0.3118598132357957, 
        "/home/laeroth/Downloads/benchmark/sketches/24.png": 0.20753683801805212, 
        "/home/laeroth/Downloads/benchmark/sketches/10.png": 0.45519786351463193, 
        "/home/laeroth/Downloads/benchmark/sketches/12.png": 0.18182124293360652, 
        "/home/laeroth/Downloads/benchmark/sketches/46.png": 0.095362091650615211, 
        "/home/laeroth/Downloads/benchmark/sketches/47.png": 0.036082953597530082, 
        "/home/laeroth/Downloads/benchmark/sketches/45.png": -0.061696861958894955
    }, 
    "config": {
        "images": [
            {
                "query_image": "/home/laeroth/Downloads/benchmark/sketches/0.png", 
                "source_images": [
                    "/home/laeroth/Downloads/benchmark/images/0/*.jpg"
                ], 
                "key": "set0"
            }, 
            {
                "query_image": "/home/laeroth/Downloads/benchmark/sketches/1.png", 
                "source_images": [
                    "/home/laeroth/Downloads/benchmark/images/1/*.jpg"
                ], 
                "key": "set1"
            }, 
            {
                "query_image": "/home/laeroth/Downloads/benchmark/sketches/2.png", 
                "source_images": [
                    "/home/laeroth/Downloads/benchmark/images/2/*.jpg"
                ], 
                "key": "set2"
            }, 
            {
                "query_image": "/home/laeroth/Downloads/benchmark/sketches/4.png", 
                "source_images": [
                    "/home/laeroth/Downloads/benchmark/images/4/*.jpg"
                ], 
                "key": "set4"
            }, 
            {
                "query_image": "/home/laeroth/Downloads/benchmark/sketches/6.png", 
                "source_images": [
                    "/home/laeroth/Downloads/benchmark/images/6/*.jpg"
                ], 
                "key": "set6"
            }, 
            {
                "query_image": "/home/laeroth/Downloads/benchmark/sketches/7.png", 
                "source_images": [
                    "/home/laeroth/Downloads/benchmark/images/7/*.jpg"
                ], 
                "key": "set7"
            }, 
            {
                "query_image": "/home/laeroth/Downloads/benchmark/sketches/8.png", 
                "source_images": [
                    "/home/laeroth/Downloads/benchmark/images/8/*.jpg"
                ], 
                "key": "set8"
            }, 
            {
                "query_image": "/home/laeroth/Downloads/benchmark/sketches/9.png", 
                "source_images": [
                    "/home/laeroth/Downloads/benchmark/images/9/*.jpg"
                ], 
                "key": "set9"
            }, 
            {
                "query_image": "/home/laeroth/Downloads/benchmark/sketches/10.png", 
                "source_images": [
                    "/home/laeroth/Downloads/benchmark/images/10/*.jpg"
                ], 
                "key": "set10"
            }, 
            {
                "query_image": "/home/laeroth/Downloads/benchmark/sketches/11.png", 
                "source_images": [
                    "/home/laeroth/Downloads/benchmark/images/11/*.jpg"
                ], 
                "key": "set11"
            }, 
            {
                "query_image": "/home/laeroth/Downloads/benchmark/sketches/12.png", 
                "source_images": [
                    "/home/laeroth/Downloads/benchmark/images/12/*.jpg"
                ], 
                "key": "set12"
            }, 
            {
                "query_image": "/home/laeroth/Downloads/benchmark/sketches/13.png", 
                "source_images": [
                    "/home/laeroth/Downloads/benchmark/images/13/*.jpg"
                ], 
                "key": "set13"
            }, 
            {
                "query_image": "/home/laeroth/Downloads/benchmark/sketches/14.png", 
                "source_images": [
                    "/home/laeroth/Downloads/benchmark/images/14/*.jpg"
                ], 
                "key": "set14"
            }, 
            {
                "query_image": "/home/laeroth/Downloads/benchmark/sketches/20.png", 
                "source_images": [
                    "/home/laeroth/Downloads/benchmark/images/20/*.jpg"
                ], 
                "key": "set20"
            }, 
            {
                "query_image": "/home/laeroth/Downloads/benchmark/sketches/21.png", 
                "source_images": [
                    "/home/laeroth/Downloads/benchmark/images/21/*.jpg"
                ], 
                "key": "set21"
            }, 
            {
                "query_image": "/home/laeroth/Downloads/benchmark/sketches/23.png", 
                "source_images": [
                    "/home/laeroth/Downloads/benchmark/images/23/*.jpg"
                ], 
                "key": "set23"
            }, 
            {
                "query_image": "/home/laeroth/Downloads/benchmark/sketches/24.png", 
                "source_images": [
                    "/home/laeroth/Downloads/benchmark/images/24/*.jpg"
                ], 
                "key": "set24"
            }, 
            {
                "query_image": "/home/laeroth/Downloads/benchmark/sketches/25.png", 
                "source_images": [
                    "/home/laeroth/Downloads/benchmark/images/25/*.jpg"
                ], 
                "key": "set25"
            }, 
            {
                "query_image": "/home/laeroth/Downloads/benchmark/sketches/26.png", 
                "source_images": [
                    "/home/laeroth/Downloads/benchmark/images/26/*.jpg"
                ], 
                "key": "set26"
            }, 
            {
                "query_image": "/home/laeroth/Downloads/benchmark/sketches/27.png",