{
    "duration": 0.069408, 
    "correlations": {
        "/home/laeroth/Downloads/benchmark/sketches/28.png": 0.46035591295955691, 
        "/home/laeroth/Downloads/benchmark/sketches/48.png": 0.35613644412383139, 
        "/home/laeroth/Downloads/benchmark/sketches/23.png": 0.40514678894881206, 
        "/home/laeroth/Downloads/benchmark/sketches/26.png": 0.40771914951356641, 
        "/home/laeroth/Downloads/benchmark/sketches/43.png": 0.46688344250291675, 
        "/home/laeroth/Downloads/benchmark/sketches/4.png": 0.17620669868567382, 
        "/home/laeroth/Downloads/benchmark/sketches/0.png": 0.53703056805731553, 
        "/home/laeroth/Downloads/benchmark/sketches/11.png": 0.24597802997349466, 
        "/home/laeroth/Downloads/benchmark/sketches/25.png": 0.33656272628135675, 
        "/home/laeroth/Downloads/benchmark/sketches/27.png": 0.40926945983948604, 
        "/home/laeroth/Downloads/benchmark/sketches/33.png": 0.063022833836481884, 
        "/home/laeroth/Downloads/benchmark/sketches/30.png": 0.31117634209790268, 
        "/home/laeroth/Downloads/benchmark/sketches/6.png": 0.11218757542711892, 
        "/home/laeroth/Downloads/benchmark/sketches/2.png": 0.2059217407997414, 
        "/home/laeroth/Downloads/benchmark/sketches/1.png": 0.13264783815324582, 
        "/home/laeroth/Downloads/benchmark/sketches/38.png": 0.35871714299429391, 
        "/home/laeroth/Downloads/benchmark/sketches/9.png": 0.29787735544441918, 
        "/home/laeroth/Downloads/benchmark/sketches/14.png": 0.42517741094257416, 
        "/home/laeroth/Downloads/benchmark/sketches/13.png": 0.45857503234591834, 
        "/home/laeroth/Downloads/benchmark/sketches/42.png": -0.052870006810481332, 
        "/home/laeroth/Downloads/benchmark/sketches/34.png": 0.43489425239166607, 
        "/home/laeroth/Downloads/benchmark/sketches/7.png": 0.35006695935956039, 
        "/home/laeroth/Downloads/benchmark/sketches/21.png": 0.0025773538283950055, 
        "/home/laeroth/Downloads/benchmark/sketches/8.png": 0.09793944547901022, 
        "/home/laeroth/Downloads/benchmark/sketches/20.png": 0.51031605802221114, 
        "/home/laeroth/Downloads/benchmark/sketches/24.png": 0.18418894374102127, 
        "/home/laeroth/Downloads/benchmark/sketches/10.png": 0.35977394878351926, 
        "/home/laeroth/Downloads/benchmark/sketches/12.png": 0.23340173738285661, 
        "/home/laeroth/Downloads/benchmark/sketches/46.png": -0.025773538283950057, 
        "/home/laeroth/Downloads/benchmark/sketches/47.png": 0.20618830627160045, 
        "/home/laeroth/Downloads/benchmark/sketches/45.png": 0.11054021100968679
    }, 
    "config": {
        "images": [
            {
                "query_image": "/home/laeroth/Downloads/benchmark/sketches/0.png", 
                "source_images": [
                    "/home/laeroth/Downloads/benchmark/images/0/*.jpg"
                ], 
                "key": "set0"
            }, 
            {
                "query_image": "/home/laeroth/Downloads/benchmark/sketches/1.png", 
                "source_images": [
                    "/home/laeroth/Downloads/benchmark/images/1/*.jpg"
                ], 
                "key": "set1"
            }, 
            {
                "query_image": "/home/laeroth/Downloads/benchmark/sketches/2.png", 
                "source_images": [
                    "/home/laeroth/Downloads/benchmark/images/2/*.jpg"
                ], 
                "key": "set2"
            }, 
            {
                "query_image": "/home/laeroth/Downloads/benchmark/sketches/4.png", 
                "source_images": [
                    "/home/laeroth/Downloads/benchmark/images/4/*.jpg"
                ], 
                "key": "set4"
            }, 
            {
                "query_image": "/home/laeroth/Downloads/benchmark/sketches/6.png", 
                "source_images": [
                    "/home/laeroth/Downloads/benchmark/images/6/*.jpg"
                ], 
                "key": "set6"
            }, 
            {
                "query_image": "/home/laeroth/Downloads/benchmark/sketches/7.png", 
                "source_images": [
                    "/home/laeroth/Downloads/benchmark/images/7/*.jpg"
                ], 
                "key": "set7"
            }, 
            {
                "query_image": "/home/laeroth/Downloads/benchmark/sketches/8.png", 
                "source_images": [
                    "/home/laeroth/Downloads/benchmark/images/8/*.jpg"
                ], 
                "key": "set8"
            }, 
            {
                "query_image": "/home/laeroth/Downloads/benchmark/sketches/9.png", 
                "source_images": [
                    "/home/laeroth/Downloads/benchmark/images/9/*.jpg"
                ], 
                "key": "set9"
            }, 
            {
                "query_image": "/home/laeroth/Downloads/benchmark/sketches/10.png", 
                "source_images": [
                    "/home/laeroth/Downloads/benchmark/images/10/*.jpg"
                ], 
                "key": "set10"
            }, 
            {
                "query_image": "/home/laeroth/Downloads/benchmark/sketches/11.png", 
                "source_images": [
                    "/home/laeroth/Downloads/benchmark/images/11/*.jpg"
                ], 
                "key": "set11"
            }, 
            {
                "query_image": "/home/laeroth/Downloads/benchmark/sketches/12.png", 
                "source_images": [
                    "/home/laeroth/Downloads/benchmark/images/12/*.jpg"
                ], 
                "key": "set12"
            }, 
            {
                "query_image": "/home/laeroth/Downloads/benchmark/sketches/13.png", 
                "source_images": [
                    "/home/laeroth/Downloads/benchmark/images/13/*.jpg"
                ], 
                "key": "set13"
            }, 
            {
                "query_image": "/home/laeroth/Downloads/benchmark/sketches/14.png", 
                "source_images": [
                    "/home/laeroth/Downloads/benchmark/images/14/*.jpg"
                ], 
                "key": "set14"
            }, 
            {
                "query_image": "/home/laeroth/Downloads/benchmark/sketches/20.png", 
                "source_images": [
                    "/home/laeroth/Downloads/benchmark/images/20/*.jpg"
                ], 
                "key": "set20"
            }, 
            {
                "query_image": "/home/laeroth/Downloads/benchmark/sketches/21.png", 
                "source_images": [
                    "/home/laeroth/Downloads/benchmark/images/21/*.jpg"
                ], 
                "key": "set21"
            }, 
            {
                "query_image": "/home/laeroth/Downloads/benchmark/sketches/23.png", 
                "source_images": [
                    "/home/laeroth/Downloads/benchmark/images/23/*.jpg"
                ], 
                "key": "set23"
            }, 
            {
                "query_image": "/home/laeroth/Downloads/benchmark/sketches/24.png", 
                "source_images": [
                    "/home/laeroth/Downloads/benchmark/images/24/*.jpg"
                ], 
                "key": "set24"
            }, 
            {
                "query_image": "/home/laeroth/Downloads/benchmark/sketches/25.png", 
                "source_images": [
                    "/home/laeroth/Downloads/benchmark/images/25/*.jpg"
                ], 
                "key": "set25"
            }, 
            {
                "query_image": "/home/laeroth/Downloads/benchmark/sketches/26.png", 
                "source_images": [
                    "/home/laeroth/Downloads/benchmark/images/26/*.jpg"
                ], 
                "key": "set26"
            }, 
            {
                "query_image": "/home/laeroth/Downloads/benchmark/sketches/27.png",