{
    "duration": 74.294213, 
    "correlations": {
        "/home/laeroth/Downloads/benchmark/sketches/42.png": -0.21548674115364841, 
        "/home/laeroth/Downloads/benchmark/sketches/21.png": 0.13659975290493531, 
        "/home/laeroth/Downloads/benchmark/sketches/48.png": 0.20387521076654114, 
        "/home/laeroth/Downloads/benchmark/sketches/23.png": 0.38714026499553156, 
        "/home/laeroth/Downloads/benchmark/sketches/26.png": 0.31768652974716377, 
        "/home/laeroth/Downloads/benchmark/sketches/43.png": 0.068167554965990598, 
        "/home/laeroth/Downloads/benchmark/sketches/4.png": 0.21879094358994181, 
        "/home/laeroth/Downloads/benchmark/sketches/0.png": 0.42627606241479965, 
        "/home/laeroth/Downloads/benchmark/sketches/11.png": 0.37991371121560691, 
        "/home/laeroth/Downloads/benchmark/sketches/25.png": 0.20761149015823155, 
        "/home/laeroth/Downloads/benchmark/sketches/27.png": 0.29343848063963146, 
        "/home/laeroth/Downloads/benchmark/sketches/33.png": 0.33826541426519863, 
        "/home/laeroth/Downloads/benchmark/sketches/30.png": 0.28018782670226094, 
        "/home/laeroth/Downloads/benchmark/sketches/6.png": 0.04129087255638772, 
        "/home/laeroth/Downloads/benchmark/sketches/2.png": 0.041184348159948279, 
        "/home/laeroth/Downloads/benchmark/sketches/1.png": 0.063104311354456738, 
        "/home/laeroth/Downloads/benchmark/sketches/38.png": 0.056775375150176013, 
        "/home/laeroth/Downloads/benchmark/sketches/9.png": 0.1044505012597314, 
        "/home/laeroth/Downloads/benchmark/sketches/14.png": 0.068079766706817008, 
        "/home/laeroth/Downloads/benchmark/sketches/13.png": 0.28901787752894015, 
        "/home/laeroth/Downloads/benchmark/sketches/28.png": 0.41135444323276937, 
        "/home/laeroth/Downloads/benchmark/sketches/34.png": 0.067992316745599704, 
        "/home/laeroth/Downloads/benchmark/sketches/7.png": 0.49936022143937286, 
        "/home/laeroth/Downloads/benchmark/sketches/8.png": 0.020618830627160044, 
        "/home/laeroth/Downloads/benchmark/sketches/20.png": 0.16237329118888535, 
        "/home/laeroth/Downloads/benchmark/sketches/24.png": -0.12971052376128256, 
        "/home/laeroth/Downloads/benchmark/sketches/10.png": 0.24113881155024411, 
        "/home/laeroth/Downloads/benchmark/sketches/12.png": 0.1611890451539065, 
        "/home/laeroth/Downloads/benchmark/sketches/46.png": 0.34278805917653576, 
        "/home/laeroth/Downloads/benchmark/sketches/47.png": 0.2706221519814756, 
        "/home/laeroth/Downloads/benchmark/sketches/45.png": 0.1465300471523755
    }, 
    "config": {
        "features": {
            "extractor": "features.global_means", 
            "grid_size": 8
        }, 
        "curvelets": {
            "transform": "transforms.curvelet", 
            "angles": 12, 
            "scales": 4
        }, 
        "readers": {
            "query": "readers.luma", 
            "image": "readers.sobel"
        }, 
        "metric": {
            "metric": "metrics.cosine_means"
        }, 
        "cache": {
            "reader_enabled": false, 
            "feature_enabled": true
        }, 
        "images": [
            {
                "query_image": "/home/laeroth/Downloads/benchmark/sketches/0.png", 
                "source_images": [
                    "/home/laeroth/Downloads/benchmark/images/0/*.jpg"
                ], 
                "key": "set0"
            }, 
            {
                "query_image": "/home/laeroth/Downloads/benchmark/sketches/1.png", 
                "source_images": [
                    "/home/laeroth/Downloads/benchmark/images/1/*.jpg"
                ], 
                "key": "set1"
            }, 
            {
                "query_image": "/home/laeroth/Downloads/benchmark/sketches/2.png", 
                "source_images": [
                    "/home/laeroth/Downloads/benchmark/images/2/*.jpg"
                ], 
                "key": "set2"
            }, 
            {
                "query_image": "/home/laeroth/Downloads/benchmark/sketches/4.png", 
                "source_images": [
                    "/home/laeroth/Downloads/benchmark/images/4/*.jpg"
                ], 
                "key": "set4"
            }, 
            {
                "query_image": "/home/laeroth/Downloads/benchmark/sketches/6.png", 
                "source_images": [
                    "/home/laeroth/Downloads/benchmark/images/6/*.jpg"
                ], 
                "key": "set6"
            }, 
            {
                "query_image": "/home/laeroth/Downloads/benchmark/sketches/7.png", 
                "source_images": [
                    "/home/laeroth/Downloads/benchmark/images/7/*.jpg"
                ], 
                "key": "set7"
            }, 
            {
                "query_image": "/home/laeroth/Downloads/benchmark/sketches/8.png", 
                "source_images": [
                    "/home/laeroth/Downloads/benchmark/images/8/*.jpg"
                ], 
                "key": "set8"
            }, 
            {
                "query_image": "/home/laeroth/Downloads/benchmark/sketches/9.png", 
                "source_images": [
                    "/home/laeroth/Downloads/benchmark/images/9/*.jpg"
                ], 
                "key": "set9"
            }, 
            {
                "query_image": "/home/laeroth/Downloads/benchmark/sketches/10.png", 
                "source_images": [
                    "/home/laeroth/Downloads/benchmark/images/10/*.jpg"
                ], 
                "key": "set10"
            }, 
            {
                "query_image": "/home/laeroth/Downloads/benchmark/sketches/11.png", 
                "source_images": [
                    "/home/laeroth/Downloads/benchmark/images/11/*.jpg"
                ], 
                "key": "set11"
            }, 
            {
                "query_image": "/home/laeroth/Downloads/benchmark/sketches/12.png", 
                "source_images": [
                    "/home/laeroth/Downloads/benchmark/images/12/*.jpg"
                ], 
                "key": "set12"
            }, 
            {
                "query_image": "/home/laeroth/Downloads/benchmark/sketches/13.png", 
                "source_images": [
                    "/home/laeroth/Downloads/benchmark/images/13/*.jpg"
                ], 
                "key": "set13"
            }, 
            {
                "query_image": "/home/laeroth/Downloads/benchmark/sketches/14.png", 
                "source_images": [
                    "/home/laeroth/Downloads/benchmark/images/14/*.jpg"
                ], 
                "key": "set14"
            }, 
            {
                "query_image": "/home/laeroth/Downloads/benchmark/sketches/20.png", 
                "source_images": [
                    "/home/laeroth/Downloads/benchmark/images/20/*.jpg"
                ], 
                "key": "set20"
            }, 
            {
                "query_image": "/home/laeroth/Downloads/benchmark/sketches/21.png", 
                "source_images": [
                    "/home/laeroth/Downloads/benchmark/images/21/*.jpg"
                ], 
                "key": "set21"
            }, 
            {
                "query_image": "/home/laeroth/Downloads/benchmark/sketches/23.png", 
                "source_images": [
                    "/home/laeroth/Downloads/benchmark/images/23/*.jpg"
                ], 
                "key": "set23"
            }, 
            {
                "query_image": "/home/laeroth/Downloads/benchmark/sketches/24.png", 
                "source_images": [
                    "/home/laeroth/Downloads/benchmark/images/24/*.jpg"
                ], 
                "key": "set24"
            }, 
            {
                "query_image": "/home/laeroth/Downloads/benchmark/sketches/25.png",