{
    "duration": 2077.581108, 
    "correlations": {
        "/home/laeroth/Downloads/benchmark/sketches/42.png": 0.052903930462871764, 
        "/home/laeroth/Downloads/benchmark/sketches/21.png": -0.092784737822220201, 
        "/home/laeroth/Downloads/benchmark/sketches/48.png": 0.30968386445550555, 
        "/home/laeroth/Downloads/benchmark/sketches/23.png": 0.32540361144142682, 
        "/home/laeroth/Downloads/benchmark/sketches/26.png": 0.19421322263895435, 
        "/home/laeroth/Downloads/benchmark/sketches/43.png": 0.024437425365166441, 
        "/home/laeroth/Downloads/benchmark/sketches/4.png": 0.29086325441956967, 
        "/home/laeroth/Downloads/benchmark/sketches/0.png": 0.25628077468442639, 
        "/home/laeroth/Downloads/benchmark/sketches/11.png": 0.31294587059455081, 
        "/home/laeroth/Downloads/benchmark/sketches/25.png": 0.19213734182345654, 
        "/home/laeroth/Downloads/benchmark/sketches/27.png": 0.2059217407997414, 
        "/home/laeroth/Downloads/benchmark/sketches/33.png": 0.35884429878323354, 
        "/home/laeroth/Downloads/benchmark/sketches/30.png": 0.228540301042858, 
        "/home/laeroth/Downloads/benchmark/sketches/6.png": -0.12129193813438892, 
        "/home/laeroth/Downloads/benchmark/sketches/2.png": 0.0, 
        "/home/laeroth/Downloads/benchmark/sketches/1.png": 0.14552626904191046, 
        "/home/laeroth/Downloads/benchmark/sketches/38.png": 0.051613977409250923, 
        "/home/laeroth/Downloads/benchmark/sketches/9.png": -0.070923179867718858, 
        "/home/laeroth/Downloads/benchmark/sketches/14.png": 0.11432262711144743, 
        "/home/laeroth/Downloads/benchmark/sketches/13.png": 0.15028929631504886, 
        "/home/laeroth/Downloads/benchmark/sketches/28.png": 0.40103834434291935, 
        "/home/laeroth/Downloads/benchmark/sketches/34.png": 0.11161002937485234, 
        "/home/laeroth/Downloads/benchmark/sketches/7.png": 0.2290879366397123, 
        "/home/laeroth/Downloads/benchmark/sketches/8.png": 0.15979593736049036, 
        "/home/laeroth/Downloads/benchmark/sketches/20.png": 0.26289009049629058, 
        "/home/laeroth/Downloads/benchmark/sketches/24.png": -0.2775805208491447, 
        "/home/laeroth/Downloads/benchmark/sketches/10.png": 0.42682859156754438, 
        "/home/laeroth/Downloads/benchmark/sketches/12.png": 0.4371446904573944, 
        "/home/laeroth/Downloads/benchmark/sketches/46.png": -0.059279138053085129, 
        "/home/laeroth/Downloads/benchmark/sketches/47.png": -0.087630030165430195, 
        "/home/laeroth/Downloads/benchmark/sketches/45.png": 0.18251988329506424
    }, 
    "config": {
        "features": {
            "extractor": "features.global_means", 
            "grid_size": 12
        }, 
        "curvelets": {
            "transform": "transforms.curvelet", 
            "angles": 12, 
            "scales": 4
        }, 
        "readers": {
            "query": "readers.luma", 
            "image": "readers.sobel"
        }, 
        "metric": {
            "metric": "metrics.l2_means"
        }, 
        "cache": {
            "reader_enabled": false, 
            "feature_enabled": true
        }, 
        "images": [
            {
                "query_image": "/home/laeroth/Downloads/benchmark/sketches/0.png", 
                "source_images": [
                    "/home/laeroth/Downloads/benchmark/images/0/*.jpg"
                ], 
                "key": "set0"
            }, 
            {
                "query_image": "/home/laeroth/Downloads/benchmark/sketches/1.png", 
                "source_images": [
                    "/home/laeroth/Downloads/benchmark/images/1/*.jpg"
                ], 
                "key": "set1"
            }, 
            {
                "query_image": "/home/laeroth/Downloads/benchmark/sketches/2.png", 
                "source_images": [
                    "/home/laeroth/Downloads/benchmark/images/2/*.jpg"
                ], 
                "key": "set2"
            }, 
            {
                "query_image": "/home/laeroth/Downloads/benchmark/sketches/4.png", 
                "source_images": [
                    "/home/laeroth/Downloads/benchmark/images/4/*.jpg"
                ], 
                "key": "set4"
            }, 
            {
                "query_image": "/home/laeroth/Downloads/benchmark/sketches/6.png", 
                "source_images": [
                    "/home/laeroth/Downloads/benchmark/images/6/*.jpg"
                ], 
                "key": "set6"
            }, 
            {
                "query_image": "/home/laeroth/Downloads/benchmark/sketches/7.png", 
                "source_images": [
                    "/home/laeroth/Downloads/benchmark/images/7/*.jpg"
                ], 
                "key": "set7"
            }, 
            {
                "query_image": "/home/laeroth/Downloads/benchmark/sketches/8.png", 
                "source_images": [
                    "/home/laeroth/Downloads/benchmark/images/8/*.jpg"
                ], 
                "key": "set8"
            }, 
            {
                "query_image": "/home/laeroth/Downloads/benchmark/sketches/9.png", 
                "source_images": [
                    "/home/laeroth/Downloads/benchmark/images/9/*.jpg"
                ], 
                "key": "set9"
            }, 
            {
                "query_image": "/home/laeroth/Downloads/benchmark/sketches/10.png", 
                "source_images": [
                    "/home/laeroth/Downloads/benchmark/images/10/*.jpg"
                ], 
                "key": "set10"
            }, 
            {
                "query_image": "/home/laeroth/Downloads/benchmark/sketches/11.png", 
                "source_images": [
                    "/home/laeroth/Downloads/benchmark/images/11/*.jpg"
                ], 
                "key": "set11"
            }, 
            {
                "query_image": "/home/laeroth/Downloads/benchmark/sketches/12.png", 
                "source_images": [
                    "/home/laeroth/Downloads/benchmark/images/12/*.jpg"
                ], 
                "key": "set12"
            }, 
            {
                "query_image": "/home/laeroth/Downloads/benchmark/sketches/13.png", 
                "source_images": [
                    "/home/laeroth/Downloads/benchmark/images/13/*.jpg"
                ], 
                "key": "set13"
            }, 
            {
                "query_image": "/home/laeroth/Downloads/benchmark/sketches/14.png", 
                "source_images": [
                    "/home/laeroth/Downloads/benchmark/images/14/*.jpg"
                ], 
                "key": "set14"
            }, 
            {
                "query_image": "/home/laeroth/Downloads/benchmark/sketches/20.png", 
                "source_images": [
                    "/home/laeroth/Downloads/benchmark/images/20/*.jpg"
                ], 
                "key": "set20"
            }, 
            {
                "query_image": "/home/laeroth/Downloads/benchmark/sketches/21.png", 
                "source_images": [
                    "/home/laeroth/Downloads/benchmark/images/21/*.jpg"
                ], 
                "key": "set21"
            }, 
            {
                "query_image": "/home/laeroth/Downloads/benchmark/sketches/23.png", 
                "source_images": [
                    "/home/laeroth/Downloads/benchmark/images/23/*.jpg"
                ], 
                "key": "set23"
            }, 
            {
                "query_image": "/home/laeroth/Downloads/benchmark/sketches/24.png", 
                "source_images": [
                    "/home/laeroth/Downloads/benchmark/images/24/*.jpg"
                ], 
                "key": "set24"
            }, 
            {
                "query_image": "/home/laeroth/Downloads/benchmark/sketches/25.png",