{
    "duration": 1515.323806, 
    "correlations": {
        "/home/laeroth/Downloads/benchmark/sketches/42.png": -0.26451965231435881, 
        "/home/laeroth/Downloads/benchmark/sketches/21.png": 0.17783741415925539, 
        "/home/laeroth/Downloads/benchmark/sketches/48.png": 0.22194010285977897, 
        "/home/laeroth/Downloads/benchmark/sketches/23.png": 0.29710764522912886, 
        "/home/laeroth/Downloads/benchmark/sketches/26.png": 0.36656138047749665, 
        "/home/laeroth/Downloads/benchmark/sketches/43.png": 0.1093253240020604, 
        "/home/laeroth/Downloads/benchmark/sketches/4.png": 0.097812421840209274, 
        "/home/laeroth/Downloads/benchmark/sketches/0.png": 0.3593082217937435, 
        "/home/laeroth/Downloads/benchmark/sketches/11.png": 0.26658351939535807, 
        "/home/laeroth/Downloads/benchmark/sketches/25.png": 0.10960855070465642, 
        "/home/laeroth/Downloads/benchmark/sketches/27.png": 0.35778902463955065, 
        "/home/laeroth/Downloads/benchmark/sketches/33.png": 0.21221974659223489, 
        "/home/laeroth/Downloads/benchmark/sketches/30.png": 0.24919931130661915, 
        "/home/laeroth/Downloads/benchmark/sketches/6.png": 0.025806795347742325, 
        "/home/laeroth/Downloads/benchmark/sketches/2.png": 0.28314239359964444, 
        "/home/laeroth/Downloads/benchmark/sketches/1.png": 0.032196077221661602, 
        "/home/laeroth/Downloads/benchmark/sketches/38.png": -0.041291181927400736, 
        "/home/laeroth/Downloads/benchmark/sketches/9.png": 0.15087294626405648, 
        "/home/laeroth/Downloads/benchmark/sketches/14.png": 0.12459881831247642, 
        "/home/laeroth/Downloads/benchmark/sketches/13.png": 0.33782978573382783, 
        "/home/laeroth/Downloads/benchmark/sketches/28.png": 0.20761149015823155, 
        "/home/laeroth/Downloads/benchmark/sketches/34.png": 0.098781290366248636, 
        "/home/laeroth/Downloads/benchmark/sketches/7.png": 0.47104598207940845, 
        "/home/laeroth/Downloads/benchmark/sketches/8.png": 0.028350892112345063, 
        "/home/laeroth/Downloads/benchmark/sketches/20.png": 0.25000332135431552, 
        "/home/laeroth/Downloads/benchmark/sketches/24.png": -0.10636262948425171, 
        "/home/laeroth/Downloads/benchmark/sketches/10.png": 0.22824368793793159, 
        "/home/laeroth/Downloads/benchmark/sketches/12.png": 0.12508269903943145, 
        "/home/laeroth/Downloads/benchmark/sketches/46.png": 0.48454251973826107, 
        "/home/laeroth/Downloads/benchmark/sketches/47.png": 0.28093156729505564, 
        "/home/laeroth/Downloads/benchmark/sketches/45.png": 0.010282810326482492
    }, 
    "config": {
        "features": {
            "extractor": "features.global_means", 
            "grid_size": 4
        }, 
        "curvelets": {
            "transform": "transforms.curvelet", 
            "angles": 12, 
            "scales": 4
        }, 
        "readers": {
            "query": "readers.luma", 
            "image": "readers.canny", 
            "canny_sigma": 1.5
        }, 
        "metric": {
            "metric": "metrics.cosine_means"
        }, 
        "cache": {
            "reader_enabled": true, 
            "reader_path": "/media/data0/unsorted/caches", 
            "feature_enabled": true
        }, 
        "images": [
            {
                "query_image": "/home/laeroth/Downloads/benchmark/sketches/0.png", 
                "source_images": [
                    "/home/laeroth/Downloads/benchmark/images/0/*.jpg"
                ], 
                "key": "set0"
            }, 
            {
                "query_image": "/home/laeroth/Downloads/benchmark/sketches/1.png", 
                "source_images": [
                    "/home/laeroth/Downloads/benchmark/images/1/*.jpg"
                ], 
                "key": "set1"
            }, 
            {
                "query_image": "/home/laeroth/Downloads/benchmark/sketches/2.png", 
                "source_images": [
                    "/home/laeroth/Downloads/benchmark/images/2/*.jpg"
                ], 
                "key": "set2"
            }, 
            {
                "query_image": "/home/laeroth/Downloads/benchmark/sketches/4.png", 
                "source_images": [
                    "/home/laeroth/Downloads/benchmark/images/4/*.jpg"
                ], 
                "key": "set4"
            }, 
            {
                "query_image": "/home/laeroth/Downloads/benchmark/sketches/6.png", 
                "source_images": [
                    "/home/laeroth/Downloads/benchmark/images/6/*.jpg"
                ], 
                "key": "set6"
            }, 
            {
                "query_image": "/home/laeroth/Downloads/benchmark/sketches/7.png", 
                "source_images": [
                    "/home/laeroth/Downloads/benchmark/images/7/*.jpg"
                ], 
                "key": "set7"
            }, 
            {
                "query_image": "/home/laeroth/Downloads/benchmark/sketches/8.png", 
                "source_images": [
                    "/home/laeroth/Downloads/benchmark/images/8/*.jpg"
                ], 
                "key": "set8"
            }, 
            {
                "query_image": "/home/laeroth/Downloads/benchmark/sketches/9.png", 
                "source_images": [
                    "/home/laeroth/Downloads/benchmark/images/9/*.jpg"
                ], 
                "key": "set9"
            }, 
            {
                "query_image": "/home/laeroth/Downloads/benchmark/sketches/10.png", 
                "source_images": [
                    "/home/laeroth/Downloads/benchmark/images/10/*.jpg"
                ], 
                "key": "set10"
            }, 
            {
                "query_image": "/home/laeroth/Downloads/benchmark/sketches/11.png", 
                "source_images": [
                    "/home/laeroth/Downloads/benchmark/images/11/*.jpg"
                ], 
                "key": "set11"
            }, 
            {
                "query_image": "/home/laeroth/Downloads/benchmark/sketches/12.png", 
                "source_images": [
                    "/home/laeroth/Downloads/benchmark/images/12/*.jpg"
                ], 
                "key": "set12"
            }, 
            {
                "query_image": "/home/laeroth/Downloads/benchmark/sketches/13.png", 
                "source_images": [
                    "/home/laeroth/Downloads/benchmark/images/13/*.jpg"
                ], 
                "key": "set13"
            }, 
            {
                "query_image": "/home/laeroth/Downloads/benchmark/sketches/14.png", 
                "source_images": [
                    "/home/laeroth/Downloads/benchmark/images/14/*.jpg"
                ], 
                "key": "set14"
            }, 
            {
                "query_image": "/home/laeroth/Downloads/benchmark/sketches/20.png", 
                "source_images": [
                    "/home/laeroth/Downloads/benchmark/images/20/*.jpg"
                ], 
                "key": "set20"
            }, 
            {
                "query_image": "/home/laeroth/Downloads/benchmark/sketches/21.png", 
                "source_images": [
                    "/home/laeroth/Downloads/benchmark/images/21/*.jpg"
                ], 
                "key": "set21"
            }, 
            {
                "query_image": "/home/laeroth/Downloads/benchmark/sketches/23.png", 
                "source_images": [
                    "/home/laeroth/Downloads/benchmark/images/23/*.jpg"
                ], 
                "key": "set23"
            }, 
            {
                "query_image": "/home/laeroth/Downloads/benchmark/sketches/24.png", 
                "source_images": [
                    "/home/laeroth/Downloads/benchmark/images/24/*.jpg"
                ],