{
    "duration": 1893.218165, 
    "correlations": {
        "/home/laeroth/Downloads/benchmark/sketches/42.png": -0.24903557510571342, 
        "/home/laeroth/Downloads/benchmark/sketches/21.png": 0.19845624478641544, 
        "/home/laeroth/Downloads/benchmark/sketches/48.png": 0.2967803701031928, 
        "/home/laeroth/Downloads/benchmark/sketches/23.png": 0.37170610160700535, 
        "/home/laeroth/Downloads/benchmark/sketches/26.png": 0.26366695788732214, 
        "/home/laeroth/Downloads/benchmark/sketches/43.png": 0.11447004513156912, 
        "/home/laeroth/Downloads/benchmark/sketches/4.png": 0.23680902129734877, 
        "/home/laeroth/Downloads/benchmark/sketches/0.png": 0.38506508357107277, 
        "/home/laeroth/Downloads/benchmark/sketches/11.png": 0.35158116326054473, 
        "/home/laeroth/Downloads/benchmark/sketches/25.png": 0.23340173738285661, 
        "/home/laeroth/Downloads/benchmark/sketches/27.png": 0.29086445887963469, 
        "/home/laeroth/Downloads/benchmark/sketches/33.png": 0.30482472692339196, 
        "/home/laeroth/Downloads/benchmark/sketches/30.png": 0.34216485749354442, 
        "/home/laeroth/Downloads/benchmark/sketches/6.png": 0.049032911160710416, 
        "/home/laeroth/Downloads/benchmark/sketches/2.png": 0.082368696319896559, 
        "/home/laeroth/Downloads/benchmark/sketches/1.png": 0.086285486954053095, 
        "/home/laeroth/Downloads/benchmark/sketches/38.png": 0.0, 
        "/home/laeroth/Downloads/benchmark/sketches/9.png": 0.14313587209666898, 
        "/home/laeroth/Downloads/benchmark/sketches/14.png": 0.19139406111916479, 
        "/home/laeroth/Downloads/benchmark/sketches/13.png": 0.27360359072739665, 
        "/home/laeroth/Downloads/benchmark/sketches/28.png": 0.36235297350598178, 
        "/home/laeroth/Downloads/benchmark/sketches/34.png": 0.057729325538716729, 
        "/home/laeroth/Downloads/benchmark/sketches/7.png": 0.42213956863946983, 
        "/home/laeroth/Downloads/benchmark/sketches/8.png": 0.1417544605617253, 
        "/home/laeroth/Downloads/benchmark/sketches/20.png": 0.1417544605617253, 
        "/home/laeroth/Downloads/benchmark/sketches/24.png": -0.10895683995947736, 
        "/home/laeroth/Downloads/benchmark/sketches/10.png": 0.047711957365556321, 
        "/home/laeroth/Downloads/benchmark/sketches/12.png": 0.14313587209666898, 
        "/home/laeroth/Downloads/benchmark/sketches/46.png": 0.39175778191604088, 
        "/home/laeroth/Downloads/benchmark/sketches/47.png": 0.23711655221234051, 
        "/home/laeroth/Downloads/benchmark/sketches/45.png": 0.11825231875454865
    }, 
    "config": {
        "features": {
            "extractor": "features.global_means", 
            "grid_size": 12
        }, 
        "curvelets": {
            "transform": "transforms.curvelet", 
            "angles": 12, 
            "scales": 4
        }, 
        "readers": {
            "query": "readers.luma", 
            "image": "readers.luma"
        }, 
        "metric": {
            "metric": "metrics.cosine_means"
        }, 
        "cache": {
            "reader_enabled": false, 
            "feature_enabled": true
        }, 
        "images": [
            {
                "query_image": "/home/laeroth/Downloads/benchmark/sketches/0.png", 
                "source_images": [
                    "/home/laeroth/Downloads/benchmark/images/0/*.jpg"
                ], 
                "key": "set0"
            }, 
            {
                "query_image": "/home/laeroth/Downloads/benchmark/sketches/1.png", 
                "source_images": [
                    "/home/laeroth/Downloads/benchmark/images/1/*.jpg"
                ], 
                "key": "set1"
            }, 
            {
                "query_image": "/home/laeroth/Downloads/benchmark/sketches/2.png", 
                "source_images": [
                    "/home/laeroth/Downloads/benchmark/images/2/*.jpg"
                ], 
                "key": "set2"
            }, 
            {
                "query_image": "/home/laeroth/Downloads/benchmark/sketches/4.png", 
                "source_images": [
                    "/home/laeroth/Downloads/benchmark/images/4/*.jpg"
                ], 
                "key": "set4"
            }, 
            {
                "query_image": "/home/laeroth/Downloads/benchmark/sketches/6.png", 
                "source_images": [
                    "/home/laeroth/Downloads/benchmark/images/6/*.jpg"
                ], 
                "key": "set6"
            }, 
            {
                "query_image": "/home/laeroth/Downloads/benchmark/sketches/7.png", 
                "source_images": [
                    "/home/laeroth/Downloads/benchmark/images/7/*.jpg"
                ], 
                "key": "set7"
            }, 
            {
                "query_image": "/home/laeroth/Downloads/benchmark/sketches/8.png", 
                "source_images": [
                    "/home/laeroth/Downloads/benchmark/images/8/*.jpg"
                ], 
                "key": "set8"
            }, 
            {
                "query_image": "/home/laeroth/Downloads/benchmark/sketches/9.png", 
                "source_images": [
                    "/home/laeroth/Downloads/benchmark/images/9/*.jpg"
                ], 
                "key": "set9"
            }, 
            {
                "query_image": "/home/laeroth/Downloads/benchmark/sketches/10.png", 
                "source_images": [
                    "/home/laeroth/Downloads/benchmark/images/10/*.jpg"
                ], 
                "key": "set10"
            }, 
            {
                "query_image": "/home/laeroth/Downloads/benchmark/sketches/11.png", 
                "source_images": [
                    "/home/laeroth/Downloads/benchmark/images/11/*.jpg"
                ], 
                "key": "set11"
            }, 
            {
                "query_image": "/home/laeroth/Downloads/benchmark/sketches/12.png", 
                "source_images": [
                    "/home/laeroth/Downloads/benchmark/images/12/*.jpg"
                ], 
                "key": "set12"
            }, 
            {
                "query_image": "/home/laeroth/Downloads/benchmark/sketches/13.png", 
                "source_images": [
                    "/home/laeroth/Downloads/benchmark/images/13/*.jpg"
                ], 
                "key": "set13"
            }, 
            {
                "query_image": "/home/laeroth/Downloads/benchmark/sketches/14.png", 
                "source_images": [
                    "/home/laeroth/Downloads/benchmark/images/14/*.jpg"
                ], 
                "key": "set14"
            }, 
            {
                "query_image": "/home/laeroth/Downloads/benchmark/sketches/20.png", 
                "source_images": [
                    "/home/laeroth/Downloads/benchmark/images/20/*.jpg"
                ], 
                "key": "set20"
            }, 
            {
                "query_image": "/home/laeroth/Downloads/benchmark/sketches/21.png", 
                "source_images": [
                    "/home/laeroth/Downloads/benchmark/images/21/*.jpg"
                ], 
                "key": "set21"
            }, 
            {
                "query_image": "/home/laeroth/Downloads/benchmark/sketches/23.png", 
                "source_images": [
                    "/home/laeroth/Downloads/benchmark/images/23/*.jpg"
                ], 
                "key": "set23"
            }, 
            {
                "query_image": "/home/laeroth/Downloads/benchmark/sketches/24.png", 
                "source_images": [
                    "/home/laeroth/Downloads/benchmark/images/24/*.jpg"
                ], 
                "key": "set24"
            }, 
            {
                "query_image": "/home/laeroth/Downloads/benchmark/sketches/25.png",