{
    "duration": 79.296626, 
    "correlations": {
        "/home/laeroth/Downloads/benchmark/sketches/42.png": 0.047742571393323302, 
        "/home/laeroth/Downloads/benchmark/sketches/21.png": -0.087630030165430195, 
        "/home/laeroth/Downloads/benchmark/sketches/48.png": 0.32000665993735572, 
        "/home/laeroth/Downloads/benchmark/sketches/23.png": 0.30482472692339196, 
        "/home/laeroth/Downloads/benchmark/sketches/26.png": 0.1787790592504282, 
        "/home/laeroth/Downloads/benchmark/sketches/43.png": -0.060450473271727513, 
        "/home/laeroth/Downloads/benchmark/sketches/4.png": 0.32689940983438359, 
        "/home/laeroth/Downloads/benchmark/sketches/0.png": 0.25112940232896053, 
        "/home/laeroth/Downloads/benchmark/sketches/11.png": 0.30006743970588617, 
        "/home/laeroth/Downloads/benchmark/sketches/25.png": 0.14313587209666898, 
        "/home/laeroth/Downloads/benchmark/sketches/27.png": 0.17245945791978343, 
        "/home/laeroth/Downloads/benchmark/sketches/33.png": 0.34083777482995303, 
        "/home/laeroth/Downloads/benchmark/sketches/30.png": 0.29051733183414152, 
        "/home/laeroth/Downloads/benchmark/sketches/6.png": -0.11871125859961469, 
        "/home/laeroth/Downloads/benchmark/sketches/2.png": 0.03861032639995151, 
        "/home/laeroth/Downloads/benchmark/sketches/1.png": 0.11719372108684824, 
        "/home/laeroth/Downloads/benchmark/sketches/38.png": 0.095485858207114208, 
        "/home/laeroth/Downloads/benchmark/sketches/9.png": -0.009026586528618763, 
        "/home/laeroth/Downloads/benchmark/sketches/14.png": 0.062941671106302513, 
        "/home/laeroth/Downloads/benchmark/sketches/13.png": 0.20937739572096553, 
        "/home/laeroth/Downloads/benchmark/sketches/28.png": 0.44230273990231939, 
        "/home/laeroth/Downloads/benchmark/sketches/34.png": 0.070558064547320457, 
        "/home/laeroth/Downloads/benchmark/sketches/7.png": 0.22136587135972199, 
        "/home/laeroth/Downloads/benchmark/sketches/8.png": 0.092784737822220201, 
        "/home/laeroth/Downloads/benchmark/sketches/20.png": 0.15464122970370034, 
        "/home/laeroth/Downloads/benchmark/sketches/24.png": -0.31649367797752948, 
        "/home/laeroth/Downloads/benchmark/sketches/10.png": 0.38040614656321931, 
        "/home/laeroth/Downloads/benchmark/sketches/12.png": 0.40619639378784433, 
        "/home/laeroth/Downloads/benchmark/sketches/46.png": -0.092784737822220201, 
        "/home/laeroth/Downloads/benchmark/sketches/47.png": -0.085052676337035185, 
        "/home/laeroth/Downloads/benchmark/sketches/45.png": 0.15424215489723739
    }, 
    "config": {
        "features": {
            "extractor": "features.global_means", 
            "grid_size": 12
        }, 
        "curvelets": {
            "transform": "transforms.curvelet", 
            "angles": 12, 
            "scales": 4
        }, 
        "readers": {
            "query": "readers.luma", 
            "image": "readers.luma"
        }, 
        "metric": {
            "metric": "metrics.l2_means"
        }, 
        "cache": {
            "reader_enabled": false, 
            "feature_enabled": true
        }, 
        "images": [
            {
                "query_image": "/home/laeroth/Downloads/benchmark/sketches/0.png", 
                "source_images": [
                    "/home/laeroth/Downloads/benchmark/images/0/*.jpg"
                ], 
                "key": "set0"
            }, 
            {
                "query_image": "/home/laeroth/Downloads/benchmark/sketches/1.png", 
                "source_images": [
                    "/home/laeroth/Downloads/benchmark/images/1/*.jpg"
                ], 
                "key": "set1"
            }, 
            {
                "query_image": "/home/laeroth/Downloads/benchmark/sketches/2.png", 
                "source_images": [
                    "/home/laeroth/Downloads/benchmark/images/2/*.jpg"
                ], 
                "key": "set2"
            }, 
            {
                "query_image": "/home/laeroth/Downloads/benchmark/sketches/4.png", 
                "source_images": [
                    "/home/laeroth/Downloads/benchmark/images/4/*.jpg"
                ], 
                "key": "set4"
            }, 
            {
                "query_image": "/home/laeroth/Downloads/benchmark/sketches/6.png", 
                "source_images": [
                    "/home/laeroth/Downloads/benchmark/images/6/*.jpg"
                ], 
                "key": "set6"
            }, 
            {
                "query_image": "/home/laeroth/Downloads/benchmark/sketches/7.png", 
                "source_images": [
                    "/home/laeroth/Downloads/benchmark/images/7/*.jpg"
                ], 
                "key": "set7"
            }, 
            {
                "query_image": "/home/laeroth/Downloads/benchmark/sketches/8.png", 
                "source_images": [
                    "/home/laeroth/Downloads/benchmark/images/8/*.jpg"
                ], 
                "key": "set8"
            }, 
            {
                "query_image": "/home/laeroth/Downloads/benchmark/sketches/9.png", 
                "source_images": [
                    "/home/laeroth/Downloads/benchmark/images/9/*.jpg"
                ], 
                "key": "set9"
            }, 
            {
                "query_image": "/home/laeroth/Downloads/benchmark/sketches/10.png", 
                "source_images": [
                    "/home/laeroth/Downloads/benchmark/images/10/*.jpg"
                ], 
                "key": "set10"
            }, 
            {
                "query_image": "/home/laeroth/Downloads/benchmark/sketches/11.png", 
                "source_images": [
                    "/home/laeroth/Downloads/benchmark/images/11/*.jpg"
                ], 
                "key": "set11"
            }, 
            {
                "query_image": "/home/laeroth/Downloads/benchmark/sketches/12.png", 
                "source_images": [
                    "/home/laeroth/Downloads/benchmark/images/12/*.jpg"
                ], 
                "key": "set12"
            }, 
            {
                "query_image": "/home/laeroth/Downloads/benchmark/sketches/13.png", 
                "source_images": [
                    "/home/laeroth/Downloads/benchmark/images/13/*.jpg"
                ], 
                "key": "set13"
            }, 
            {
                "query_image": "/home/laeroth/Downloads/benchmark/sketches/14.png", 
                "source_images": [
                    "/home/laeroth/Downloads/benchmark/images/14/*.jpg"
                ], 
                "key": "set14"
            }, 
            {
                "query_image": "/home/laeroth/Downloads/benchmark/sketches/20.png", 
                "source_images": [
                    "/home/laeroth/Downloads/benchmark/images/20/*.jpg"
                ], 
                "key": "set20"
            }, 
            {
                "query_image": "/home/laeroth/Downloads/benchmark/sketches/21.png", 
                "source_images": [
                    "/home/laeroth/Downloads/benchmark/images/21/*.jpg"
                ], 
                "key": "set21"
            }, 
            {
                "query_image": "/home/laeroth/Downloads/benchmark/sketches/23.png", 
                "source_images": [
                    "/home/laeroth/Downloads/benchmark/images/23/*.jpg"
                ], 
                "key": "set23"
            }, 
            {
                "query_image": "/home/laeroth/Downloads/benchmark/sketches/24.png", 
                "source_images": [
                    "/home/laeroth/Downloads/benchmark/images/24/*.jpg"
                ], 
                "key": "set24"
            }, 
            {
                "query_image": "/home/laeroth/Downloads/benchmark/sketches/25.png",