{
    "duration": 50.587055, 
    "correlations": {
        "/home/laeroth/Downloads/benchmark/sketches/42.png": -0.28258440905777843, 
        "/home/laeroth/Downloads/benchmark/sketches/21.png": 0.1855694756444404, 
        "/home/laeroth/Downloads/benchmark/sketches/48.png": 0.24516639269394189, 
        "/home/laeroth/Downloads/benchmark/sketches/23.png": 0.40771914951356641, 
        "/home/laeroth/Downloads/benchmark/sketches/26.png": 0.41286387064307517, 
        "/home/laeroth/Downloads/benchmark/sketches/43.png": 0.096463521178288589, 
        "/home/laeroth/Downloads/benchmark/sketches/4.png": 0.038610166515872082, 
        "/home/laeroth/Downloads/benchmark/sketches/0.png": 0.38764076974880574, 
        "/home/laeroth/Downloads/benchmark/sketches/11.png": 0.2614321470398922, 
        "/home/laeroth/Downloads/benchmark/sketches/25.png": 0.11218757542711892, 
        "/home/laeroth/Downloads/benchmark/sketches/27.png": 0.29086445887963469, 
        "/home/laeroth/Downloads/benchmark/sketches/33.png": 0.19421322263895435, 
        "/home/laeroth/Downloads/benchmark/sketches/30.png": 0.29051733183414152, 
        "/home/laeroth/Downloads/benchmark/sketches/6.png": 0.05161359069548465, 
        "/home/laeroth/Downloads/benchmark/sketches/2.png": 0.12355304447984483, 
        "/home/laeroth/Downloads/benchmark/sketches/1.png": 0.02446901868846282, 
        "/home/laeroth/Downloads/benchmark/sketches/38.png": -0.020645590963700368, 
        "/home/laeroth/Downloads/benchmark/sketches/9.png": 0.16376806987636899, 
        "/home/laeroth/Downloads/benchmark/sketches/14.png": 0.14772024851479162, 
        "/home/laeroth/Downloads/benchmark/sketches/13.png": 0.28644882972868291, 
        "/home/laeroth/Downloads/benchmark/sketches/28.png": 0.33398370155889423, 
        "/home/laeroth/Downloads/benchmark/sketches/34.png": 0.11674152497829383, 
        "/home/laeroth/Downloads/benchmark/sketches/7.png": 0.46074989503942138, 
        "/home/laeroth/Downloads/benchmark/sketches/8.png": 0.054124430396295116, 
        "/home/laeroth/Downloads/benchmark/sketches/20.png": 0.26546744432468561, 
        "/home/laeroth/Downloads/benchmark/sketches/24.png": -0.16084104946399039, 
        "/home/laeroth/Downloads/benchmark/sketches/10.png": 0.21534856432561908, 
        "/home/laeroth/Downloads/benchmark/sketches/12.png": 0.18955831710099402, 
        "/home/laeroth/Downloads/benchmark/sketches/46.png": 0.46907839676789104, 
        "/home/laeroth/Downloads/benchmark/sketches/47.png": 0.37629365894567085, 
        "/home/laeroth/Downloads/benchmark/sketches/45.png": 0.077121077448618694
    }, 
    "config": {
        "features": {
            "extractor": "features.global_means", 
            "grid_size": 8
        }, 
        "curvelets": {
            "transform": "transforms.curvelet", 
            "angles": 12, 
            "scales": 4
        }, 
        "readers": {
            "query": "readers.luma", 
            "image": "readers.canny", 
            "canny_sigma": 1.5
        }, 
        "metric": {
            "metric": "metrics.cosine_means"
        }, 
        "cache": {
            "reader_enabled": false, 
            "feature_enabled": true
        }, 
        "images": [
            {
                "query_image": "/home/laeroth/Downloads/benchmark/sketches/0.png", 
                "source_images": [
                    "/home/laeroth/Downloads/benchmark/images/0/*.jpg"
                ], 
                "key": "set0"
            }, 
            {
                "query_image": "/home/laeroth/Downloads/benchmark/sketches/1.png", 
                "source_images": [
                    "/home/laeroth/Downloads/benchmark/images/1/*.jpg"
                ], 
                "key": "set1"
            }, 
            {
                "query_image": "/home/laeroth/Downloads/benchmark/sketches/2.png", 
                "source_images": [
                    "/home/laeroth/Downloads/benchmark/images/2/*.jpg"
                ], 
                "key": "set2"
            }, 
            {
                "query_image": "/home/laeroth/Downloads/benchmark/sketches/4.png", 
                "source_images": [
                    "/home/laeroth/Downloads/benchmark/images/4/*.jpg"
                ], 
                "key": "set4"
            }, 
            {
                "query_image": "/home/laeroth/Downloads/benchmark/sketches/6.png", 
                "source_images": [
                    "/home/laeroth/Downloads/benchmark/images/6/*.jpg"
                ], 
                "key": "set6"
            }, 
            {
                "query_image": "/home/laeroth/Downloads/benchmark/sketches/7.png", 
                "source_images": [
                    "/home/laeroth/Downloads/benchmark/images/7/*.jpg"
                ], 
                "key": "set7"
            }, 
            {
                "query_image": "/home/laeroth/Downloads/benchmark/sketches/8.png", 
                "source_images": [
                    "/home/laeroth/Downloads/benchmark/images/8/*.jpg"
                ], 
                "key": "set8"
            }, 
            {
                "query_image": "/home/laeroth/Downloads/benchmark/sketches/9.png", 
                "source_images": [
                    "/home/laeroth/Downloads/benchmark/images/9/*.jpg"
                ], 
                "key": "set9"
            }, 
            {
                "query_image": "/home/laeroth/Downloads/benchmark/sketches/10.png", 
                "source_images": [
                    "/home/laeroth/Downloads/benchmark/images/10/*.jpg"
                ], 
                "key": "set10"
            }, 
            {
                "query_image": "/home/laeroth/Downloads/benchmark/sketches/11.png", 
                "source_images": [
                    "/home/laeroth/Downloads/benchmark/images/11/*.jpg"
                ], 
                "key": "set11"
            }, 
            {
                "query_image": "/home/laeroth/Downloads/benchmark/sketches/12.png", 
                "source_images": [
                    "/home/laeroth/Downloads/benchmark/images/12/*.jpg"
                ], 
                "key": "set12"
            }, 
            {
                "query_image": "/home/laeroth/Downloads/benchmark/sketches/13.png", 
                "source_images": [
                    "/home/laeroth/Downloads/benchmark/images/13/*.jpg"
                ], 
                "key": "set13"
            }, 
            {
                "query_image": "/home/laeroth/Downloads/benchmark/sketches/14.png", 
                "source_images": [
                    "/home/laeroth/Downloads/benchmark/images/14/*.jpg"
                ], 
                "key": "set14"
            }, 
            {
                "query_image": "/home/laeroth/Downloads/benchmark/sketches/20.png", 
                "source_images": [
                    "/home/laeroth/Downloads/benchmark/images/20/*.jpg"
                ], 
                "key": "set20"
            }, 
            {
                "query_image": "/home/laeroth/Downloads/benchmark/sketches/21.png", 
                "source_images": [
                    "/home/laeroth/Downloads/benchmark/images/21/*.jpg"
                ], 
                "key": "set21"
            }, 
            {
                "query_image": "/home/laeroth/Downloads/benchmark/sketches/23.png", 
                "source_images": [
                    "/home/laeroth/Downloads/benchmark/images/23/*.jpg"
                ], 
                "key": "set23"
            }, 
            {
                "query_image": "/home/laeroth/Downloads/benchmark/sketches/24.png", 
                "source_images": [
                    "/home/laeroth/Downloads/benchmark/images/24/*.jpg"
                ], 
                "key": "set24"
            }, 
            {
                "query_image": "/home/laeroth/Downloads/benchmark/sketches/25.png",