{
    "duration": 2880.374328, 
    "correlations": {
        "/home/laeroth/Downloads/benchmark/sketches/42.png": 0.21032538208409993, 
        "/home/laeroth/Downloads/benchmark/sketches/21.png": 0.13402239907654029, 
        "/home/laeroth/Downloads/benchmark/sketches/48.png": 0.23484359721209169, 
        "/home/laeroth/Downloads/benchmark/sketches/23.png": 0.11961476626107785, 
        "/home/laeroth/Downloads/benchmark/sketches/26.png": 0.31768652974716377, 
        "/home/laeroth/Downloads/benchmark/sketches/43.png": -0.16848961699141074, 
        "/home/laeroth/Downloads/benchmark/sketches/4.png": 0.087516377435976719, 
        "/home/laeroth/Downloads/benchmark/sketches/0.png": 0.1584046999305751, 
        "/home/laeroth/Downloads/benchmark/sketches/11.png": 0.24855371615122759, 
        "/home/laeroth/Downloads/benchmark/sketches/25.png": 0.10960855070465642, 
        "/home/laeroth/Downloads/benchmark/sketches/27.png": 0.17760750143977694, 
        "/home/laeroth/Downloads/benchmark/sketches/33.png": 0.070739915530744962, 
        "/home/laeroth/Downloads/benchmark/sketches/30.png": -0.071015347781679034, 
        "/home/laeroth/Downloads/benchmark/sketches/6.png": -0.14193737441258278, 
        "/home/laeroth/Downloads/benchmark/sketches/2.png": -0.023166195839970906, 
        "/home/laeroth/Downloads/benchmark/sketches/1.png": 0.13007215197551289, 
        "/home/laeroth/Downloads/benchmark/sketches/38.png": 0.08000166498433893, 
        "/home/laeroth/Downloads/benchmark/sketches/9.png": 0.086397328202493878, 
        "/home/laeroth/Downloads/benchmark/sketches/14.png": -0.037251193103730061, 
        "/home/laeroth/Downloads/benchmark/sketches/13.png": 0.28131073412816843, 
        "/home/laeroth/Downloads/benchmark/sketches/28.png": 0.43456566573493188, 
        "/home/laeroth/Downloads/benchmark/sketches/34.png": 0.0064143695043018594, 
        "/home/laeroth/Downloads/benchmark/sketches/7.png": 0.35521500287955388, 
        "/home/laeroth/Downloads/benchmark/sketches/8.png": -0.041237661254320088, 
        "/home/laeroth/Downloads/benchmark/sketches/20.png": -0.038660307425925085, 
        "/home/laeroth/Downloads/benchmark/sketches/24.png": -0.2516384160968882, 
        "/home/laeroth/Downloads/benchmark/sketches/10.png": 0.26177100932994413, 
        "/home/laeroth/Downloads/benchmark/sketches/12.png": 0.22050661377054409, 
        "/home/laeroth/Downloads/benchmark/sketches/46.png": -0.11340356844938025, 
        "/home/laeroth/Downloads/benchmark/sketches/47.png": 0.041237661254320088, 
        "/home/laeroth/Downloads/benchmark/sketches/45.png": 0.089974590356721798
    }, 
    "config": {
        "features": {
            "extractor": "features.global_means", 
            "grid_size": 12
        }, 
        "curvelets": {
            "transform": "transforms.curvelet", 
            "angles": 12, 
            "scales": 4
        }, 
        "readers": {
            "query": "readers.luma", 
            "image": "readers.canny", 
            "canny_sigma": 1.5
        }, 
        "metric": {
            "metric": "metrics.l2_means"
        }, 
        "cache": {
            "reader_enabled": false, 
            "feature_enabled": true
        }, 
        "images": [
            {
                "query_image": "/home/laeroth/Downloads/benchmark/sketches/0.png", 
                "source_images": [
                    "/home/laeroth/Downloads/benchmark/images/0/*.jpg"
                ], 
                "key": "set0"
            }, 
            {
                "query_image": "/home/laeroth/Downloads/benchmark/sketches/1.png", 
                "source_images": [
                    "/home/laeroth/Downloads/benchmark/images/1/*.jpg"
                ], 
                "key": "set1"
            }, 
            {
                "query_image": "/home/laeroth/Downloads/benchmark/sketches/2.png", 
                "source_images": [
                    "/home/laeroth/Downloads/benchmark/images/2/*.jpg"
                ], 
                "key": "set2"
            }, 
            {
                "query_image": "/home/laeroth/Downloads/benchmark/sketches/4.png", 
                "source_images": [
                    "/home/laeroth/Downloads/benchmark/images/4/*.jpg"
                ], 
                "key": "set4"
            }, 
            {
                "query_image": "/home/laeroth/Downloads/benchmark/sketches/6.png", 
                "source_images": [
                    "/home/laeroth/Downloads/benchmark/images/6/*.jpg"
                ], 
                "key": "set6"
            }, 
            {
                "query_image": "/home/laeroth/Downloads/benchmark/sketches/7.png", 
                "source_images": [
                    "/home/laeroth/Downloads/benchmark/images/7/*.jpg"
                ], 
                "key": "set7"
            }, 
            {
                "query_image": "/home/laeroth/Downloads/benchmark/sketches/8.png", 
                "source_images": [
                    "/home/laeroth/Downloads/benchmark/images/8/*.jpg"
                ], 
                "key": "set8"
            }, 
            {
                "query_image": "/home/laeroth/Downloads/benchmark/sketches/9.png", 
                "source_images": [
                    "/home/laeroth/Downloads/benchmark/images/9/*.jpg"
                ], 
                "key": "set9"
            }, 
            {
                "query_image": "/home/laeroth/Downloads/benchmark/sketches/10.png", 
                "source_images": [
                    "/home/laeroth/Downloads/benchmark/images/10/*.jpg"
                ], 
                "key": "set10"
            }, 
            {
                "query_image": "/home/laeroth/Downloads/benchmark/sketches/11.png", 
                "source_images": [
                    "/home/laeroth/Downloads/benchmark/images/11/*.jpg"
                ], 
                "key": "set11"
            }, 
            {
                "query_image": "/home/laeroth/Downloads/benchmark/sketches/12.png", 
                "source_images": [
                    "/home/laeroth/Downloads/benchmark/images/12/*.jpg"
                ], 
                "key": "set12"
            }, 
            {
                "query_image": "/home/laeroth/Downloads/benchmark/sketches/13.png", 
                "source_images": [
                    "/home/laeroth/Downloads/benchmark/images/13/*.jpg"
                ], 
                "key": "set13"
            }, 
            {
                "query_image": "/home/laeroth/Downloads/benchmark/sketches/14.png", 
                "source_images": [
                    "/home/laeroth/Downloads/benchmark/images/14/*.jpg"
                ], 
                "key": "set14"
            }, 
            {
                "query_image": "/home/laeroth/Downloads/benchmark/sketches/20.png", 
                "source_images": [
                    "/home/laeroth/Downloads/benchmark/images/20/*.jpg"
                ], 
                "key": "set20"
            }, 
            {
                "query_image": "/home/laeroth/Downloads/benchmark/sketches/21.png", 
                "source_images": [
                    "/home/laeroth/Downloads/benchmark/images/21/*.jpg"
                ], 
                "key": "set21"
            }, 
            {
                "query_image": "/home/laeroth/Downloads/benchmark/sketches/23.png", 
                "source_images": [
                    "/home/laeroth/Downloads/benchmark/images/23/*.jpg"
                ], 
                "key": "set23"
            }, 
            {
                "query_image": "/home/laeroth/Downloads/benchmark/sketches/24.png", 
                "source_images": [
                    "/home/laeroth/Downloads/benchmark/images/24/*.jpg"
                ], 
                "key": "set24"
            }, 
            {
                "query_image": "/home/laeroth/Downloads/benchmark/sketches/25.png",