{
    "duration": 56.417997, 
    "correlations": {
        "/home/laeroth/Downloads/benchmark/sketches/42.png": -0.31355256347506921, 
        "/home/laeroth/Downloads/benchmark/sketches/21.png": 0.48454251973826107, 
        "/home/laeroth/Downloads/benchmark/sketches/48.png": 0.26323128478717972, 
        "/home/laeroth/Downloads/benchmark/sketches/23.png": 0.23537099167502415, 
        "/home/laeroth/Downloads/benchmark/sketches/26.png": 0.0064309014118859057, 
        "/home/laeroth/Downloads/benchmark/sketches/43.png": 0.052733391577464428, 
        "/home/laeroth/Downloads/benchmark/sketches/4.png": 0.11583049954761625, 
        "/home/laeroth/Downloads/benchmark/sketches/0.png": 0.24082665761802879, 
        "/home/laeroth/Downloads/benchmark/sketches/11.png": 0.20219136495203488, 
        "/home/laeroth/Downloads/benchmark/sketches/25.png": 0.34945784989366929, 
        "/home/laeroth/Downloads/benchmark/sketches/27.png": 0.15958934911979958, 
        "/home/laeroth/Downloads/benchmark/sketches/33.png": -0.047588670447955707, 
        "/home/laeroth/Downloads/benchmark/sketches/30.png": 0.042609208669007421, 
        "/home/laeroth/Downloads/benchmark/sketches/6.png": -0.12387261766916316, 
        "/home/laeroth/Downloads/benchmark/sketches/2.png": 0.028314239359964442, 
        "/home/laeroth/Downloads/benchmark/sketches/1.png": 0.28718900881722154, 
        "/home/laeroth/Downloads/benchmark/sketches/38.png": 0.25806988704625461, 
        "/home/laeroth/Downloads/benchmark/sketches/9.png": 0.15603099570898149, 
        "/home/laeroth/Downloads/benchmark/sketches/14.png": 0.14258215291427714, 
        "/home/laeroth/Downloads/benchmark/sketches/13.png": 0.22992977812302348, 
        "/home/laeroth/Downloads/benchmark/sketches/28.png": 0.41135444323276937, 
        "/home/laeroth/Downloads/benchmark/sketches/34.png": 0.15779348980582572, 
        "/home/laeroth/Downloads/benchmark/sketches/7.png": 0.48649011263938902, 
        "/home/laeroth/Downloads/benchmark/sketches/8.png": -0.087630030165430195, 
        "/home/laeroth/Downloads/benchmark/sketches/20.png": 0.35567482831851077, 
        "/home/laeroth/Downloads/benchmark/sketches/24.png": 0.16343525993921604, 
        "/home/laeroth/Downloads/benchmark/sketches/10.png": 0.18440026765606904, 
        "/home/laeroth/Downloads/benchmark/sketches/12.png": 0.070923179867718858, 
        "/home/laeroth/Downloads/benchmark/sketches/46.png": 0.12629033759135527, 
        "/home/laeroth/Downloads/benchmark/sketches/47.png": 0.30928245940740068, 
        "/home/laeroth/Downloads/benchmark/sketches/45.png": 0.30077220204961291
    }, 
    "config": {
        "features": {
            "extractor": "features.global_means", 
            "grid_size": 8
        }, 
        "curvelets": {
            "transform": "transforms.curvelet", 
            "angles": 12, 
            "scales": 4
        }, 
        "readers": {
            "query": "readers.luma", 
            "image": "readers.segment"
        }, 
        "metric": {
            "metric": "metrics.cosine_means"
        }, 
        "cache": {
            "reader_enabled": false, 
            "feature_enabled": true
        }, 
        "images": [
            {
                "query_image": "/home/laeroth/Downloads/benchmark/sketches/0.png", 
                "source_images": [
                    "/home/laeroth/Documents/inf/dipl/repo/src/benchmark/image_contours/0/*.jpg"
                ], 
                "key": "set0"
            }, 
            {
                "query_image": "/home/laeroth/Downloads/benchmark/sketches/1.png", 
                "source_images": [
                    "/home/laeroth/Documents/inf/dipl/repo/src/benchmark/image_contours/1/*.jpg"
                ], 
                "key": "set1"
            }, 
            {
                "query_image": "/home/laeroth/Downloads/benchmark/sketches/2.png", 
                "source_images": [
                    "/home/laeroth/Documents/inf/dipl/repo/src/benchmark/image_contours/2/*.jpg"
                ], 
                "key": "set2"
            }, 
            {
                "query_image": "/home/laeroth/Downloads/benchmark/sketches/4.png", 
                "source_images": [
                    "/home/laeroth/Documents/inf/dipl/repo/src/benchmark/image_contours/4/*.jpg"
                ], 
                "key": "set4"
            }, 
            {
                "query_image": "/home/laeroth/Downloads/benchmark/sketches/6.png", 
                "source_images": [
                    "/home/laeroth/Documents/inf/dipl/repo/src/benchmark/image_contours/6/*.jpg"
                ], 
                "key": "set6"
            }, 
            {
                "query_image": "/home/laeroth/Downloads/benchmark/sketches/7.png", 
                "source_images": [
                    "/home/laeroth/Documents/inf/dipl/repo/src/benchmark/image_contours/7/*.jpg"
                ], 
                "key": "set7"
            }, 
            {
                "query_image": "/home/laeroth/Downloads/benchmark/sketches/8.png", 
                "source_images": [
                    "/home/laeroth/Documents/inf/dipl/repo/src/benchmark/image_contours/8/*.jpg"
                ], 
                "key": "set8"
            }, 
            {
                "query_image": "/home/laeroth/Downloads/benchmark/sketches/9.png", 
                "source_images": [
                    "/home/laeroth/Documents/inf/dipl/repo/src/benchmark/image_contours/9/*.jpg"
                ], 
                "key": "set9"
            }, 
            {
                "query_image": "/home/laeroth/Downloads/benchmark/sketches/10.png", 
                "source_images": [
                    "/home/laeroth/Documents/inf/dipl/repo/src/benchmark/image_contours/10/*.jpg"
                ], 
                "key": "set10"
            }, 
            {
                "query_image": "/home/laeroth/Downloads/benchmark/sketches/11.png", 
                "source_images": [
                    "/home/laeroth/Documents/inf/dipl/repo/src/benchmark/image_contours/11/*.jpg"
                ], 
                "key": "set11"
            }, 
            {
                "query_image": "/home/laeroth/Downloads/benchmark/sketches/12.png", 
                "source_images": [
                    "/home/laeroth/Documents/inf/dipl/repo/src/benchmark/image_contours/12/*.jpg"
                ], 
                "key": "set12"
            }, 
            {
                "query_image": "/home/laeroth/Downloads/benchmark/sketches/13.png", 
                "source_images": [
                    "/home/laeroth/Documents/inf/dipl/repo/src/benchmark/image_contours/13/*.jpg"
                ], 
                "key": "set13"
            }, 
            {
                "query_image": "/home/laeroth/Downloads/benchmark/sketches/14.png", 
                "source_images": [
                    "/home/laeroth/Documents/inf/dipl/repo/src/benchmark/image_contours/14/*.jpg"
                ], 
                "key": "set14"
            }, 
            {
                "query_image": "/home/laeroth/Downloads/benchmark/sketches/20.png", 
                "source_images": [
                    "/home/laeroth/Documents/inf/dipl/repo/src/benchmark/image_contours/20/*.jpg"
                ], 
                "key": "set20"
            }, 
            {
                "query_image": "/home/laeroth/Downloads/benchmark/sketches/21.png", 
                "source_images": [
                    "/home/laeroth/Documents/inf/dipl/repo/src/benchmark/image_contours/21/*.jpg"
                ], 
                "key": "set21"
            }, 
            {
                "query_image": "/home/laeroth/Downloads/benchmark/sketches/23.png", 
                "source_images": [
                    "/home/laeroth/Documents/inf/dipl/repo/src/benchmark/image_contours/23/*.jpg"
                ],