{
    "duration": 80.782463, 
    "correlations": {
        "/home/laeroth/Downloads/benchmark/sketches/42.png": -0.21290606161887418, 
        "/home/laeroth/Downloads/benchmark/sketches/21.png": 0.20618830627160045, 
        "/home/laeroth/Downloads/benchmark/sketches/48.png": 0.2529084893053295, 
        "/home/laeroth/Downloads/benchmark/sketches/23.png": 0.38971262556028591, 
        "/home/laeroth/Downloads/benchmark/sketches/26.png": 0.2919629240996201, 
        "/home/laeroth/Downloads/benchmark/sketches/43.png": 0.10675296343730604, 
        "/home/laeroth/Downloads/benchmark/sketches/4.png": 0.21364292138782551, 
        "/home/laeroth/Downloads/benchmark/sketches/0.png": 0.37218665268240814, 
        "/home/laeroth/Downloads/benchmark/sketches/11.png": 0.34385410472734595, 
        "/home/laeroth/Downloads/benchmark/sketches/25.png": 0.26177100932994413, 
        "/home/laeroth/Downloads/benchmark/sketches/27.png": 0.28829043711963798, 
        "/home/laeroth/Downloads/benchmark/sketches/33.png": 0.34341013539470738, 
        "/home/laeroth/Downloads/benchmark/sketches/30.png": 0.31892347094681311, 
        "/home/laeroth/Downloads/benchmark/sketches/6.png": 0.0077420386043226975, 
        "/home/laeroth/Downloads/benchmark/sketches/2.png": 0.072072609279909494, 
        "/home/laeroth/Downloads/benchmark/sketches/1.png": 0.068255683709922604, 
        "/home/laeroth/Downloads/benchmark/sketches/38.png": 0.051613977409250923, 
        "/home/laeroth/Downloads/benchmark/sketches/9.png": 0.13797782265174396, 
        "/home/laeroth/Downloads/benchmark/sketches/14.png": 0.20937739572096553, 
        "/home/laeroth/Downloads/benchmark/sketches/13.png": 0.24277501712430971, 
        "/home/laeroth/Downloads/benchmark/sketches/28.png": 0.34429980044874425, 
        "/home/laeroth/Downloads/benchmark/sketches/34.png": 0.096215542564527884, 
        "/home/laeroth/Downloads/benchmark/sketches/7.png": 0.46847196031941168, 
        "/home/laeroth/Downloads/benchmark/sketches/8.png": 0.14433181439012033, 
        "/home/laeroth/Downloads/benchmark/sketches/20.png": 0.20876566009999545, 
        "/home/laeroth/Downloads/benchmark/sketches/24.png": -0.093391577108123458, 
        "/home/laeroth/Downloads/benchmark/sketches/10.png": 0.16634709459883149, 
        "/home/laeroth/Downloads/benchmark/sketches/12.png": 0.15345197098651897, 
        "/home/laeroth/Downloads/benchmark/sketches/46.png": 0.3530974744901158, 
        "/home/laeroth/Downloads/benchmark/sketches/47.png": 0.26804479815308058, 
        "/home/laeroth/Downloads/benchmark/sketches/45.png": 0.13367653424427239
    }, 
    "config": {
        "features": {
            "extractor": "features.global_means", 
            "grid_size": 12
        }, 
        "curvelets": {
            "transform": "transforms.curvelet", 
            "angles": 12, 
            "scales": 4
        }, 
        "readers": {
            "query": "readers.luma", 
            "image": "readers.sobel"
        }, 
        "metric": {
            "metric": "metrics.cosine_means"
        }, 
        "cache": {
            "reader_enabled": false, 
            "feature_enabled": true
        }, 
        "images": [
            {
                "query_image": "/home/laeroth/Downloads/benchmark/sketches/0.png", 
                "source_images": [
                    "/home/laeroth/Downloads/benchmark/images/0/*.jpg"
                ], 
                "key": "set0"
            }, 
            {
                "query_image": "/home/laeroth/Downloads/benchmark/sketches/1.png", 
                "source_images": [
                    "/home/laeroth/Downloads/benchmark/images/1/*.jpg"
                ], 
                "key": "set1"
            }, 
            {
                "query_image": "/home/laeroth/Downloads/benchmark/sketches/2.png", 
                "source_images": [
                    "/home/laeroth/Downloads/benchmark/images/2/*.jpg"
                ], 
                "key": "set2"
            }, 
            {
                "query_image": "/home/laeroth/Downloads/benchmark/sketches/4.png", 
                "source_images": [
                    "/home/laeroth/Downloads/benchmark/images/4/*.jpg"
                ], 
                "key": "set4"
            }, 
            {
                "query_image": "/home/laeroth/Downloads/benchmark/sketches/6.png", 
                "source_images": [
                    "/home/laeroth/Downloads/benchmark/images/6/*.jpg"
                ], 
                "key": "set6"
            }, 
            {
                "query_image": "/home/laeroth/Downloads/benchmark/sketches/7.png", 
                "source_images": [
                    "/home/laeroth/Downloads/benchmark/images/7/*.jpg"
                ], 
                "key": "set7"
            }, 
            {
                "query_image": "/home/laeroth/Downloads/benchmark/sketches/8.png", 
                "source_images": [
                    "/home/laeroth/Downloads/benchmark/images/8/*.jpg"
                ], 
                "key": "set8"
            }, 
            {
                "query_image": "/home/laeroth/Downloads/benchmark/sketches/9.png", 
                "source_images": [
                    "/home/laeroth/Downloads/benchmark/images/9/*.jpg"
                ], 
                "key": "set9"
            }, 
            {
                "query_image": "/home/laeroth/Downloads/benchmark/sketches/10.png", 
                "source_images": [
                    "/home/laeroth/Downloads/benchmark/images/10/*.jpg"
                ], 
                "key": "set10"
            }, 
            {
                "query_image": "/home/laeroth/Downloads/benchmark/sketches/11.png", 
                "source_images": [
                    "/home/laeroth/Downloads/benchmark/images/11/*.jpg"
                ], 
                "key": "set11"
            }, 
            {
                "query_image": "/home/laeroth/Downloads/benchmark/sketches/12.png", 
                "source_images": [
                    "/home/laeroth/Downloads/benchmark/images/12/*.jpg"
                ], 
                "key": "set12"
            }, 
            {
                "query_image": "/home/laeroth/Downloads/benchmark/sketches/13.png", 
                "source_images": [
                    "/home/laeroth/Downloads/benchmark/images/13/*.jpg"
                ], 
                "key": "set13"
            }, 
            {
                "query_image": "/home/laeroth/Downloads/benchmark/sketches/14.png", 
                "source_images": [
                    "/home/laeroth/Downloads/benchmark/images/14/*.jpg"
                ], 
                "key": "set14"
            }, 
            {
                "query_image": "/home/laeroth/Downloads/benchmark/sketches/20.png", 
                "source_images": [
                    "/home/laeroth/Downloads/benchmark/images/20/*.jpg"
                ], 
                "key": "set20"
            }, 
            {
                "query_image": "/home/laeroth/Downloads/benchmark/sketches/21.png", 
                "source_images": [
                    "/home/laeroth/Downloads/benchmark/images/21/*.jpg"
                ], 
                "key": "set21"
            }, 
            {
                "query_image": "/home/laeroth/Downloads/benchmark/sketches/23.png", 
                "source_images": [
                    "/home/laeroth/Downloads/benchmark/images/23/*.jpg"
                ], 
                "key": "set23"
            }, 
            {
                "query_image": "/home/laeroth/Downloads/benchmark/sketches/24.png", 
                "source_images": [
                    "/home/laeroth/Downloads/benchmark/images/24/*.jpg"
                ], 
                "key": "set24"
            }, 
            {
                "query_image": "/home/laeroth/Downloads/benchmark/sketches/25.png",