{
    "duration": 2134.364467, 
    "correlations": {
        "/home/laeroth/Downloads/benchmark/sketches/42.png": -0.32645596114894038, 
        "/home/laeroth/Downloads/benchmark/sketches/21.png": 0.25258067518271055, 
        "/home/laeroth/Downloads/benchmark/sketches/48.png": 0.14193843787544003, 
        "/home/laeroth/Downloads/benchmark/sketches/23.png": 0.46945580306767115, 
        "/home/laeroth/Downloads/benchmark/sketches/26.png": 0.34341013539470738, 
        "/home/laeroth/Downloads/benchmark/sketches/43.png": 0.14019365077911275, 
        "/home/laeroth/Downloads/benchmark/sketches/4.png": 0.069498299728569746, 
        "/home/laeroth/Downloads/benchmark/sketches/0.png": 0.36961096650467523, 
        "/home/laeroth/Downloads/benchmark/sketches/11.png": 0.23567528526256296, 
        "/home/laeroth/Downloads/benchmark/sketches/25.png": 0.15603099570898149, 
        "/home/laeroth/Downloads/benchmark/sketches/27.png": 0.2290879366397123, 
        "/home/laeroth/Downloads/benchmark/sketches/33.png": 0.19678558320370873, 
        "/home/laeroth/Downloads/benchmark/sketches/30.png": 0.33183535236166384, 
        "/home/laeroth/Downloads/benchmark/sketches/6.png": 0.059355629299807346, 
        "/home/laeroth/Downloads/benchmark/sketches/2.png": 0.17245945791978343, 
        "/home/laeroth/Downloads/benchmark/sketches/1.png": 0.0038635292665993924, 
        "/home/laeroth/Downloads/benchmark/sketches/38.png": 0.015484193222775278, 
        "/home/laeroth/Downloads/benchmark/sketches/9.png": 0.19987441599084405, 
        "/home/laeroth/Downloads/benchmark/sketches/14.png": 0.18625596551865031, 
        "/home/laeroth/Downloads/benchmark/sketches/13.png": 0.24277501712430971, 
        "/home/laeroth/Downloads/benchmark/sketches/28.png": 0.21276953960315656, 
        "/home/laeroth/Downloads/benchmark/sketches/34.png": 0.085952551357644916, 
        "/home/laeroth/Downloads/benchmark/sketches/7.png": 0.29601250239962823, 
        "/home/laeroth/Downloads/benchmark/sketches/8.png": 0.13402239907654029, 
        "/home/laeroth/Downloads/benchmark/sketches/20.png": 0.26546744432468561, 
        "/home/laeroth/Downloads/benchmark/sketches/24.png": -0.031130525702707818, 
        "/home/laeroth/Downloads/benchmark/sketches/10.png": 0.15087294626405648, 
        "/home/laeroth/Downloads/benchmark/sketches/12.png": 0.13281977320681895, 
        "/home/laeroth/Downloads/benchmark/sketches/46.png": 0.43815015082715097, 
        "/home/laeroth/Downloads/benchmark/sketches/47.png": 0.44072750465554594, 
        "/home/laeroth/Downloads/benchmark/sketches/45.png": 0.035989836142688719
    }, 
    "config": {
        "features": {
            "extractor": "features.global_means", 
            "grid_size": 16
        }, 
        "curvelets": {
            "transform": "transforms.curvelet", 
            "angles": 12, 
            "scales": 4
        }, 
        "readers": {
            "query": "readers.luma", 
            "image": "readers.canny", 
            "canny_sigma": 1.5
        }, 
        "metric": {
            "metric": "metrics.cosine_means"
        }, 
        "cache": {
            "reader_enabled": true, 
            "reader_path": "/media/data0/unsorted/caches", 
            "feature_enabled": true
        }, 
        "images": [
            {
                "query_image": "/home/laeroth/Downloads/benchmark/sketches/0.png", 
                "source_images": [
                    "/home/laeroth/Downloads/benchmark/images/0/*.jpg"
                ], 
                "key": "set0"
            }, 
            {
                "query_image": "/home/laeroth/Downloads/benchmark/sketches/1.png", 
                "source_images": [
                    "/home/laeroth/Downloads/benchmark/images/1/*.jpg"
                ], 
                "key": "set1"
            }, 
            {
                "query_image": "/home/laeroth/Downloads/benchmark/sketches/2.png", 
                "source_images": [
                    "/home/laeroth/Downloads/benchmark/images/2/*.jpg"
                ], 
                "key": "set2"
            }, 
            {
                "query_image": "/home/laeroth/Downloads/benchmark/sketches/4.png", 
                "source_images": [
                    "/home/laeroth/Downloads/benchmark/images/4/*.jpg"
                ], 
                "key": "set4"
            }, 
            {
                "query_image": "/home/laeroth/Downloads/benchmark/sketches/6.png", 
                "source_images": [
                    "/home/laeroth/Downloads/benchmark/images/6/*.jpg"
                ], 
                "key": "set6"
            }, 
            {
                "query_image": "/home/laeroth/Downloads/benchmark/sketches/7.png", 
                "source_images": [
                    "/home/laeroth/Downloads/benchmark/images/7/*.jpg"
                ], 
                "key": "set7"
            }, 
            {
                "query_image": "/home/laeroth/Downloads/benchmark/sketches/8.png", 
                "source_images": [
                    "/home/laeroth/Downloads/benchmark/images/8/*.jpg"
                ], 
                "key": "set8"
            }, 
            {
                "query_image": "/home/laeroth/Downloads/benchmark/sketches/9.png", 
                "source_images": [
                    "/home/laeroth/Downloads/benchmark/images/9/*.jpg"
                ], 
                "key": "set9"
            }, 
            {
                "query_image": "/home/laeroth/Downloads/benchmark/sketches/10.png", 
                "source_images": [
                    "/home/laeroth/Downloads/benchmark/images/10/*.jpg"
                ], 
                "key": "set10"
            }, 
            {
                "query_image": "/home/laeroth/Downloads/benchmark/sketches/11.png", 
                "source_images": [
                    "/home/laeroth/Downloads/benchmark/images/11/*.jpg"
                ], 
                "key": "set11"
            }, 
            {
                "query_image": "/home/laeroth/Downloads/benchmark/sketches/12.png", 
                "source_images": [
                    "/home/laeroth/Downloads/benchmark/images/12/*.jpg"
                ], 
                "key": "set12"
            }, 
            {
                "query_image": "/home/laeroth/Downloads/benchmark/sketches/13.png", 
                "source_images": [
                    "/home/laeroth/Downloads/benchmark/images/13/*.jpg"
                ], 
                "key": "set13"
            }, 
            {
                "query_image": "/home/laeroth/Downloads/benchmark/sketches/14.png", 
                "source_images": [
                    "/home/laeroth/Downloads/benchmark/images/14/*.jpg"
                ], 
                "key": "set14"
            }, 
            {
                "query_image": "/home/laeroth/Downloads/benchmark/sketches/20.png", 
                "source_images": [
                    "/home/laeroth/Downloads/benchmark/images/20/*.jpg"
                ], 
                "key": "set20"
            }, 
            {
                "query_image": "/home/laeroth/Downloads/benchmark/sketches/21.png", 
                "source_images": [
                    "/home/laeroth/Downloads/benchmark/images/21/*.jpg"
                ], 
                "key": "set21"
            }, 
            {
                "query_image": "/home/laeroth/Downloads/benchmark/sketches/23.png", 
                "source_images": [
                    "/home/laeroth/Downloads/benchmark/images/23/*.jpg"
                ], 
                "key": "set23"
            }, 
            {
                "query_image": "/home/laeroth/Downloads/benchmark/sketches/24.png", 
                "source_images": [
                    "/home/laeroth/Downloads/benchmark/images/24/*.jpg"
                ],