{
    "duration": 2653.890068, 
    "correlations": {
        "/home/laeroth/Downloads/benchmark/sketches/42.png": -0.2567776137100361, 
        "/home/laeroth/Downloads/benchmark/sketches/21.png": 0.21392036775678547, 
        "/home/laeroth/Downloads/benchmark/sketches/48.png": 0.2400049949530168, 
        "/home/laeroth/Downloads/benchmark/sketches/23.png": 0.37170610160700535, 
        "/home/laeroth/Downloads/benchmark/sketches/26.png": 0.25337751562830468, 
        "/home/laeroth/Downloads/benchmark/sketches/43.png": 0.12733184795534094, 
        "/home/laeroth/Downloads/benchmark/sketches/4.png": 0.259975121206872, 
        "/home/laeroth/Downloads/benchmark/sketches/0.png": 0.40051920063747037, 
        "/home/laeroth/Downloads/benchmark/sketches/11.png": 0.32067292912774958, 
        "/home/laeroth/Downloads/benchmark/sketches/25.png": 0.24629686099516912, 
        "/home/laeroth/Downloads/benchmark/sketches/27.png": 0.24453206719969289, 
        "/home/laeroth/Downloads/benchmark/sketches/33.png": 0.29968000579388321, 
        "/home/laeroth/Downloads/benchmark/sketches/30.png": 0.36282386775730563, 
        "/home/laeroth/Downloads/benchmark/sketches/6.png": 0.08258174511277544, 
        "/home/laeroth/Downloads/benchmark/sketches/2.png": 0.072072609279909494, 
        "/home/laeroth/Downloads/benchmark/sketches/1.png": 0.094012545487251881, 
        "/home/laeroth/Downloads/benchmark/sketches/38.png": 0.049033278538788375, 
        "/home/laeroth/Downloads/benchmark/sketches/9.png": 0.14313587209666898, 
        "/home/laeroth/Downloads/benchmark/sketches/14.png": 0.19910120451993654, 
        "/home/laeroth/Downloads/benchmark/sketches/13.png": 0.24277501712430971, 
        "/home/laeroth/Downloads/benchmark/sketches/28.png": 0.37009004767336928, 
        "/home/laeroth/Downloads/benchmark/sketches/34.png": 0.029506099719788553, 
        "/home/laeroth/Downloads/benchmark/sketches/7.png": 0.30630858943961531, 
        "/home/laeroth/Downloads/benchmark/sketches/8.png": 0.13402239907654029, 
        "/home/laeroth/Downloads/benchmark/sketches/20.png": 0.16752799884567537, 
        "/home/laeroth/Downloads/benchmark/sketches/24.png": -0.11155105043470301, 
        "/home/laeroth/Downloads/benchmark/sketches/10.png": 0.037395858475706305, 
        "/home/laeroth/Downloads/benchmark/sketches/12.png": 0.14313587209666898, 
        "/home/laeroth/Downloads/benchmark/sketches/46.png": 0.37887101277406582, 
        "/home/laeroth/Downloads/benchmark/sketches/47.png": 0.25773538283950059, 
        "/home/laeroth/Downloads/benchmark/sketches/45.png": 0.095115995519963054
    }, 
    "config": {
        "features": {
            "extractor": "features.global_means", 
            "grid_size": 16
        }, 
        "curvelets": {
            "transform": "transforms.curvelet", 
            "angles": 12, 
            "scales": 4
        }, 
        "readers": {
            "query": "readers.luma", 
            "image": "readers.luma"
        }, 
        "metric": {
            "metric": "metrics.cosine_means"
        }, 
        "cache": {
            "reader_enabled": false, 
            "feature_enabled": true
        }, 
        "images": [
            {
                "query_image": "/home/laeroth/Downloads/benchmark/sketches/0.png", 
                "source_images": [
                    "/home/laeroth/Downloads/benchmark/images/0/*.jpg"
                ], 
                "key": "set0"
            }, 
            {
                "query_image": "/home/laeroth/Downloads/benchmark/sketches/1.png", 
                "source_images": [
                    "/home/laeroth/Downloads/benchmark/images/1/*.jpg"
                ], 
                "key": "set1"
            }, 
            {
                "query_image": "/home/laeroth/Downloads/benchmark/sketches/2.png", 
                "source_images": [
                    "/home/laeroth/Downloads/benchmark/images/2/*.jpg"
                ], 
                "key": "set2"
            }, 
            {
                "query_image": "/home/laeroth/Downloads/benchmark/sketches/4.png", 
                "source_images": [
                    "/home/laeroth/Downloads/benchmark/images/4/*.jpg"
                ], 
                "key": "set4"
            }, 
            {
                "query_image": "/home/laeroth/Downloads/benchmark/sketches/6.png", 
                "source_images": [
                    "/home/laeroth/Downloads/benchmark/images/6/*.jpg"
                ], 
                "key": "set6"
            }, 
            {
                "query_image": "/home/laeroth/Downloads/benchmark/sketches/7.png", 
                "source_images": [
                    "/home/laeroth/Downloads/benchmark/images/7/*.jpg"
                ], 
                "key": "set7"
            }, 
            {
                "query_image": "/home/laeroth/Downloads/benchmark/sketches/8.png", 
                "source_images": [
                    "/home/laeroth/Downloads/benchmark/images/8/*.jpg"
                ], 
                "key": "set8"
            }, 
            {
                "query_image": "/home/laeroth/Downloads/benchmark/sketches/9.png", 
                "source_images": [
                    "/home/laeroth/Downloads/benchmark/images/9/*.jpg"
                ], 
                "key": "set9"
            }, 
            {
                "query_image": "/home/laeroth/Downloads/benchmark/sketches/10.png", 
                "source_images": [
                    "/home/laeroth/Downloads/benchmark/images/10/*.jpg"
                ], 
                "key": "set10"
            }, 
            {
                "query_image": "/home/laeroth/Downloads/benchmark/sketches/11.png", 
                "source_images": [
                    "/home/laeroth/Downloads/benchmark/images/11/*.jpg"
                ], 
                "key": "set11"
            }, 
            {
                "query_image": "/home/laeroth/Downloads/benchmark/sketches/12.png", 
                "source_images": [
                    "/home/laeroth/Downloads/benchmark/images/12/*.jpg"
                ], 
                "key": "set12"
            }, 
            {
                "query_image": "/home/laeroth/Downloads/benchmark/sketches/13.png", 
                "source_images": [
                    "/home/laeroth/Downloads/benchmark/images/13/*.jpg"
                ], 
                "key": "set13"
            }, 
            {
                "query_image": "/home/laeroth/Downloads/benchmark/sketches/14.png", 
                "source_images": [
                    "/home/laeroth/Downloads/benchmark/images/14/*.jpg"
                ], 
                "key": "set14"
            }, 
            {
                "query_image": "/home/laeroth/Downloads/benchmark/sketches/20.png", 
                "source_images": [
                    "/home/laeroth/Downloads/benchmark/images/20/*.jpg"
                ], 
                "key": "set20"
            }, 
            {
                "query_image": "/home/laeroth/Downloads/benchmark/sketches/21.png", 
                "source_images": [
                    "/home/laeroth/Downloads/benchmark/images/21/*.jpg"
                ], 
                "key": "set21"
            }, 
            {
                "query_image": "/home/laeroth/Downloads/benchmark/sketches/23.png", 
                "source_images": [
                    "/home/laeroth/Downloads/benchmark/images/23/*.jpg"
                ], 
                "key": "set23"
            }, 
            {
                "query_image": "/home/laeroth/Downloads/benchmark/sketches/24.png", 
                "source_images": [
                    "/home/laeroth/Downloads/benchmark/images/24/*.jpg"
                ], 
                "key": "set24"
            }, 
            {
                "query_image": "/home/laeroth/Downloads/benchmark/sketches/25.png",