{
    "duration": 2705.214929, 
    "correlations": {
        "/home/laeroth/Downloads/benchmark/sketches/42.png": 0.19484130487545454, 
        "/home/laeroth/Downloads/benchmark/sketches/21.png": 0.12629033759135527, 
        "/home/laeroth/Downloads/benchmark/sketches/48.png": 0.23742429608255425, 
        "/home/laeroth/Downloads/benchmark/sketches/23.png": 0.10418060287255168, 
        "/home/laeroth/Downloads/benchmark/sketches/26.png": 0.32025889031191812, 
        "/home/laeroth/Downloads/benchmark/sketches/43.png": -0.15562781416763893, 
        "/home/laeroth/Downloads/benchmark/sketches/4.png": 0.095238410739151139, 
        "/home/laeroth/Downloads/benchmark/sketches/0.png": 0.17128313081923974, 
        "/home/laeroth/Downloads/benchmark/sketches/11.png": 0.2588564608621593, 
        "/home/laeroth/Downloads/benchmark/sketches/25.png": 0.09155537764741889, 
        "/home/laeroth/Downloads/benchmark/sketches/27.png": 0.16988543615978666, 
        "/home/laeroth/Downloads/benchmark/sketches/33.png": 0.065595194401236234, 
        "/home/laeroth/Downloads/benchmark/sketches/30.png": -0.068432971498708889, 
        "/home/laeroth/Downloads/benchmark/sketches/6.png": -0.14709873348213123, 
        "/home/laeroth/Downloads/benchmark/sketches/2.png": -0.028314239359964442, 
        "/home/laeroth/Downloads/benchmark/sketches/1.png": 0.12234509344231409, 
        "/home/laeroth/Downloads/benchmark/sketches/38.png": 0.072259568372951291, 
        "/home/laeroth/Downloads/benchmark/sketches/9.png": 0.09155537764741889, 
        "/home/laeroth/Downloads/benchmark/sketches/14.png": -0.042389288704244556, 
        "/home/laeroth/Downloads/benchmark/sketches/13.png": 0.28901787752894015, 
        "/home/laeroth/Downloads/benchmark/sketches/28.png": 0.45003981406970694, 
        "/home/laeroth/Downloads/benchmark/sketches/34.png": 0.037203343124950786, 
        "/home/laeroth/Downloads/benchmark/sketches/7.png": 0.36036304639954742, 
        "/home/laeroth/Downloads/benchmark/sketches/8.png": -0.054124430396295116, 
        "/home/laeroth/Downloads/benchmark/sketches/20.png": -0.043815015082715097, 
        "/home/laeroth/Downloads/benchmark/sketches/24.png": -0.2620152579977908, 
        "/home/laeroth/Downloads/benchmark/sketches/10.png": 0.27208710821979415, 
        "/home/laeroth/Downloads/benchmark/sketches/12.png": 0.21534856432561908, 
        "/home/laeroth/Downloads/benchmark/sketches/46.png": -0.1288676914197503, 
        "/home/laeroth/Downloads/benchmark/sketches/47.png": 0.04896972273950511, 
        "/home/laeroth/Downloads/benchmark/sketches/45.png": 0.087403887775101177
    }, 
    "config": {
        "features": {
            "extractor": "features.global_means", 
            "grid_size": 8
        }, 
        "curvelets": {
            "transform": "transforms.curvelet", 
            "angles": 12, 
            "scales": 4
        }, 
        "readers": {
            "query": "readers.luma", 
            "image": "readers.canny", 
            "canny_sigma": 1.5
        }, 
        "metric": {
            "metric": "metrics.l2_means"
        }, 
        "cache": {
            "reader_enabled": false, 
            "feature_enabled": true
        }, 
        "images": [
            {
                "query_image": "/home/laeroth/Downloads/benchmark/sketches/0.png", 
                "source_images": [
                    "/home/laeroth/Downloads/benchmark/images/0/*.jpg"
                ], 
                "key": "set0"
            }, 
            {
                "query_image": "/home/laeroth/Downloads/benchmark/sketches/1.png", 
                "source_images": [
                    "/home/laeroth/Downloads/benchmark/images/1/*.jpg"
                ], 
                "key": "set1"
            }, 
            {
                "query_image": "/home/laeroth/Downloads/benchmark/sketches/2.png", 
                "source_images": [
                    "/home/laeroth/Downloads/benchmark/images/2/*.jpg"
                ], 
                "key": "set2"
            }, 
            {
                "query_image": "/home/laeroth/Downloads/benchmark/sketches/4.png", 
                "source_images": [
                    "/home/laeroth/Downloads/benchmark/images/4/*.jpg"
                ], 
                "key": "set4"
            }, 
            {
                "query_image": "/home/laeroth/Downloads/benchmark/sketches/6.png", 
                "source_images": [
                    "/home/laeroth/Downloads/benchmark/images/6/*.jpg"
                ], 
                "key": "set6"
            }, 
            {
                "query_image": "/home/laeroth/Downloads/benchmark/sketches/7.png", 
                "source_images": [
                    "/home/laeroth/Downloads/benchmark/images/7/*.jpg"
                ], 
                "key": "set7"
            }, 
            {
                "query_image": "/home/laeroth/Downloads/benchmark/sketches/8.png", 
                "source_images": [
                    "/home/laeroth/Downloads/benchmark/images/8/*.jpg"
                ], 
                "key": "set8"
            }, 
            {
                "query_image": "/home/laeroth/Downloads/benchmark/sketches/9.png", 
                "source_images": [
                    "/home/laeroth/Downloads/benchmark/images/9/*.jpg"
                ], 
                "key": "set9"
            }, 
            {
                "query_image": "/home/laeroth/Downloads/benchmark/sketches/10.png", 
                "source_images": [
                    "/home/laeroth/Downloads/benchmark/images/10/*.jpg"
                ], 
                "key": "set10"
            }, 
            {
                "query_image": "/home/laeroth/Downloads/benchmark/sketches/11.png", 
                "source_images": [
                    "/home/laeroth/Downloads/benchmark/images/11/*.jpg"
                ], 
                "key": "set11"
            }, 
            {
                "query_image": "/home/laeroth/Downloads/benchmark/sketches/12.png", 
                "source_images": [
                    "/home/laeroth/Downloads/benchmark/images/12/*.jpg"
                ], 
                "key": "set12"
            }, 
            {
                "query_image": "/home/laeroth/Downloads/benchmark/sketches/13.png", 
                "source_images": [
                    "/home/laeroth/Downloads/benchmark/images/13/*.jpg"
                ], 
                "key": "set13"
            }, 
            {
                "query_image": "/home/laeroth/Downloads/benchmark/sketches/14.png", 
                "source_images": [
                    "/home/laeroth/Downloads/benchmark/images/14/*.jpg"
                ], 
                "key": "set14"
            }, 
            {
                "query_image": "/home/laeroth/Downloads/benchmark/sketches/20.png", 
                "source_images": [
                    "/home/laeroth/Downloads/benchmark/images/20/*.jpg"
                ], 
                "key": "set20"
            }, 
            {
                "query_image": "/home/laeroth/Downloads/benchmark/sketches/21.png", 
                "source_images": [
                    "/home/laeroth/Downloads/benchmark/images/21/*.jpg"
                ], 
                "key": "set21"
            }, 
            {
                "query_image": "/home/laeroth/Downloads/benchmark/sketches/23.png", 
                "source_images": [
                    "/home/laeroth/Downloads/benchmark/images/23/*.jpg"
                ], 
                "key": "set23"
            }, 
            {
                "query_image": "/home/laeroth/Downloads/benchmark/sketches/24.png", 
                "source_images": [
                    "/home/laeroth/Downloads/benchmark/images/24/*.jpg"
                ], 
                "key": "set24"
            }, 
            {
                "query_image": "/home/laeroth/Downloads/benchmark/sketches/25.png",