{
    "duration": 1393.884326, 
    "correlations": {
        "/home/laeroth/Downloads/benchmark/sketches/42.png": -0.24387421603616496, 
        "/home/laeroth/Downloads/benchmark/sketches/21.png": 0.15464122970370034, 
        "/home/laeroth/Downloads/benchmark/sketches/48.png": 0.21419800624839133, 
        "/home/laeroth/Downloads/benchmark/sketches/23.png": 0.32797597200618123, 
        "/home/laeroth/Downloads/benchmark/sketches/26.png": 0.32025889031191812, 
        "/home/laeroth/Downloads/benchmark/sketches/43.png": 0.1427660113438671, 
        "/home/laeroth/Downloads/benchmark/sketches/4.png": 0.26254913230793014, 
        "/home/laeroth/Downloads/benchmark/sketches/0.png": 0.43142743477026552, 
        "/home/laeroth/Downloads/benchmark/sketches/11.png": 0.38764076974880574, 
        "/home/laeroth/Downloads/benchmark/sketches/25.png": 0.17924221821114403, 
        "/home/laeroth/Downloads/benchmark/sketches/27.png": 0.34491891583956685, 
        "/home/laeroth/Downloads/benchmark/sketches/33.png": 0.28939056353486575, 
        "/home/laeroth/Downloads/benchmark/sketches/30.png": 0.28793495555117138, 
        "/home/laeroth/Downloads/benchmark/sketches/6.png": 0.090323783717098136, 
        "/home/laeroth/Downloads/benchmark/sketches/2.png": 0.13642315327982868, 
        "/home/laeroth/Downloads/benchmark/sketches/1.png": 0.10173960402045067, 
        "/home/laeroth/Downloads/benchmark/sketches/38.png": -0.018064892093237823, 
        "/home/laeroth/Downloads/benchmark/sketches/9.png": 0.088976352924956384, 
        "/home/laeroth/Downloads/benchmark/sketches/14.png": 0.10918453151093294, 
        "/home/laeroth/Downloads/benchmark/sketches/13.png": 0.35067502473511403, 
        "/home/laeroth/Downloads/benchmark/sketches/28.png": 0.29014028127703168, 
        "/home/laeroth/Downloads/benchmark/sketches/34.png": 0.078255307952482686, 
        "/home/laeroth/Downloads/benchmark/sketches/7.png": 0.39125130751950865, 
        "/home/laeroth/Downloads/benchmark/sketches/8.png": 0.0, 
        "/home/laeroth/Downloads/benchmark/sketches/20.png": 0.095362091650615211, 
        "/home/laeroth/Downloads/benchmark/sketches/24.png": -0.088203156157672144, 
        "/home/laeroth/Downloads/benchmark/sketches/10.png": 0.070923179867718858, 
        "/home/laeroth/Downloads/benchmark/sketches/12.png": 0.065765130422793847, 
        "/home/laeroth/Downloads/benchmark/sketches/46.png": 0.39175778191604088, 
        "/home/laeroth/Downloads/benchmark/sketches/47.png": 0.14433181439012033, 
        "/home/laeroth/Downloads/benchmark/sketches/45.png": 0.079691780030239315
    }, 
    "config": {
        "features": {
            "extractor": "features.global_means", 
            "grid_size": 4
        }, 
        "curvelets": {
            "transform": "transforms.curvelet", 
            "angles": 12, 
            "scales": 4
        }, 
        "readers": {
            "query": "readers.luma", 
            "image": "readers.luma"
        }, 
        "metric": {
            "metric": "metrics.cosine_means"
        }, 
        "cache": {
            "reader_enabled": false, 
            "feature_enabled": true
        }, 
        "images": [
            {
                "query_image": "/home/laeroth/Downloads/benchmark/sketches/0.png", 
                "source_images": [
                    "/home/laeroth/Downloads/benchmark/images/0/*.jpg"
                ], 
                "key": "set0"
            }, 
            {
                "query_image": "/home/laeroth/Downloads/benchmark/sketches/1.png", 
                "source_images": [
                    "/home/laeroth/Downloads/benchmark/images/1/*.jpg"
                ], 
                "key": "set1"
            }, 
            {
                "query_image": "/home/laeroth/Downloads/benchmark/sketches/2.png", 
                "source_images": [
                    "/home/laeroth/Downloads/benchmark/images/2/*.jpg"
                ], 
                "key": "set2"
            }, 
            {
                "query_image": "/home/laeroth/Downloads/benchmark/sketches/4.png", 
                "source_images": [
                    "/home/laeroth/Downloads/benchmark/images/4/*.jpg"
                ], 
                "key": "set4"
            }, 
            {
                "query_image": "/home/laeroth/Downloads/benchmark/sketches/6.png", 
                "source_images": [
                    "/home/laeroth/Downloads/benchmark/images/6/*.jpg"
                ], 
                "key": "set6"
            }, 
            {
                "query_image": "/home/laeroth/Downloads/benchmark/sketches/7.png", 
                "source_images": [
                    "/home/laeroth/Downloads/benchmark/images/7/*.jpg"
                ], 
                "key": "set7"
            }, 
            {
                "query_image": "/home/laeroth/Downloads/benchmark/sketches/8.png", 
                "source_images": [
                    "/home/laeroth/Downloads/benchmark/images/8/*.jpg"
                ], 
                "key": "set8"
            }, 
            {
                "query_image": "/home/laeroth/Downloads/benchmark/sketches/9.png", 
                "source_images": [
                    "/home/laeroth/Downloads/benchmark/images/9/*.jpg"
                ], 
                "key": "set9"
            }, 
            {
                "query_image": "/home/laeroth/Downloads/benchmark/sketches/10.png", 
                "source_images": [
                    "/home/laeroth/Downloads/benchmark/images/10/*.jpg"
                ], 
                "key": "set10"
            }, 
            {
                "query_image": "/home/laeroth/Downloads/benchmark/sketches/11.png", 
                "source_images": [
                    "/home/laeroth/Downloads/benchmark/images/11/*.jpg"
                ], 
                "key": "set11"
            }, 
            {
                "query_image": "/home/laeroth/Downloads/benchmark/sketches/12.png", 
                "source_images": [
                    "/home/laeroth/Downloads/benchmark/images/12/*.jpg"
                ], 
                "key": "set12"
            }, 
            {
                "query_image": "/home/laeroth/Downloads/benchmark/sketches/13.png", 
                "source_images": [
                    "/home/laeroth/Downloads/benchmark/images/13/*.jpg"
                ], 
                "key": "set13"
            }, 
            {
                "query_image": "/home/laeroth/Downloads/benchmark/sketches/14.png", 
                "source_images": [
                    "/home/laeroth/Downloads/benchmark/images/14/*.jpg"
                ], 
                "key": "set14"
            }, 
            {
                "query_image": "/home/laeroth/Downloads/benchmark/sketches/20.png", 
                "source_images": [
                    "/home/laeroth/Downloads/benchmark/images/20/*.jpg"
                ], 
                "key": "set20"
            }, 
            {
                "query_image": "/home/laeroth/Downloads/benchmark/sketches/21.png", 
                "source_images": [
                    "/home/laeroth/Downloads/benchmark/images/21/*.jpg"
                ], 
                "key": "set21"
            }, 
            {
                "query_image": "/home/laeroth/Downloads/benchmark/sketches/23.png", 
                "source_images": [
                    "/home/laeroth/Downloads/benchmark/images/23/*.jpg"
                ], 
                "key": "set23"
            }, 
            {
                "query_image": "/home/laeroth/Downloads/benchmark/sketches/24.png", 
                "source_images": [
                    "/home/laeroth/Downloads/benchmark/images/24/*.jpg"
                ], 
                "key": "set24"
            }, 
            {
                "query_image": "/home/laeroth/Downloads/benchmark/sketches/25.png",