{
    "duration": 55.324868, 
    "correlations": {
        "/home/laeroth/Downloads/benchmark/sketches/42.png": -0.29290712719687539, 
        "/home/laeroth/Downloads/benchmark/sketches/21.png": 0.25000332135431552, 
        "/home/laeroth/Downloads/benchmark/sketches/48.png": 0.21419800624839133, 
        "/home/laeroth/Downloads/benchmark/sketches/23.png": 0.4643110819381624, 
        "/home/laeroth/Downloads/benchmark/sketches/26.png": 0.37427846217175975, 
        "/home/laeroth/Downloads/benchmark/sketches/43.png": 0.11189768456681476, 
        "/home/laeroth/Downloads/benchmark/sketches/4.png": 0.0077220333031744158, 
        "/home/laeroth/Downloads/benchmark/sketches/0.png": 0.34642979090507886, 
        "/home/laeroth/Downloads/benchmark/sketches/11.png": 0.24597802997349466, 
        "/home/laeroth/Downloads/benchmark/sketches/25.png": 0.11476660014958143, 
        "/home/laeroth/Downloads/benchmark/sketches/27.png": 0.30373456767961854, 
        "/home/laeroth/Downloads/benchmark/sketches/33.png": 0.18906850150944562, 
        "/home/laeroth/Downloads/benchmark/sketches/30.png": 0.31892347094681311, 
        "/home/laeroth/Downloads/benchmark/sketches/6.png": 0.05161359069548465, 
        "/home/laeroth/Downloads/benchmark/sketches/2.png": 0.2059217407997414, 
        "/home/laeroth/Downloads/benchmark/sketches/1.png": 0.029620391043928676, 
        "/home/laeroth/Downloads/benchmark/sketches/38.png": 0.0077420966113876388, 
        "/home/laeroth/Downloads/benchmark/sketches/9.png": 0.168926119321294, 
        "/home/laeroth/Downloads/benchmark/sketches/14.png": 0.096339292509646721, 
        "/home/laeroth/Downloads/benchmark/sketches/13.png": 0.29158692532919739, 
        "/home/laeroth/Downloads/benchmark/sketches/28.png": 0.22050661377054409, 
        "/home/laeroth/Downloads/benchmark/sketches/34.png": 0.091084046961086393, 
        "/home/laeroth/Downloads/benchmark/sketches/7.png": 0.40669543807948927, 
        "/home/laeroth/Downloads/benchmark/sketches/8.png": 0.11082621462098524, 
        "/home/laeroth/Downloads/benchmark/sketches/20.png": 0.23969390604073554, 
        "/home/laeroth/Downloads/benchmark/sketches/24.png": -0.11414526090992866, 
        "/home/laeroth/Downloads/benchmark/sketches/10.png": 0.15603099570898149, 
        "/home/laeroth/Downloads/benchmark/sketches/12.png": 0.16376806987636899, 
        "/home/laeroth/Downloads/benchmark/sketches/46.png": 0.44845956614073096, 
        "/home/laeroth/Downloads/benchmark/sketches/47.png": 0.40979925871480588, 
        "/home/laeroth/Downloads/benchmark/sketches/45.png": 0.074550374866998073
    }, 
    "config": {
        "features": {
            "extractor": "features.global_means", 
            "grid_size": 12
        }, 
        "curvelets": {
            "transform": "transforms.curvelet", 
            "angles": 12, 
            "scales": 4
        }, 
        "readers": {
            "query": "readers.luma", 
            "image": "readers.canny", 
            "canny_sigma": 1.5
        }, 
        "metric": {
            "metric": "metrics.cosine_means"
        }, 
        "cache": {
            "reader_enabled": false, 
            "feature_enabled": true
        }, 
        "images": [
            {
                "query_image": "/home/laeroth/Downloads/benchmark/sketches/0.png", 
                "source_images": [
                    "/home/laeroth/Downloads/benchmark/images/0/*.jpg"
                ], 
                "key": "set0"
            }, 
            {
                "query_image": "/home/laeroth/Downloads/benchmark/sketches/1.png", 
                "source_images": [
                    "/home/laeroth/Downloads/benchmark/images/1/*.jpg"
                ], 
                "key": "set1"
            }, 
            {
                "query_image": "/home/laeroth/Downloads/benchmark/sketches/2.png", 
                "source_images": [
                    "/home/laeroth/Downloads/benchmark/images/2/*.jpg"
                ], 
                "key": "set2"
            }, 
            {
                "query_image": "/home/laeroth/Downloads/benchmark/sketches/4.png", 
                "source_images": [
                    "/home/laeroth/Downloads/benchmark/images/4/*.jpg"
                ], 
                "key": "set4"
            }, 
            {
                "query_image": "/home/laeroth/Downloads/benchmark/sketches/6.png", 
                "source_images": [
                    "/home/laeroth/Downloads/benchmark/images/6/*.jpg"
                ], 
                "key": "set6"
            }, 
            {
                "query_image": "/home/laeroth/Downloads/benchmark/sketches/7.png", 
                "source_images": [
                    "/home/laeroth/Downloads/benchmark/images/7/*.jpg"
                ], 
                "key": "set7"
            }, 
            {
                "query_image": "/home/laeroth/Downloads/benchmark/sketches/8.png", 
                "source_images": [
                    "/home/laeroth/Downloads/benchmark/images/8/*.jpg"
                ], 
                "key": "set8"
            }, 
            {
                "query_image": "/home/laeroth/Downloads/benchmark/sketches/9.png", 
                "source_images": [
                    "/home/laeroth/Downloads/benchmark/images/9/*.jpg"
                ], 
                "key": "set9"
            }, 
            {
                "query_image": "/home/laeroth/Downloads/benchmark/sketches/10.png", 
                "source_images": [
                    "/home/laeroth/Downloads/benchmark/images/10/*.jpg"
                ], 
                "key": "set10"
            }, 
            {
                "query_image": "/home/laeroth/Downloads/benchmark/sketches/11.png", 
                "source_images": [
                    "/home/laeroth/Downloads/benchmark/images/11/*.jpg"
                ], 
                "key": "set11"
            }, 
            {
                "query_image": "/home/laeroth/Downloads/benchmark/sketches/12.png", 
                "source_images": [
                    "/home/laeroth/Downloads/benchmark/images/12/*.jpg"
                ], 
                "key": "set12"
            }, 
            {
                "query_image": "/home/laeroth/Downloads/benchmark/sketches/13.png", 
                "source_images": [
                    "/home/laeroth/Downloads/benchmark/images/13/*.jpg"
                ], 
                "key": "set13"
            }, 
            {
                "query_image": "/home/laeroth/Downloads/benchmark/sketches/14.png", 
                "source_images": [
                    "/home/laeroth/Downloads/benchmark/images/14/*.jpg"
                ], 
                "key": "set14"
            }, 
            {
                "query_image": "/home/laeroth/Downloads/benchmark/sketches/20.png", 
                "source_images": [
                    "/home/laeroth/Downloads/benchmark/images/20/*.jpg"
                ], 
                "key": "set20"
            }, 
            {
                "query_image": "/home/laeroth/Downloads/benchmark/sketches/21.png", 
                "source_images": [
                    "/home/laeroth/Downloads/benchmark/images/21/*.jpg"
                ], 
                "key": "set21"
            }, 
            {
                "query_image": "/home/laeroth/Downloads/benchmark/sketches/23.png", 
                "source_images": [
                    "/home/laeroth/Downloads/benchmark/images/23/*.jpg"
                ], 
                "key": "set23"
            }, 
            {
                "query_image": "/home/laeroth/Downloads/benchmark/sketches/24.png", 
                "source_images": [
                    "/home/laeroth/Downloads/benchmark/images/24/*.jpg"
                ], 
                "key": "set24"
            }, 
            {
                "query_image": "/home/laeroth/Downloads/benchmark/sketches/25.png",