{
    "duration": 60.271377, 
    "correlations": {
        "/home/laeroth/Downloads/benchmark/sketches/42.png": -0.37806955184442503, 
        "/home/laeroth/Downloads/benchmark/sketches/21.png": 0.26546744432468561, 
        "/home/laeroth/Downloads/benchmark/sketches/48.png": 0.16516472770960294, 
        "/home/laeroth/Downloads/benchmark/sketches/23.png": 0.23022627054551542, 
        "/home/laeroth/Downloads/benchmark/sketches/26.png": 0.31768652974716377, 
        "/home/laeroth/Downloads/benchmark/sketches/43.png": 0.13247656908484967, 
        "/home/laeroth/Downloads/benchmark/sketches/4.png": 0.29858528772274412, 
        "/home/laeroth/Downloads/benchmark/sketches/0.png": 0.33355136001641422, 
        "/home/laeroth/Downloads/benchmark/sketches/11.png": 0.016741960155264034, 
        "/home/laeroth/Downloads/benchmark/sketches/25.png": 0.35203687461613176, 
        "/home/laeroth/Downloads/benchmark/sketches/27.png": 0.18790358847976402, 
        "/home/laeroth/Downloads/benchmark/sketches/33.png": 0.042443949318446979, 
        "/home/laeroth/Downloads/benchmark/sketches/30.png": 0.19238703308127594, 
        "/home/laeroth/Downloads/benchmark/sketches/6.png": 0.25290659440787477, 
        "/home/laeroth/Downloads/benchmark/sketches/2.png": 0.21106978431973492, 
        "/home/laeroth/Downloads/benchmark/sketches/1.png": -0.1043152901981836, 
        "/home/laeroth/Downloads/benchmark/sketches/38.png": 0.35871714299429391, 
        "/home/laeroth/Downloads/benchmark/sketches/9.png": 0.34687882517120677, 
        "/home/laeroth/Downloads/benchmark/sketches/14.png": 0.42003931534205968, 
        "/home/laeroth/Downloads/benchmark/sketches/13.png": 0.27874168632791119, 
        "/home/laeroth/Downloads/benchmark/sketches/28.png": 0.44230273990231939, 
        "/home/laeroth/Downloads/benchmark/sketches/34.png": 0.24759466286605175, 
        "/home/laeroth/Downloads/benchmark/sketches/7.png": 0.25482815423967997, 
        "/home/laeroth/Downloads/benchmark/sketches/8.png": 0.14948652204691032, 
        "/home/laeroth/Downloads/benchmark/sketches/20.png": 0.34794276683332576, 
        "/home/laeroth/Downloads/benchmark/sketches/24.png": 0.18159473326579559, 
        "/home/laeroth/Downloads/benchmark/sketches/10.png": 0.037395858475706305, 
        "/home/laeroth/Downloads/benchmark/sketches/12.png": 0.09155537764741889, 
        "/home/laeroth/Downloads/benchmark/sketches/46.png": -0.092784737822220201, 
        "/home/laeroth/Downloads/benchmark/sketches/47.png": 0.036082953597530082, 
        "/home/laeroth/Downloads/benchmark/sketches/45.png": 0.20051480136640859
    }, 
    "config": {
        "features": {
            "extractor": "features.global_means", 
            "grid_size": 4
        }, 
        "curvelets": {
            "transform": "transforms.curvelet", 
            "angles": 12, 
            "scales": 4
        }, 
        "readers": {
            "query": "readers.luma", 
            "image": "readers.segment"
        }, 
        "metric": {
            "metric": "metrics.l2_means"
        }, 
        "cache": {
            "reader_enabled": false, 
            "feature_enabled": true
        }, 
        "images": [
            {
                "query_image": "/home/laeroth/Downloads/benchmark/sketches/0.png", 
                "source_images": [
                    "/home/laeroth/Documents/inf/dipl/repo/src/benchmark/image_contours/0/*.jpg"
                ], 
                "key": "set0"
            }, 
            {
                "query_image": "/home/laeroth/Downloads/benchmark/sketches/1.png", 
                "source_images": [
                    "/home/laeroth/Documents/inf/dipl/repo/src/benchmark/image_contours/1/*.jpg"
                ], 
                "key": "set1"
            }, 
            {
                "query_image": "/home/laeroth/Downloads/benchmark/sketches/2.png", 
                "source_images": [
                    "/home/laeroth/Documents/inf/dipl/repo/src/benchmark/image_contours/2/*.jpg"
                ], 
                "key": "set2"
            }, 
            {
                "query_image": "/home/laeroth/Downloads/benchmark/sketches/4.png", 
                "source_images": [
                    "/home/laeroth/Documents/inf/dipl/repo/src/benchmark/image_contours/4/*.jpg"
                ], 
                "key": "set4"
            }, 
            {
                "query_image": "/home/laeroth/Downloads/benchmark/sketches/6.png", 
                "source_images": [
                    "/home/laeroth/Documents/inf/dipl/repo/src/benchmark/image_contours/6/*.jpg"
                ], 
                "key": "set6"
            }, 
            {
                "query_image": "/home/laeroth/Downloads/benchmark/sketches/7.png", 
                "source_images": [
                    "/home/laeroth/Documents/inf/dipl/repo/src/benchmark/image_contours/7/*.jpg"
                ], 
                "key": "set7"
            }, 
            {
                "query_image": "/home/laeroth/Downloads/benchmark/sketches/8.png", 
                "source_images": [
                    "/home/laeroth/Documents/inf/dipl/repo/src/benchmark/image_contours/8/*.jpg"
                ], 
                "key": "set8"
            }, 
            {
                "query_image": "/home/laeroth/Downloads/benchmark/sketches/9.png", 
                "source_images": [
                    "/home/laeroth/Documents/inf/dipl/repo/src/benchmark/image_contours/9/*.jpg"
                ], 
                "key": "set9"
            }, 
            {
                "query_image": "/home/laeroth/Downloads/benchmark/sketches/10.png", 
                "source_images": [
                    "/home/laeroth/Documents/inf/dipl/repo/src/benchmark/image_contours/10/*.jpg"
                ], 
                "key": "set10"
            }, 
            {
                "query_image": "/home/laeroth/Downloads/benchmark/sketches/11.png", 
                "source_images": [
                    "/home/laeroth/Documents/inf/dipl/repo/src/benchmark/image_contours/11/*.jpg"
                ], 
                "key": "set11"
            }, 
            {
                "query_image": "/home/laeroth/Downloads/benchmark/sketches/12.png", 
                "source_images": [
                    "/home/laeroth/Documents/inf/dipl/repo/src/benchmark/image_contours/12/*.jpg"
                ], 
                "key": "set12"
            }, 
            {
                "query_image": "/home/laeroth/Downloads/benchmark/sketches/13.png", 
                "source_images": [
                    "/home/laeroth/Documents/inf/dipl/repo/src/benchmark/image_contours/13/*.jpg"
                ], 
                "key": "set13"
            }, 
            {
                "query_image": "/home/laeroth/Downloads/benchmark/sketches/14.png", 
                "source_images": [
                    "/home/laeroth/Documents/inf/dipl/repo/src/benchmark/image_contours/14/*.jpg"
                ], 
                "key": "set14"
            }, 
            {
                "query_image": "/home/laeroth/Downloads/benchmark/sketches/20.png", 
                "source_images": [
                    "/home/laeroth/Documents/inf/dipl/repo/src/benchmark/image_contours/20/*.jpg"
                ], 
                "key": "set20"
            }, 
            {
                "query_image": "/home/laeroth/Downloads/benchmark/sketches/21.png", 
                "source_images": [
                    "/home/laeroth/Documents/inf/dipl/repo/src/benchmark/image_contours/21/*.jpg"
                ], 
                "key": "set21"
            }, 
            {
                "query_image": "/home/laeroth/Downloads/benchmark/sketches/23.png", 
                "source_images": [
                    "/home/laeroth/Documents/inf/dipl/repo/src/benchmark/image_contours/23/*.jpg"
                ],