{
    "duration": 1485.406014, 
    "correlations": {
        "/home/laeroth/Downloads/benchmark/sketches/42.png": 0.068388007671517162, 
        "/home/laeroth/Downloads/benchmark/sketches/21.png": -0.12629033759135527, 
        "/home/laeroth/Downloads/benchmark/sketches/48.png": 0.24516639269394189, 
        "/home/laeroth/Downloads/benchmark/sketches/23.png": 0.27652876071109395, 
        "/home/laeroth/Downloads/benchmark/sketches/26.png": 0.24566043393404161, 
        "/home/laeroth/Downloads/benchmark/sketches/43.png": 0.011575622541394631, 
        "/home/laeroth/Downloads/benchmark/sketches/4.png": 0.30373330992486036, 
        "/home/laeroth/Downloads/benchmark/sketches/0.png": 0.33097567383868132, 
        "/home/laeroth/Downloads/benchmark/sketches/11.png": 0.32582430148321545, 
        "/home/laeroth/Downloads/benchmark/sketches/25.png": 0.1715051440437565, 
        "/home/laeroth/Downloads/benchmark/sketches/27.png": 0.21621782783972845, 
        "/home/laeroth/Downloads/benchmark/sketches/33.png": 0.35112721708897049, 
        "/home/laeroth/Downloads/benchmark/sketches/30.png": 0.20788129077909681, 
        "/home/laeroth/Downloads/benchmark/sketches/6.png": -0.11613057906484046, 
        "/home/laeroth/Downloads/benchmark/sketches/2.png": 0.059202500479925653, 
        "/home/laeroth/Downloads/benchmark/sketches/1.png": 0.14810195521964337, 
        "/home/laeroth/Downloads/benchmark/sketches/38.png": 0.030968386445550555, 
        "/home/laeroth/Downloads/benchmark/sketches/9.png": -0.050290982088018826, 
        "/home/laeroth/Downloads/benchmark/sketches/14.png": 0.062941671106302513, 
        "/home/laeroth/Downloads/benchmark/sketches/13.png": 0.17084167871710684, 
        "/home/laeroth/Downloads/benchmark/sketches/28.png": 0.42424956684508186, 
        "/home/laeroth/Downloads/benchmark/sketches/34.png": 0.10391278596969011, 
        "/home/laeroth/Downloads/benchmark/sketches/7.png": 0.2522541324796832, 
        "/home/laeroth/Downloads/benchmark/sketches/8.png": 0.092784737822220201, 
        "/home/laeroth/Downloads/benchmark/sketches/20.png": 0.26031273666789556, 
        "/home/laeroth/Downloads/benchmark/sketches/24.png": -0.2983342046509499, 
        "/home/laeroth/Downloads/benchmark/sketches/10.png": 0.40619639378784433, 
        "/home/laeroth/Downloads/benchmark/sketches/12.png": 0.44488176462478191, 
        "/home/laeroth/Downloads/benchmark/sketches/46.png": -0.085052676337035185, 
        "/home/laeroth/Downloads/benchmark/sketches/47.png": -0.07732061485185017, 
        "/home/laeroth/Downloads/benchmark/sketches/45.png": 0.18509058587668487
    }, 
    "config": {
        "features": {
            "extractor": "features.global_means", 
            "grid_size": 8
        }, 
        "curvelets": {
            "transform": "transforms.curvelet", 
            "angles": 12, 
            "scales": 4
        }, 
        "readers": {
            "query": "readers.luma", 
            "image": "readers.sobel"
        }, 
        "metric": {
            "metric": "metrics.l2_means"
        }, 
        "cache": {
            "reader_enabled": false, 
            "feature_enabled": true
        }, 
        "images": [
            {
                "query_image": "/home/laeroth/Downloads/benchmark/sketches/0.png", 
                "source_images": [
                    "/home/laeroth/Downloads/benchmark/images/0/*.jpg"
                ], 
                "key": "set0"
            }, 
            {
                "query_image": "/home/laeroth/Downloads/benchmark/sketches/1.png", 
                "source_images": [
                    "/home/laeroth/Downloads/benchmark/images/1/*.jpg"
                ], 
                "key": "set1"
            }, 
            {
                "query_image": "/home/laeroth/Downloads/benchmark/sketches/2.png", 
                "source_images": [
                    "/home/laeroth/Downloads/benchmark/images/2/*.jpg"
                ], 
                "key": "set2"
            }, 
            {
                "query_image": "/home/laeroth/Downloads/benchmark/sketches/4.png", 
                "source_images": [
                    "/home/laeroth/Downloads/benchmark/images/4/*.jpg"
                ], 
                "key": "set4"
            }, 
            {
                "query_image": "/home/laeroth/Downloads/benchmark/sketches/6.png", 
                "source_images": [
                    "/home/laeroth/Downloads/benchmark/images/6/*.jpg"
                ], 
                "key": "set6"
            }, 
            {
                "query_image": "/home/laeroth/Downloads/benchmark/sketches/7.png", 
                "source_images": [
                    "/home/laeroth/Downloads/benchmark/images/7/*.jpg"
                ], 
                "key": "set7"
            }, 
            {
                "query_image": "/home/laeroth/Downloads/benchmark/sketches/8.png", 
                "source_images": [
                    "/home/laeroth/Downloads/benchmark/images/8/*.jpg"
                ], 
                "key": "set8"
            }, 
            {
                "query_image": "/home/laeroth/Downloads/benchmark/sketches/9.png", 
                "source_images": [
                    "/home/laeroth/Downloads/benchmark/images/9/*.jpg"
                ], 
                "key": "set9"
            }, 
            {
                "query_image": "/home/laeroth/Downloads/benchmark/sketches/10.png", 
                "source_images": [
                    "/home/laeroth/Downloads/benchmark/images/10/*.jpg"
                ], 
                "key": "set10"
            }, 
            {
                "query_image": "/home/laeroth/Downloads/benchmark/sketches/11.png", 
                "source_images": [
                    "/home/laeroth/Downloads/benchmark/images/11/*.jpg"
                ], 
                "key": "set11"
            }, 
            {
                "query_image": "/home/laeroth/Downloads/benchmark/sketches/12.png", 
                "source_images": [
                    "/home/laeroth/Downloads/benchmark/images/12/*.jpg"
                ], 
                "key": "set12"
            }, 
            {
                "query_image": "/home/laeroth/Downloads/benchmark/sketches/13.png", 
                "source_images": [
                    "/home/laeroth/Downloads/benchmark/images/13/*.jpg"
                ], 
                "key": "set13"
            }, 
            {
                "query_image": "/home/laeroth/Downloads/benchmark/sketches/14.png", 
                "source_images": [
                    "/home/laeroth/Downloads/benchmark/images/14/*.jpg"
                ], 
                "key": "set14"
            }, 
            {
                "query_image": "/home/laeroth/Downloads/benchmark/sketches/20.png", 
                "source_images": [
                    "/home/laeroth/Downloads/benchmark/images/20/*.jpg"
                ], 
                "key": "set20"
            }, 
            {
                "query_image": "/home/laeroth/Downloads/benchmark/sketches/21.png", 
                "source_images": [
                    "/home/laeroth/Downloads/benchmark/images/21/*.jpg"
                ], 
                "key": "set21"
            }, 
            {
                "query_image": "/home/laeroth/Downloads/benchmark/sketches/23.png", 
                "source_images": [
                    "/home/laeroth/Downloads/benchmark/images/23/*.jpg"
                ], 
                "key": "set23"
            }, 
            {
                "query_image": "/home/laeroth/Downloads/benchmark/sketches/24.png", 
                "source_images": [
                    "/home/laeroth/Downloads/benchmark/images/24/*.jpg"
                ], 
                "key": "set24"
            }, 
            {
                "query_image": "/home/laeroth/Downloads/benchmark/sketches/25.png",