{
    "duration": 83.270016, 
    "correlations": {
        "/home/laeroth/Downloads/benchmark/sketches/42.png": -0.057708503794841291, 
        "/home/laeroth/Downloads/benchmark/sketches/21.png": 0.14183621398911961, 
        "/home/laeroth/Downloads/benchmark/sketches/48.png": -0.10838935255942694, 
        "/home/laeroth/Downloads/benchmark/sketches/23.png": 0.3339823314754034, 
        "/home/laeroth/Downloads/benchmark/sketches/26.png": 0.40956522043310128, 
        "/home/laeroth/Downloads/benchmark/sketches/43.png": 0.15622985825001198, 
        "/home/laeroth/Downloads/benchmark/sketches/4.png": 0.17103008227849784, 
        "/home/laeroth/Downloads/benchmark/sketches/0.png": 0.21555574115902795, 
        "/home/laeroth/Downloads/benchmark/sketches/11.png": 0.46679591551472044, 
        "/home/laeroth/Downloads/benchmark/sketches/25.png": 0.30499681957215574, 
        "/home/laeroth/Downloads/benchmark/sketches/27.png": 0.48963894883007059, 
        "/home/laeroth/Downloads/benchmark/sketches/33.png": 0.22194743501789796, 
        "/home/laeroth/Downloads/benchmark/sketches/30.png": -0.17380084415824787, 
        "/home/laeroth/Downloads/benchmark/sketches/6.png": -0.030367859344421596, 
        "/home/laeroth/Downloads/benchmark/sketches/2.png": 0.20417688367622491, 
        "/home/laeroth/Downloads/benchmark/sketches/1.png": 0.074838958881443429, 
        "/home/laeroth/Downloads/benchmark/sketches/38.png": 0.17970448998919086, 
        "/home/laeroth/Downloads/benchmark/sketches/9.png": 0.3868601212137186, 
        "/home/laeroth/Downloads/benchmark/sketches/14.png": 0.086399943333080556, 
        "/home/laeroth/Downloads/benchmark/sketches/13.png": 0.53484078349191233, 
        "/home/laeroth/Downloads/benchmark/sketches/28.png": 0.34525340587929088, 
        "/home/laeroth/Downloads/benchmark/sketches/34.png": 0.23034030348665821, 
        "/home/laeroth/Downloads/benchmark/sketches/7.png": 0.29015641412152332, 
        "/home/laeroth/Downloads/benchmark/sketches/8.png": 0.060684628605153342, 
        "/home/laeroth/Downloads/benchmark/sketches/20.png": 0.21935648217751122, 
        "/home/laeroth/Downloads/benchmark/sketches/24.png": -0.04679964176596791, 
        "/home/laeroth/Downloads/benchmark/sketches/10.png": 0.090439955834201002, 
        "/home/laeroth/Downloads/benchmark/sketches/12.png": -0.0025806795347742325, 
        "/home/laeroth/Downloads/benchmark/sketches/46.png": 0.25883436554265643, 
        "/home/laeroth/Downloads/benchmark/sketches/47.png": 0.16237329118888535, 
        "/home/laeroth/Downloads/benchmark/sketches/45.png": 0.15979381443298965
    }, 
    "config": {
        "features": {
            "extractor": "features.patch_means", 
            "patch_size": 3, 
            "grid_size": 8
        }, 
        "curvelets": {
            "transform": "transforms.curvelet_strictangles", 
            "angles": 12, 
            "scales": 4
        }, 
        "readers": {
            "query": "readers.luma", 
            "image": "readers.sobel"
        }, 
        "metric": {
            "metric": "metrics.histogram_intersection"
        }, 
        "cache": {
            "reader_enabled": false, 
            "reader_path": "/media/data0/unsorted/caches", 
            "feature_enabled": true
        }, 
        "codebook": {
            "codebook_size": 1000, 
            "metric": "kmeans"
        }, 
        "weights": {
            "use_stopwords": false, 
            "use_weights": "weights.tfidf"
        }, 
        "images": [
            {
                "query_image": "/home/laeroth/Downloads/benchmark/sketches/0.png", 
                "source_images": [
                    "/home/laeroth/Downloads/benchmark/images/0/*.jpg"
                ], 
                "key": "set0"
            }, 
            {
                "query_image": "/home/laeroth/Downloads/benchmark/sketches/1.png", 
                "source_images": [
                    "/home/laeroth/Downloads/benchmark/images/1/*.jpg"
                ], 
                "key": "set1"
            }, 
            {
                "query_image": "/home/laeroth/Downloads/benchmark/sketches/2.png", 
                "source_images": [
                    "/home/laeroth/Downloads/benchmark/images/2/*.jpg"
                ], 
                "key": "set2"
            }, 
            {
                "query_image": "/home/laeroth/Downloads/benchmark/sketches/4.png", 
                "source_images": [
                    "/home/laeroth/Downloads/benchmark/images/4/*.jpg"
                ], 
                "key": "set4"
            }, 
            {
                "query_image": "/home/laeroth/Downloads/benchmark/sketches/6.png", 
                "source_images": [
                    "/home/laeroth/Downloads/benchmark/images/6/*.jpg"
                ], 
                "key": "set6"
            }, 
            {
                "query_image": "/home/laeroth/Downloads/benchmark/sketches/7.png", 
                "source_images": [
                    "/home/laeroth/Downloads/benchmark/images/7/*.jpg"
                ], 
                "key": "set7"
            }, 
            {
                "query_image": "/home/laeroth/Downloads/benchmark/sketches/8.png", 
                "source_images": [
                    "/home/laeroth/Downloads/benchmark/images/8/*.jpg"
                ], 
                "key": "set8"
            }, 
            {
                "query_image": "/home/laeroth/Downloads/benchmark/sketches/9.png", 
                "source_images": [
                    "/home/laeroth/Downloads/benchmark/images/9/*.jpg"
                ], 
                "key": "set9"
            }, 
            {
                "query_image": "/home/laeroth/Downloads/benchmark/sketches/10.png", 
                "source_images": [
                    "/home/laeroth/Downloads/benchmark/images/10/*.jpg"
                ], 
                "key": "set10"
            }, 
            {
                "query_image": "/home/laeroth/Downloads/benchmark/sketches/11.png", 
                "source_images": [
                    "/home/laeroth/Downloads/benchmark/images/11/*.jpg"
                ], 
                "key": "set11"
            }, 
            {
                "query_image": "/home/laeroth/Downloads/benchmark/sketches/12.png", 
                "source_images": [
                    "/home/laeroth/Downloads/benchmark/images/12/*.jpg"
                ], 
                "key": "set12"
            }, 
            {
                "query_image": "/home/laeroth/Downloads/benchmark/sketches/13.png", 
                "source_images": [
                    "/home/laeroth/Downloads/benchmark/images/13/*.jpg"
                ], 
                "key": "set13"
            }, 
            {
                "query_image": "/home/laeroth/Downloads/benchmark/sketches/14.png", 
                "source_images": [
                    "/home/laeroth/Downloads/benchmark/images/14/*.jpg"
                ], 
                "key": "set14"
            }, 
            {
                "query_image": "/home/laeroth/Downloads/benchmark/sketches/20.png", 
                "source_images": [
                    "/home/laeroth/Downloads/benchmark/images/20/*.jpg"
                ], 
                "key": "set20"
            }, 
            {
                "query_image": "/home/laeroth/Downloads/benchmark/sketches/21.png", 
                "source_images": [
                    "/home/laeroth/Downloads/benchmark/images/21/*.jpg"
                ], 
                "key": "set21"
            }, 
            {
                "query_image": "/home/laeroth/Downloads/benchmark/sketches/23.png", 
                "source_images": [
                    "/home/laeroth/Downloads/benchmark/images/23/*.jpg"
                ], 
                "key": "set23"
            }, 
            {
                "query_image": "/home/laeroth/Downloads/benchmark/sketches/24.png",