{
    "duration": 69.723862, 
    "correlations": {
        "/home/laeroth/Downloads/benchmark/sketches/42.png": -0.052237809305201735, 
        "/home/laeroth/Downloads/benchmark/sketches/21.png": 0.089436182100627065, 
        "/home/laeroth/Downloads/benchmark/sketches/48.png": 0.20439998695193845, 
        "/home/laeroth/Downloads/benchmark/sketches/23.png": 0.43891057364501607, 
        "/home/laeroth/Downloads/benchmark/sketches/26.png": 0.40158903917423816, 
        "/home/laeroth/Downloads/benchmark/sketches/43.png": 0.24643652020205198, 
        "/home/laeroth/Downloads/benchmark/sketches/4.png": 0.32045775586389424, 
        "/home/laeroth/Downloads/benchmark/sketches/0.png": 0.28116221702146388, 
        "/home/laeroth/Downloads/benchmark/sketches/11.png": 0.48369917591421857, 
        "/home/laeroth/Downloads/benchmark/sketches/25.png": 0.32055538690604207, 
        "/home/laeroth/Downloads/benchmark/sketches/27.png": 0.26231010732414328, 
        "/home/laeroth/Downloads/benchmark/sketches/33.png": 0.20219680841467563, 
        "/home/laeroth/Downloads/benchmark/sketches/30.png": 0.091368629151649186, 
        "/home/laeroth/Downloads/benchmark/sketches/6.png": -0.068175995729526165, 
        "/home/laeroth/Downloads/benchmark/sketches/2.png": 0.33494982935236756, 
        "/home/laeroth/Downloads/benchmark/sketches/1.png": 0.05817712915527546, 
        "/home/laeroth/Downloads/benchmark/sketches/38.png": 0.17140142656060747, 
        "/home/laeroth/Downloads/benchmark/sketches/9.png": 0.33128527433385935, 
        "/home/laeroth/Downloads/benchmark/sketches/14.png": 0.18165799531515908, 
        "/home/laeroth/Downloads/benchmark/sketches/13.png": 0.61000041460759336, 
        "/home/laeroth/Downloads/benchmark/sketches/28.png": 0.42860309679617187, 
        "/home/laeroth/Downloads/benchmark/sketches/34.png": 0.10162970497783723, 
        "/home/laeroth/Downloads/benchmark/sketches/7.png": 0.32770523649471367, 
        "/home/laeroth/Downloads/benchmark/sketches/8.png": -0.0026733285852089447, 
        "/home/laeroth/Downloads/benchmark/sketches/20.png": 0.055418424176968406, 
        "/home/laeroth/Downloads/benchmark/sketches/24.png": -0.069433631979766403, 
        "/home/laeroth/Downloads/benchmark/sketches/10.png": 0.40383385525263793, 
        "/home/laeroth/Downloads/benchmark/sketches/12.png": 0.14368959127104663, 
        "/home/laeroth/Downloads/benchmark/sketches/46.png": 0.12265576831300748, 
        "/home/laeroth/Downloads/benchmark/sketches/47.png": 0.090439578416526029, 
        "/home/laeroth/Downloads/benchmark/sketches/45.png": 0.12898943984887057
    }, 
    "config": {
        "features": {
            "extractor": "features.patch_means", 
            "patch_size": 3, 
            "grid_size": 8
        }, 
        "curvelets": {
            "transform": "transforms.curvelet_strictangles", 
            "angles": 12, 
            "scales": 4
        }, 
        "readers": {
            "query": "readers.luma", 
            "image": "readers.canny", 
            "canny_sigma": 1.0
        }, 
        "metric": {
            "metric": "metrics.histogram_intersection"
        }, 
        "cache": {
            "reader_enabled": true, 
            "reader_path": "/media/data0/unsorted/caches", 
            "feature_enabled": true
        }, 
        "codebook": {
            "codebook_size": 1000, 
            "metric": "kmeans"
        }, 
        "weights": {
            "use_stopwords": false, 
            "use_weights": "weights.tfidf"
        }, 
        "images": [
            {
                "query_image": "/home/laeroth/Downloads/benchmark/sketches/0.png", 
                "source_images": [
                    "/home/laeroth/Downloads/benchmark/images/0/*.jpg"
                ], 
                "key": "set0"
            }, 
            {
                "query_image": "/home/laeroth/Downloads/benchmark/sketches/1.png", 
                "source_images": [
                    "/home/laeroth/Downloads/benchmark/images/1/*.jpg"
                ], 
                "key": "set1"
            }, 
            {
                "query_image": "/home/laeroth/Downloads/benchmark/sketches/2.png", 
                "source_images": [
                    "/home/laeroth/Downloads/benchmark/images/2/*.jpg"
                ], 
                "key": "set2"
            }, 
            {
                "query_image": "/home/laeroth/Downloads/benchmark/sketches/4.png", 
                "source_images": [
                    "/home/laeroth/Downloads/benchmark/images/4/*.jpg"
                ], 
                "key": "set4"
            }, 
            {
                "query_image": "/home/laeroth/Downloads/benchmark/sketches/6.png", 
                "source_images": [
                    "/home/laeroth/Downloads/benchmark/images/6/*.jpg"
                ], 
                "key": "set6"
            }, 
            {
                "query_image": "/home/laeroth/Downloads/benchmark/sketches/7.png", 
                "source_images": [
                    "/home/laeroth/Downloads/benchmark/images/7/*.jpg"
                ], 
                "key": "set7"
            }, 
            {
                "query_image": "/home/laeroth/Downloads/benchmark/sketches/8.png", 
                "source_images": [
                    "/home/laeroth/Downloads/benchmark/images/8/*.jpg"
                ], 
                "key": "set8"
            }, 
            {
                "query_image": "/home/laeroth/Downloads/benchmark/sketches/9.png", 
                "source_images": [
                    "/home/laeroth/Downloads/benchmark/images/9/*.jpg"
                ], 
                "key": "set9"
            }, 
            {
                "query_image": "/home/laeroth/Downloads/benchmark/sketches/10.png", 
                "source_images": [
                    "/home/laeroth/Downloads/benchmark/images/10/*.jpg"
                ], 
                "key": "set10"
            }, 
            {
                "query_image": "/home/laeroth/Downloads/benchmark/sketches/11.png", 
                "source_images": [
                    "/home/laeroth/Downloads/benchmark/images/11/*.jpg"
                ], 
                "key": "set11"
            }, 
            {
                "query_image": "/home/laeroth/Downloads/benchmark/sketches/12.png", 
                "source_images": [
                    "/home/laeroth/Downloads/benchmark/images/12/*.jpg"
                ], 
                "key": "set12"
            }, 
            {
                "query_image": "/home/laeroth/Downloads/benchmark/sketches/13.png", 
                "source_images": [
                    "/home/laeroth/Downloads/benchmark/images/13/*.jpg"
                ], 
                "key": "set13"
            }, 
            {
                "query_image": "/home/laeroth/Downloads/benchmark/sketches/14.png", 
                "source_images": [
                    "/home/laeroth/Downloads/benchmark/images/14/*.jpg"
                ], 
                "key": "set14"
            }, 
            {
                "query_image": "/home/laeroth/Downloads/benchmark/sketches/20.png", 
                "source_images": [
                    "/home/laeroth/Downloads/benchmark/images/20/*.jpg"
                ], 
                "key": "set20"
            }, 
            {
                "query_image": "/home/laeroth/Downloads/benchmark/sketches/21.png", 
                "source_images": [
                    "/home/laeroth/Downloads/benchmark/images/21/*.jpg"
                ], 
                "key": "set21"
            }, 
            {
                "query_image": "/home/laeroth/Downloads/benchmark/sketches/23.png", 
                "source_images": [
                    "/home/laeroth/Downloads/benchmark/images/23/*.jpg"
                ],