{
    "duration": 66.145927, 
    "correlations": {
        "/home/laeroth/Downloads/benchmark/sketches/42.png": -0.12160792112808066, 
        "/home/laeroth/Downloads/benchmark/sketches/21.png": 0.29628393608771403, 
        "/home/laeroth/Downloads/benchmark/sketches/48.png": -0.25623748870931568, 
        "/home/laeroth/Downloads/benchmark/sketches/23.png": 0.33695127960292864, 
        "/home/laeroth/Downloads/benchmark/sketches/26.png": 0.22966596970915812, 
        "/home/laeroth/Downloads/benchmark/sketches/43.png": 0.44006386874258496, 
        "/home/laeroth/Downloads/benchmark/sketches/4.png": 0.35576004937563499, 
        "/home/laeroth/Downloads/benchmark/sketches/0.png": 0.2283974149315727, 
        "/home/laeroth/Downloads/benchmark/sketches/11.png": 0.40375564327800939, 
        "/home/laeroth/Downloads/benchmark/sketches/25.png": 0.16252399308042759, 
        "/home/laeroth/Downloads/benchmark/sketches/27.png": 0.25794321681410148, 
        "/home/laeroth/Downloads/benchmark/sketches/33.png": 0.21706855476356907, 
        "/home/laeroth/Downloads/benchmark/sketches/30.png": 0.038437462672831789, 
        "/home/laeroth/Downloads/benchmark/sketches/6.png": 0.013134292207339332, 
        "/home/laeroth/Downloads/benchmark/sketches/2.png": 0.095674009310710004, 
        "/home/laeroth/Downloads/benchmark/sketches/1.png": 0.16498745343150051, 
        "/home/laeroth/Downloads/benchmark/sketches/38.png": 0.12167142625572522, 
        "/home/laeroth/Downloads/benchmark/sketches/9.png": 0.48022122260879957, 
        "/home/laeroth/Downloads/benchmark/sketches/14.png": 0.20791079906959498, 
        "/home/laeroth/Downloads/benchmark/sketches/13.png": 0.37947117612088832, 
        "/home/laeroth/Downloads/benchmark/sketches/28.png": 0.28145941903745736, 
        "/home/laeroth/Downloads/benchmark/sketches/34.png": 0.035406360981412421, 
        "/home/laeroth/Downloads/benchmark/sketches/7.png": 0.10307601763022796, 
        "/home/laeroth/Downloads/benchmark/sketches/8.png": -0.069525662659405796, 
        "/home/laeroth/Downloads/benchmark/sketches/20.png": 0.083691985151117212, 
        "/home/laeroth/Downloads/benchmark/sketches/24.png": -0.042022366248128669, 
        "/home/laeroth/Downloads/benchmark/sketches/10.png": 0.13178089872536622, 
        "/home/laeroth/Downloads/benchmark/sketches/12.png": -0.071242168612559914, 
        "/home/laeroth/Downloads/benchmark/sketches/46.png": 0.31205005786679701, 
        "/home/laeroth/Downloads/benchmark/sketches/47.png": 0.085422853518724876, 
        "/home/laeroth/Downloads/benchmark/sketches/45.png": 0.10482189115818981
    }, 
    "config": {
        "features": {
            "extractor": "features.patch_means2", 
            "patch_size": 3, 
            "grid_size": 8
        }, 
        "curvelets": {
            "transform": "transforms.curvelet_strictangles", 
            "angles": 12, 
            "scales": 4
        }, 
        "readers": {
            "query": "readers.luma", 
            "image": "readers.luma"
        }, 
        "metric": {
            "metric": "metrics.histogram_intersection_binary"
        }, 
        "cache": {
            "reader_enabled": false, 
            "feature_enabled": true
        }, 
        "codebook": {
            "codebook_size": 1000, 
            "metric": "kmeans"
        }, 
        "weights": {
            "use_stopwords": false, 
            "use_weights": "weights.tfidf"
        }, 
        "images": [
            {
                "query_image": "/home/laeroth/Downloads/benchmark/sketches/0.png", 
                "source_images": [
                    "/home/laeroth/Downloads/benchmark/images/0/*.jpg"
                ], 
                "key": "set0"
            }, 
            {
                "query_image": "/home/laeroth/Downloads/benchmark/sketches/1.png", 
                "source_images": [
                    "/home/laeroth/Downloads/benchmark/images/1/*.jpg"
                ], 
                "key": "set1"
            }, 
            {
                "query_image": "/home/laeroth/Downloads/benchmark/sketches/2.png", 
                "source_images": [
                    "/home/laeroth/Downloads/benchmark/images/2/*.jpg"
                ], 
                "key": "set2"
            }, 
            {
                "query_image": "/home/laeroth/Downloads/benchmark/sketches/4.png", 
                "source_images": [
                    "/home/laeroth/Downloads/benchmark/images/4/*.jpg"
                ], 
                "key": "set4"
            }, 
            {
                "query_image": "/home/laeroth/Downloads/benchmark/sketches/6.png", 
                "source_images": [
                    "/home/laeroth/Downloads/benchmark/images/6/*.jpg"
                ], 
                "key": "set6"
            }, 
            {
                "query_image": "/home/laeroth/Downloads/benchmark/sketches/7.png", 
                "source_images": [
                    "/home/laeroth/Downloads/benchmark/images/7/*.jpg"
                ], 
                "key": "set7"
            }, 
            {
                "query_image": "/home/laeroth/Downloads/benchmark/sketches/8.png", 
                "source_images": [
                    "/home/laeroth/Downloads/benchmark/images/8/*.jpg"
                ], 
                "key": "set8"
            }, 
            {
                "query_image": "/home/laeroth/Downloads/benchmark/sketches/9.png", 
                "source_images": [
                    "/home/laeroth/Downloads/benchmark/images/9/*.jpg"
                ], 
                "key": "set9"
            }, 
            {
                "query_image": "/home/laeroth/Downloads/benchmark/sketches/10.png", 
                "source_images": [
                    "/home/laeroth/Downloads/benchmark/images/10/*.jpg"
                ], 
                "key": "set10"
            }, 
            {
                "query_image": "/home/laeroth/Downloads/benchmark/sketches/11.png", 
                "source_images": [
                    "/home/laeroth/Downloads/benchmark/images/11/*.jpg"
                ], 
                "key": "set11"
            }, 
            {
                "query_image": "/home/laeroth/Downloads/benchmark/sketches/12.png", 
                "source_images": [
                    "/home/laeroth/Downloads/benchmark/images/12/*.jpg"
                ], 
                "key": "set12"
            }, 
            {
                "query_image": "/home/laeroth/Downloads/benchmark/sketches/13.png", 
                "source_images": [
                    "/home/laeroth/Downloads/benchmark/images/13/*.jpg"
                ], 
                "key": "set13"
            }, 
            {
                "query_image": "/home/laeroth/Downloads/benchmark/sketches/14.png", 
                "source_images": [
                    "/home/laeroth/Downloads/benchmark/images/14/*.jpg"
                ], 
                "key": "set14"
            }, 
            {
                "query_image": "/home/laeroth/Downloads/benchmark/sketches/20.png", 
                "source_images": [
                    "/home/laeroth/Downloads/benchmark/images/20/*.jpg"
                ], 
                "key": "set20"
            }, 
            {
                "query_image": "/home/laeroth/Downloads/benchmark/sketches/21.png", 
                "source_images": [
                    "/home/laeroth/Downloads/benchmark/images/21/*.jpg"
                ], 
                "key": "set21"
            }, 
            {
                "query_image": "/home/laeroth/Downloads/benchmark/sketches/23.png", 
                "source_images": [
                    "/home/laeroth/Downloads/benchmark/images/23/*.jpg"
                ], 
                "key": "set23"
            }, 
            {
                "query_image": "/home/laeroth/Downloads/benchmark/sketches/24.png",