{
    "duration": 127.60357, 
    "correlations": {
        "/home/laeroth/Downloads/benchmark/sketches/42.png": 0.0064516988369355812, 
        "/home/laeroth/Downloads/benchmark/sketches/21.png": 0.20876566009999545, 
        "/home/laeroth/Downloads/benchmark/sketches/48.png": -0.025806988704625462, 
        "/home/laeroth/Downloads/benchmark/sketches/23.png": 0.034726867624183894, 
        "/home/laeroth/Downloads/benchmark/sketches/26.png": 0.16077253529714763, 
        "/home/laeroth/Downloads/benchmark/sketches/43.png": 0.047588670447955707, 
        "/home/laeroth/Downloads/benchmark/sketches/4.png": 0.18790281037724413, 
        "/home/laeroth/Downloads/benchmark/sketches/0.png": 0.11204234873138239, 
        "/home/laeroth/Downloads/benchmark/sketches/11.png": -0.032196077221661602, 
        "/home/laeroth/Downloads/benchmark/sketches/25.png": 0.14829392154159396, 
        "/home/laeroth/Downloads/benchmark/sketches/27.png": 0.2290879366397123, 
        "/home/laeroth/Downloads/benchmark/sketches/33.png": -0.12475948739058658, 
        "/home/laeroth/Downloads/benchmark/sketches/30.png": 0.22595792475988782, 
        "/home/laeroth/Downloads/benchmark/sketches/6.png": -0.08258174511277544, 
        "/home/laeroth/Downloads/benchmark/sketches/2.png": 0.22393989311971876, 
        "/home/laeroth/Downloads/benchmark/sketches/1.png": -0.10689097637591653, 
        "/home/laeroth/Downloads/benchmark/sketches/38.png": 0.09032446046618911, 
        "/home/laeroth/Downloads/benchmark/sketches/9.png": 0.16634709459883149, 
        "/home/laeroth/Downloads/benchmark/sketches/14.png": 0.083494053508360491, 
        "/home/laeroth/Downloads/benchmark/sketches/13.png": 0.38921074173897274, 
        "/home/laeroth/Downloads/benchmark/sketches/28.png": 0.23082271266039409, 
        "/home/laeroth/Downloads/benchmark/sketches/34.png": 0.22450293265056506, 
        "/home/laeroth/Downloads/benchmark/sketches/7.png": 0.28571641535964121, 
        "/home/laeroth/Downloads/benchmark/sketches/8.png": 0.29381833643703065, 
        "/home/laeroth/Downloads/benchmark/sketches/20.png": -0.041237661254320088, 
        "/home/laeroth/Downloads/benchmark/sketches/24.png": -0.085608945682446494, 
        "/home/laeroth/Downloads/benchmark/sketches/10.png": 0.15861002043144398, 
        "/home/laeroth/Downloads/benchmark/sketches/12.png": -0.058028056255406336, 
        "/home/laeroth/Downloads/benchmark/sketches/46.png": -0.14690916821851532, 
        "/home/laeroth/Downloads/benchmark/sketches/47.png": 0.010309415313580022, 
        "/home/laeroth/Downloads/benchmark/sketches/45.png": -0.020565620652964984
    }, 
    "config": {
        "features": {
            "extractor": "features.patch_means", 
            "patch_size": 3, 
            "grid_size": 8
        }, 
        "curvelets": {
            "transform": "transforms.curvelet_strictangles", 
            "angles": 12, 
            "scales": 4
        }, 
        "readers": {
            "query": "readers.luma", 
            "image": "readers.segment"
        }, 
        "metric": {
            "metric": "metrics.emd"
        }, 
        "cache": {
            "reader_enabled": false, 
            "feature_enabled": true
        }, 
        "codebook": {
            "codebook_size": 1000, 
            "metric": "kmeans"
        }, 
        "weights": {
            "use_stopwords": false, 
            "use_weights": "weights.tfidf"
        }, 
        "images": [
            {
                "query_image": "/home/laeroth/Downloads/benchmark/sketches/0.png", 
                "source_images": [
                    "/home/laeroth/Documents/inf/dipl/repo/src/benchmark/image_contours/0/*.jpg"
                ], 
                "key": "set0"
            }, 
            {
                "query_image": "/home/laeroth/Downloads/benchmark/sketches/1.png", 
                "source_images": [
                    "/home/laeroth/Documents/inf/dipl/repo/src/benchmark/image_contours/1/*.jpg"
                ], 
                "key": "set1"
            }, 
            {
                "query_image": "/home/laeroth/Downloads/benchmark/sketches/2.png", 
                "source_images": [
                    "/home/laeroth/Documents/inf/dipl/repo/src/benchmark/image_contours/2/*.jpg"
                ], 
                "key": "set2"
            }, 
            {
                "query_image": "/home/laeroth/Downloads/benchmark/sketches/4.png", 
                "source_images": [
                    "/home/laeroth/Documents/inf/dipl/repo/src/benchmark/image_contours/4/*.jpg"
                ], 
                "key": "set4"
            }, 
            {
                "query_image": "/home/laeroth/Downloads/benchmark/sketches/6.png", 
                "source_images": [
                    "/home/laeroth/Documents/inf/dipl/repo/src/benchmark/image_contours/6/*.jpg"
                ], 
                "key": "set6"
            }, 
            {
                "query_image": "/home/laeroth/Downloads/benchmark/sketches/7.png", 
                "source_images": [
                    "/home/laeroth/Documents/inf/dipl/repo/src/benchmark/image_contours/7/*.jpg"
                ], 
                "key": "set7"
            }, 
            {
                "query_image": "/home/laeroth/Downloads/benchmark/sketches/8.png", 
                "source_images": [
                    "/home/laeroth/Documents/inf/dipl/repo/src/benchmark/image_contours/8/*.jpg"
                ], 
                "key": "set8"
            }, 
            {
                "query_image": "/home/laeroth/Downloads/benchmark/sketches/9.png", 
                "source_images": [
                    "/home/laeroth/Documents/inf/dipl/repo/src/benchmark/image_contours/9/*.jpg"
                ], 
                "key": "set9"
            }, 
            {
                "query_image": "/home/laeroth/Downloads/benchmark/sketches/10.png", 
                "source_images": [
                    "/home/laeroth/Documents/inf/dipl/repo/src/benchmark/image_contours/10/*.jpg"
                ], 
                "key": "set10"
            }, 
            {
                "query_image": "/home/laeroth/Downloads/benchmark/sketches/11.png", 
                "source_images": [
                    "/home/laeroth/Documents/inf/dipl/repo/src/benchmark/image_contours/11/*.jpg"
                ], 
                "key": "set11"
            }, 
            {
                "query_image": "/home/laeroth/Downloads/benchmark/sketches/12.png", 
                "source_images": [
                    "/home/laeroth/Documents/inf/dipl/repo/src/benchmark/image_contours/12/*.jpg"
                ], 
                "key": "set12"
            }, 
            {
                "query_image": "/home/laeroth/Downloads/benchmark/sketches/13.png", 
                "source_images": [
                    "/home/laeroth/Documents/inf/dipl/repo/src/benchmark/image_contours/13/*.jpg"
                ], 
                "key": "set13"
            }, 
            {
                "query_image": "/home/laeroth/Downloads/benchmark/sketches/14.png", 
                "source_images": [
                    "/home/laeroth/Documents/inf/dipl/repo/src/benchmark/image_contours/14/*.jpg"
                ], 
                "key": "set14"
            }, 
            {
                "query_image": "/home/laeroth/Downloads/benchmark/sketches/20.png", 
                "source_images": [
                    "/home/laeroth/Documents/inf/dipl/repo/src/benchmark/image_contours/20/*.jpg"
                ], 
                "key": "set20"
            }, 
            {
                "query_image": "/home/laeroth/Downloads/benchmark/sketches/21.png", 
                "source_images": [
                    "/home/laeroth/Documents/inf/dipl/repo/src/benchmark/image_contours/21/*.jpg"
                ],