{
    "duration": 70.102516, 
    "correlations": {
        "/home/laeroth/Downloads/benchmark/sketches/42.png": -0.03102795779661759, 
        "/home/laeroth/Downloads/benchmark/sketches/21.png": -0.079897968680245179, 
        "/home/laeroth/Downloads/benchmark/sketches/48.png": 0.0, 
        "/home/laeroth/Downloads/benchmark/sketches/23.png": 0.16077253529714763, 
        "/home/laeroth/Downloads/benchmark/sketches/26.png": 0.22250918885125234, 
        "/home/laeroth/Downloads/benchmark/sketches/43.png": -0.034726867624183894, 
        "/home/laeroth/Downloads/benchmark/sketches/4.png": 0.22393896579205808, 
        "/home/laeroth/Downloads/benchmark/sketches/0.png": 0.12492077962004702, 
        "/home/laeroth/Downloads/benchmark/sketches/11.png": 0.1687074446415068, 
        "/home/laeroth/Downloads/benchmark/sketches/25.png": 0.0064475618061562599, 
        "/home/laeroth/Downloads/benchmark/sketches/27.png": 0.18790358847976402, 
        "/home/laeroth/Downloads/benchmark/sketches/33.png": 0.048274331676543387, 
        "/home/laeroth/Downloads/benchmark/sketches/30.png": -0.0632682189327686, 
        "/home/laeroth/Downloads/benchmark/sketches/6.png": -0.099419995158090441, 
        "/home/laeroth/Downloads/benchmark/sketches/2.png": 0.095238805119880393, 
        "/home/laeroth/Downloads/benchmark/sketches/1.png": 0.0012878430888664642, 
        "/home/laeroth/Downloads/benchmark/sketches/38.png": 0.22624666005833383, 
        "/home/laeroth/Downloads/benchmark/sketches/9.png": -0.055449031532943831, 
        "/home/laeroth/Downloads/benchmark/sketches/14.png": 0.21194644352122277, 
        "/home/laeroth/Downloads/benchmark/sketches/13.png": 0.33526073793357059, 
        "/home/laeroth/Downloads/benchmark/sketches/28.png": 0.32882565211396925, 
        "/home/laeroth/Downloads/benchmark/sketches/34.png": -0.019243108512905577, 
        "/home/laeroth/Downloads/benchmark/sketches/7.png": 0.36293706815954418, 
        "/home/laeroth/Downloads/benchmark/sketches/8.png": -0.015464122970370035, 
        "/home/laeroth/Downloads/benchmark/sketches/20.png": 0.028350892112345063, 
        "/home/laeroth/Downloads/benchmark/sketches/24.png": -0.23088473229508297, 
        "/home/laeroth/Downloads/benchmark/sketches/10.png": 0.43198664101246942, 
        "/home/laeroth/Downloads/benchmark/sketches/12.png": 0.086397328202493878, 
        "/home/laeroth/Downloads/benchmark/sketches/46.png": 0.012886769141975028, 
        "/home/laeroth/Downloads/benchmark/sketches/47.png": 0.13659975290493531, 
        "/home/laeroth/Downloads/benchmark/sketches/45.png": 0.079691780030239315
    }, 
    "config": {
        "features": {
            "extractor": "features.patch_means", 
            "patch_size": 3, 
            "grid_size": 8
        }, 
        "curvelets": {
            "transform": "transforms.curvelet_strictangles", 
            "angles": 12, 
            "scales": 4
        }, 
        "readers": {
            "query": "readers.luma", 
            "image": "readers.canny", 
            "canny_sigma": 1.5
        }, 
        "metric": {
            "metric": "metrics.l2"
        }, 
        "cache": {
            "reader_enabled": true, 
            "reader_path": "/media/data0/unsorted/caches", 
            "feature_enabled": true
        }, 
        "codebook": {
            "codebook_size": 1000, 
            "metric": "kmeans"
        }, 
        "weights": {
            "use_stopwords": false, 
            "use_weights": "weights.tfidf"
        }, 
        "images": [
            {
                "query_image": "/home/laeroth/Downloads/benchmark/sketches/0.png", 
                "source_images": [
                    "/home/laeroth/Downloads/benchmark/images/0/*.jpg"
                ], 
                "key": "set0"
            }, 
            {
                "query_image": "/home/laeroth/Downloads/benchmark/sketches/1.png", 
                "source_images": [
                    "/home/laeroth/Downloads/benchmark/images/1/*.jpg"
                ], 
                "key": "set1"
            }, 
            {
                "query_image": "/home/laeroth/Downloads/benchmark/sketches/2.png", 
                "source_images": [
                    "/home/laeroth/Downloads/benchmark/images/2/*.jpg"
                ], 
                "key": "set2"
            }, 
            {
                "query_image": "/home/laeroth/Downloads/benchmark/sketches/4.png", 
                "source_images": [
                    "/home/laeroth/Downloads/benchmark/images/4/*.jpg"
                ], 
                "key": "set4"
            }, 
            {
                "query_image": "/home/laeroth/Downloads/benchmark/sketches/6.png", 
                "source_images": [
                    "/home/laeroth/Downloads/benchmark/images/6/*.jpg"
                ], 
                "key": "set6"
            }, 
            {
                "query_image": "/home/laeroth/Downloads/benchmark/sketches/7.png", 
                "source_images": [
                    "/home/laeroth/Downloads/benchmark/images/7/*.jpg"
                ], 
                "key": "set7"
            }, 
            {
                "query_image": "/home/laeroth/Downloads/benchmark/sketches/8.png", 
                "source_images": [
                    "/home/laeroth/Downloads/benchmark/images/8/*.jpg"
                ], 
                "key": "set8"
            }, 
            {
                "query_image": "/home/laeroth/Downloads/benchmark/sketches/9.png", 
                "source_images": [
                    "/home/laeroth/Downloads/benchmark/images/9/*.jpg"
                ], 
                "key": "set9"
            }, 
            {
                "query_image": "/home/laeroth/Downloads/benchmark/sketches/10.png", 
                "source_images": [
                    "/home/laeroth/Downloads/benchmark/images/10/*.jpg"
                ], 
                "key": "set10"
            }, 
            {
                "query_image": "/home/laeroth/Downloads/benchmark/sketches/11.png", 
                "source_images": [
                    "/home/laeroth/Downloads/benchmark/images/11/*.jpg"
                ], 
                "key": "set11"
            }, 
            {
                "query_image": "/home/laeroth/Downloads/benchmark/sketches/12.png", 
                "source_images": [
                    "/home/laeroth/Downloads/benchmark/images/12/*.jpg"
                ], 
                "key": "set12"
            }, 
            {
                "query_image": "/home/laeroth/Downloads/benchmark/sketches/13.png", 
                "source_images": [
                    "/home/laeroth/Downloads/benchmark/images/13/*.jpg"
                ], 
                "key": "set13"
            }, 
            {
                "query_image": "/home/laeroth/Downloads/benchmark/sketches/14.png", 
                "source_images": [
                    "/home/laeroth/Downloads/benchmark/images/14/*.jpg"
                ], 
                "key": "set14"
            }, 
            {
                "query_image": "/home/laeroth/Downloads/benchmark/sketches/20.png", 
                "source_images": [
                    "/home/laeroth/Downloads/benchmark/images/20/*.jpg"
                ], 
                "key": "set20"
            }, 
            {
                "query_image": "/home/laeroth/Downloads/benchmark/sketches/21.png", 
                "source_images": [
                    "/home/laeroth/Downloads/benchmark/images/21/*.jpg"
                ], 
                "key": "set21"
            }, 
            {
                "query_image": "/home/laeroth/Downloads/benchmark/sketches/23.png", 
                "source_images": [
                    "/home/laeroth/Downloads/benchmark/images/23/*.jpg"
                ], 
                "key": "set23"
            }, 
            {
                "query_image": "/home/laeroth/Downloads/benchmark/sketches/24.png",