{
    "duration": 75.587344, 
    "correlations": {
        "/home/laeroth/Downloads/benchmark/sketches/42.png": -0.095680226620456124, 
        "/home/laeroth/Downloads/benchmark/sketches/21.png": 0.012886769141975028, 
        "/home/laeroth/Downloads/benchmark/sketches/48.png": 0.064517471761563652, 
        "/home/laeroth/Downloads/benchmark/sketches/23.png": 0.093891160613534225, 
        "/home/laeroth/Downloads/benchmark/sketches/26.png": 0.14791073247337583, 
        "/home/laeroth/Downloads/benchmark/sketches/43.png": -0.027009785929920805, 
        "/home/laeroth/Downloads/benchmark/sketches/4.png": 0.26769715451004644, 
        "/home/laeroth/Downloads/benchmark/sketches/0.png": 0.13264783815324582, 
        "/home/laeroth/Downloads/benchmark/sketches/11.png": 0.32324861530548249, 
        "/home/laeroth/Downloads/benchmark/sketches/25.png": 0.15861002043144398, 
        "/home/laeroth/Downloads/benchmark/sketches/27.png": 0.22651391487971553, 
        "/home/laeroth/Downloads/benchmark/sketches/33.png": -0.16216269936666275, 
        "/home/laeroth/Downloads/benchmark/sketches/30.png": 0.037444456103067125, 
        "/home/laeroth/Downloads/benchmark/sketches/6.png": -0.072259026973678503, 
        "/home/laeroth/Downloads/benchmark/sketches/2.png": 0.01029608703998707, 
        "/home/laeroth/Downloads/benchmark/sketches/1.png": 0.019317646332996964, 
        "/home/laeroth/Downloads/benchmark/sketches/38.png": 0.13299126998442196, 
        "/home/laeroth/Downloads/benchmark/sketches/9.png": -0.045132932643093815, 
        "/home/laeroth/Downloads/benchmark/sketches/14.png": 0.19396310891942206, 
        "/home/laeroth/Downloads/benchmark/sketches/13.png": 0.39434883733948722, 
        "/home/laeroth/Downloads/benchmark/sketches/28.png": 0.22308563849300658, 
        "/home/laeroth/Downloads/benchmark/sketches/34.png": 0.10134703816796937, 
        "/home/laeroth/Downloads/benchmark/sketches/7.png": 0.35778902463955065, 
        "/home/laeroth/Downloads/benchmark/sketches/8.png": 0.090207383993825205, 
        "/home/laeroth/Downloads/benchmark/sketches/20.png": -0.16495064501728035, 
        "/home/laeroth/Downloads/benchmark/sketches/24.png": -0.24385578467121125, 
        "/home/laeroth/Downloads/benchmark/sketches/10.png": 0.34429980044874425, 
        "/home/laeroth/Downloads/benchmark/sketches/12.png": 0.052870006810481332, 
        "/home/laeroth/Downloads/benchmark/sketches/46.png": 0.051547076567900113, 
        "/home/laeroth/Downloads/benchmark/sketches/47.png": -0.11340356844938025, 
        "/home/laeroth/Downloads/benchmark/sketches/45.png": 0.19537339620316735
    }, 
    "config": {
        "features": {
            "extractor": "features.patch_means2", 
            "patch_size": 3, 
            "grid_size": 8
        }, 
        "curvelets": {
            "transform": "transforms.curvelet_strictangles", 
            "angles": 12, 
            "scales": 4
        }, 
        "readers": {
            "query": "readers.luma", 
            "image": "readers.canny", 
            "canny_sigma": 1.5
        }, 
        "metric": {
            "metric": "metrics.emd"
        }, 
        "cache": {
            "reader_enabled": true, 
            "reader_path": "/media/data0/unsorted/caches", 
            "feature_enabled": true
        }, 
        "codebook": {
            "codebook_size": 1000, 
            "metric": "kmeans"
        }, 
        "weights": {
            "use_stopwords": false, 
            "use_weights": "weights.tfidf"
        }, 
        "images": [
            {
                "query_image": "/home/laeroth/Downloads/benchmark/sketches/0.png", 
                "source_images": [
                    "/home/laeroth/Downloads/benchmark/images/0/*.jpg"
                ], 
                "key": "set0"
            }, 
            {
                "query_image": "/home/laeroth/Downloads/benchmark/sketches/1.png", 
                "source_images": [
                    "/home/laeroth/Downloads/benchmark/images/1/*.jpg"
                ], 
                "key": "set1"
            }, 
            {
                "query_image": "/home/laeroth/Downloads/benchmark/sketches/2.png", 
                "source_images": [
                    "/home/laeroth/Downloads/benchmark/images/2/*.jpg"
                ], 
                "key": "set2"
            }, 
            {
                "query_image": "/home/laeroth/Downloads/benchmark/sketches/4.png", 
                "source_images": [
                    "/home/laeroth/Downloads/benchmark/images/4/*.jpg"
                ], 
                "key": "set4"
            }, 
            {
                "query_image": "/home/laeroth/Downloads/benchmark/sketches/6.png", 
                "source_images": [
                    "/home/laeroth/Downloads/benchmark/images/6/*.jpg"
                ], 
                "key": "set6"
            }, 
            {
                "query_image": "/home/laeroth/Downloads/benchmark/sketches/7.png", 
                "source_images": [
                    "/home/laeroth/Downloads/benchmark/images/7/*.jpg"
                ], 
                "key": "set7"
            }, 
            {
                "query_image": "/home/laeroth/Downloads/benchmark/sketches/8.png", 
                "source_images": [
                    "/home/laeroth/Downloads/benchmark/images/8/*.jpg"
                ], 
                "key": "set8"
            }, 
            {
                "query_image": "/home/laeroth/Downloads/benchmark/sketches/9.png", 
                "source_images": [
                    "/home/laeroth/Downloads/benchmark/images/9/*.jpg"
                ], 
                "key": "set9"
            }, 
            {
                "query_image": "/home/laeroth/Downloads/benchmark/sketches/10.png", 
                "source_images": [
                    "/home/laeroth/Downloads/benchmark/images/10/*.jpg"
                ], 
                "key": "set10"
            }, 
            {
                "query_image": "/home/laeroth/Downloads/benchmark/sketches/11.png", 
                "source_images": [
                    "/home/laeroth/Downloads/benchmark/images/11/*.jpg"
                ], 
                "key": "set11"
            }, 
            {
                "query_image": "/home/laeroth/Downloads/benchmark/sketches/12.png", 
                "source_images": [
                    "/home/laeroth/Downloads/benchmark/images/12/*.jpg"
                ], 
                "key": "set12"
            }, 
            {
                "query_image": "/home/laeroth/Downloads/benchmark/sketches/13.png", 
                "source_images": [
                    "/home/laeroth/Downloads/benchmark/images/13/*.jpg"
                ], 
                "key": "set13"
            }, 
            {
                "query_image": "/home/laeroth/Downloads/benchmark/sketches/14.png", 
                "source_images": [
                    "/home/laeroth/Downloads/benchmark/images/14/*.jpg"
                ], 
                "key": "set14"
            }, 
            {
                "query_image": "/home/laeroth/Downloads/benchmark/sketches/20.png", 
                "source_images": [
                    "/home/laeroth/Downloads/benchmark/images/20/*.jpg"
                ], 
                "key": "set20"
            }, 
            {
                "query_image": "/home/laeroth/Downloads/benchmark/sketches/21.png", 
                "source_images": [
                    "/home/laeroth/Downloads/benchmark/images/21/*.jpg"
                ], 
                "key": "set21"
            }, 
            {
                "query_image": "/home/laeroth/Downloads/benchmark/sketches/23.png", 
                "source_images": [
                    "/home/laeroth/Downloads/benchmark/images/23/*.jpg"
                ], 
                "key": "set23"
            }, 
            {
                "query_image": "/home/laeroth/Downloads/benchmark/sketches/24.png",