{
    "duration": 70.439324, 
    "correlations": {
        "/home/laeroth/Downloads/benchmark/sketches/42.png": -0.015697101055636875, 
        "/home/laeroth/Downloads/benchmark/sketches/21.png": 0.13142621663212001, 
        "/home/laeroth/Downloads/benchmark/sketches/48.png": -0.19871381302561605, 
        "/home/laeroth/Downloads/benchmark/sketches/23.png": 0.25372301150844601, 
        "/home/laeroth/Downloads/benchmark/sketches/26.png": 0.31211240270946949, 
        "/home/laeroth/Downloads/benchmark/sketches/43.png": 0.15622985825001198, 
        "/home/laeroth/Downloads/benchmark/sketches/4.png": 0.080892123349883507, 
        "/home/laeroth/Downloads/benchmark/sketches/0.png": 0.23760783275065536, 
        "/home/laeroth/Downloads/benchmark/sketches/11.png": 0.46415865045531524, 
        "/home/laeroth/Downloads/benchmark/sketches/25.png": 0.26086962014469489, 
        "/home/laeroth/Downloads/benchmark/sketches/27.png": 0.4792762197543019, 
        "/home/laeroth/Downloads/benchmark/sketches/33.png": 0.11961476626107785, 
        "/home/laeroth/Downloads/benchmark/sketches/30.png": -0.23256299212075005, 
        "/home/laeroth/Downloads/benchmark/sketches/6.png": 0.048208970334290634, 
        "/home/laeroth/Downloads/benchmark/sketches/2.png": 0.23069336207573463, 
        "/home/laeroth/Downloads/benchmark/sketches/1.png": 0.025806537545325321, 
        "/home/laeroth/Downloads/benchmark/sketches/38.png": 0.1900471944490004, 
        "/home/laeroth/Downloads/benchmark/sketches/9.png": 0.3366871362098916, 
        "/home/laeroth/Downloads/benchmark/sketches/14.png": 0.062836322424058594, 
        "/home/laeroth/Downloads/benchmark/sketches/13.png": 0.4617519849094715, 
        "/home/laeroth/Downloads/benchmark/sketches/28.png": 0.33437928285947072, 
        "/home/laeroth/Downloads/benchmark/sketches/34.png": 0.24353332755437793, 
        "/home/laeroth/Downloads/benchmark/sketches/7.png": 0.18393844109489424, 
        "/home/laeroth/Downloads/benchmark/sketches/8.png": 0.047773005497673902, 
        "/home/laeroth/Downloads/benchmark/sketches/20.png": 0.068343700567629673, 
        "/home/laeroth/Downloads/benchmark/sketches/24.png": -0.077500916498681419, 
        "/home/laeroth/Downloads/benchmark/sketches/10.png": 0.13436793438224148, 
        "/home/laeroth/Downloads/benchmark/sketches/12.png": 0.015484077208645395, 
        "/home/laeroth/Downloads/benchmark/sketches/46.png": 0.22121244383624158, 
        "/home/laeroth/Downloads/benchmark/sketches/47.png": 0.21392036775678547, 
        "/home/laeroth/Downloads/benchmark/sketches/45.png": 0.19678493213801279
    }, 
    "config": {
        "features": {
            "extractor": "features.patch_means", 
            "patch_size": 3, 
            "grid_size": 8
        }, 
        "curvelets": {
            "transform": "transforms.curvelet_strictangles", 
            "angles": 12, 
            "scales": 4
        }, 
        "readers": {
            "query": "readers.luma", 
            "image": "readers.sobel"
        }, 
        "metric": {
            "metric": "metrics.cosine"
        }, 
        "cache": {
            "reader_enabled": false, 
            "reader_path": "/media/data0/unsorted/caches", 
            "feature_enabled": true
        }, 
        "codebook": {
            "codebook_size": 1000, 
            "metric": "kmeans"
        }, 
        "weights": {
            "use_stopwords": false, 
            "use_weights": "weights.tfidf"
        }, 
        "images": [
            {
                "query_image": "/home/laeroth/Downloads/benchmark/sketches/0.png", 
                "source_images": [
                    "/home/laeroth/Downloads/benchmark/images/0/*.jpg"
                ], 
                "key": "set0"
            }, 
            {
                "query_image": "/home/laeroth/Downloads/benchmark/sketches/1.png", 
                "source_images": [
                    "/home/laeroth/Downloads/benchmark/images/1/*.jpg"
                ], 
                "key": "set1"
            }, 
            {
                "query_image": "/home/laeroth/Downloads/benchmark/sketches/2.png", 
                "source_images": [
                    "/home/laeroth/Downloads/benchmark/images/2/*.jpg"
                ], 
                "key": "set2"
            }, 
            {
                "query_image": "/home/laeroth/Downloads/benchmark/sketches/4.png", 
                "source_images": [
                    "/home/laeroth/Downloads/benchmark/images/4/*.jpg"
                ], 
                "key": "set4"
            }, 
            {
                "query_image": "/home/laeroth/Downloads/benchmark/sketches/6.png", 
                "source_images": [
                    "/home/laeroth/Downloads/benchmark/images/6/*.jpg"
                ], 
                "key": "set6"
            }, 
            {
                "query_image": "/home/laeroth/Downloads/benchmark/sketches/7.png", 
                "source_images": [
                    "/home/laeroth/Downloads/benchmark/images/7/*.jpg"
                ], 
                "key": "set7"
            }, 
            {
                "query_image": "/home/laeroth/Downloads/benchmark/sketches/8.png", 
                "source_images": [
                    "/home/laeroth/Downloads/benchmark/images/8/*.jpg"
                ], 
                "key": "set8"
            }, 
            {
                "query_image": "/home/laeroth/Downloads/benchmark/sketches/9.png", 
                "source_images": [
                    "/home/laeroth/Downloads/benchmark/images/9/*.jpg"
                ], 
                "key": "set9"
            }, 
            {
                "query_image": "/home/laeroth/Downloads/benchmark/sketches/10.png", 
                "source_images": [
                    "/home/laeroth/Downloads/benchmark/images/10/*.jpg"
                ], 
                "key": "set10"
            }, 
            {
                "query_image": "/home/laeroth/Downloads/benchmark/sketches/11.png", 
                "source_images": [
                    "/home/laeroth/Downloads/benchmark/images/11/*.jpg"
                ], 
                "key": "set11"
            }, 
            {
                "query_image": "/home/laeroth/Downloads/benchmark/sketches/12.png", 
                "source_images": [
                    "/home/laeroth/Downloads/benchmark/images/12/*.jpg"
                ], 
                "key": "set12"
            }, 
            {
                "query_image": "/home/laeroth/Downloads/benchmark/sketches/13.png", 
                "source_images": [
                    "/home/laeroth/Downloads/benchmark/images/13/*.jpg"
                ], 
                "key": "set13"
            }, 
            {
                "query_image": "/home/laeroth/Downloads/benchmark/sketches/14.png", 
                "source_images": [
                    "/home/laeroth/Downloads/benchmark/images/14/*.jpg"
                ], 
                "key": "set14"
            }, 
            {
                "query_image": "/home/laeroth/Downloads/benchmark/sketches/20.png", 
                "source_images": [
                    "/home/laeroth/Downloads/benchmark/images/20/*.jpg"
                ], 
                "key": "set20"
            }, 
            {
                "query_image": "/home/laeroth/Downloads/benchmark/sketches/21.png", 
                "source_images": [
                    "/home/laeroth/Downloads/benchmark/images/21/*.jpg"
                ], 
                "key": "set21"
            }, 
            {
                "query_image": "/home/laeroth/Downloads/benchmark/sketches/23.png", 
                "source_images": [
                    "/home/laeroth/Downloads/benchmark/images/23/*.jpg"
                ], 
                "key": "set23"
            }, 
            {
                "query_image": "/home/laeroth/Downloads/benchmark/sketches/24.png",