{
    "duration": 69.710156, 
    "correlations": {
        "/home/laeroth/Downloads/benchmark/sketches/42.png": -0.018217402835093887, 
        "/home/laeroth/Downloads/benchmark/sketches/21.png": 0.092784737822220201, 
        "/home/laeroth/Downloads/benchmark/sketches/48.png": 0.20336855811196056, 
        "/home/laeroth/Downloads/benchmark/sketches/23.png": 0.41553615660311821, 
        "/home/laeroth/Downloads/benchmark/sketches/26.png": 0.24644409888968941, 
        "/home/laeroth/Downloads/benchmark/sketches/43.png": 0.12475948739058658, 
        "/home/laeroth/Downloads/benchmark/sketches/4.png": 0.31958789422695927, 
        "/home/laeroth/Downloads/benchmark/sketches/0.png": 0.41446171985403335, 
        "/home/laeroth/Downloads/benchmark/sketches/11.png": 0.41287882689395172, 
        "/home/laeroth/Downloads/benchmark/sketches/25.png": 0.30548953680897373, 
        "/home/laeroth/Downloads/benchmark/sketches/27.png": 0.28727613255982332, 
        "/home/laeroth/Downloads/benchmark/sketches/33.png": 0.16050079566236156, 
        "/home/laeroth/Downloads/benchmark/sketches/30.png": 0.11060509823086699, 
        "/home/laeroth/Downloads/benchmark/sketches/6.png": -0.0013080917546364063, 
        "/home/laeroth/Downloads/benchmark/sketches/2.png": 0.32638855796732436, 
        "/home/laeroth/Downloads/benchmark/sketches/1.png": 0.087629520828324509, 
        "/home/laeroth/Downloads/benchmark/sketches/38.png": 0.24199449015399199, 
        "/home/laeroth/Downloads/benchmark/sketches/9.png": 0.1478782715902269, 
        "/home/laeroth/Downloads/benchmark/sketches/14.png": 0.27943453035954385, 
        "/home/laeroth/Downloads/benchmark/sketches/13.png": 0.43665768355247864, 
        "/home/laeroth/Downloads/benchmark/sketches/28.png": 0.40277954736570404, 
        "/home/laeroth/Downloads/benchmark/sketches/34.png": 0.23477405824017636, 
        "/home/laeroth/Downloads/benchmark/sketches/7.png": 0.36517843407469414, 
        "/home/laeroth/Downloads/benchmark/sketches/8.png": 0.11711247026624555, 
        "/home/laeroth/Downloads/benchmark/sketches/20.png": 0.29132336982931262, 
        "/home/laeroth/Downloads/benchmark/sketches/24.png": -0.22741372508236524, 
        "/home/laeroth/Downloads/benchmark/sketches/10.png": 0.4450208944557979, 
        "/home/laeroth/Downloads/benchmark/sketches/12.png": 0.10838854046051775, 
        "/home/laeroth/Downloads/benchmark/sketches/46.png": 0.17405525693049007, 
        "/home/laeroth/Downloads/benchmark/sketches/47.png": 0.15354953752425785, 
        "/home/laeroth/Downloads/benchmark/sketches/45.png": 0.11003349182953036
    }, 
    "config": {
        "features": {
            "extractor": "features.patch_means", 
            "patch_size": 3, 
            "grid_size": 8
        }, 
        "curvelets": {
            "transform": "transforms.curvelet_strictangles", 
            "angles": 12, 
            "scales": 4
        }, 
        "readers": {
            "query": "readers.luma", 
            "image": "readers.canny", 
            "canny_sigma": 2.0
        }, 
        "metric": {
            "metric": "metrics.histogram_intersection"
        }, 
        "cache": {
            "reader_enabled": true, 
            "reader_path": "/media/data0/unsorted/caches", 
            "feature_enabled": true
        }, 
        "codebook": {
            "codebook_size": 1000, 
            "metric": "kmeans"
        }, 
        "weights": {
            "use_stopwords": false, 
            "use_weights": "weights.tfidf"
        }, 
        "images": [
            {
                "query_image": "/home/laeroth/Downloads/benchmark/sketches/0.png", 
                "source_images": [
                    "/home/laeroth/Downloads/benchmark/images/0/*.jpg"
                ], 
                "key": "set0"
            }, 
            {
                "query_image": "/home/laeroth/Downloads/benchmark/sketches/1.png", 
                "source_images": [
                    "/home/laeroth/Downloads/benchmark/images/1/*.jpg"
                ], 
                "key": "set1"
            }, 
            {
                "query_image": "/home/laeroth/Downloads/benchmark/sketches/2.png", 
                "source_images": [
                    "/home/laeroth/Downloads/benchmark/images/2/*.jpg"
                ], 
                "key": "set2"
            }, 
            {
                "query_image": "/home/laeroth/Downloads/benchmark/sketches/4.png", 
                "source_images": [
                    "/home/laeroth/Downloads/benchmark/images/4/*.jpg"
                ], 
                "key": "set4"
            }, 
            {
                "query_image": "/home/laeroth/Downloads/benchmark/sketches/6.png", 
                "source_images": [
                    "/home/laeroth/Downloads/benchmark/images/6/*.jpg"
                ], 
                "key": "set6"
            }, 
            {
                "query_image": "/home/laeroth/Downloads/benchmark/sketches/7.png", 
                "source_images": [
                    "/home/laeroth/Downloads/benchmark/images/7/*.jpg"
                ], 
                "key": "set7"
            }, 
            {
                "query_image": "/home/laeroth/Downloads/benchmark/sketches/8.png", 
                "source_images": [
                    "/home/laeroth/Downloads/benchmark/images/8/*.jpg"
                ], 
                "key": "set8"
            }, 
            {
                "query_image": "/home/laeroth/Downloads/benchmark/sketches/9.png", 
                "source_images": [
                    "/home/laeroth/Downloads/benchmark/images/9/*.jpg"
                ], 
                "key": "set9"
            }, 
            {
                "query_image": "/home/laeroth/Downloads/benchmark/sketches/10.png", 
                "source_images": [
                    "/home/laeroth/Downloads/benchmark/images/10/*.jpg"
                ], 
                "key": "set10"
            }, 
            {
                "query_image": "/home/laeroth/Downloads/benchmark/sketches/11.png", 
                "source_images": [
                    "/home/laeroth/Downloads/benchmark/images/11/*.jpg"
                ], 
                "key": "set11"
            }, 
            {
                "query_image": "/home/laeroth/Downloads/benchmark/sketches/12.png", 
                "source_images": [
                    "/home/laeroth/Downloads/benchmark/images/12/*.jpg"
                ], 
                "key": "set12"
            }, 
            {
                "query_image": "/home/laeroth/Downloads/benchmark/sketches/13.png", 
                "source_images": [
                    "/home/laeroth/Downloads/benchmark/images/13/*.jpg"
                ], 
                "key": "set13"
            }, 
            {
                "query_image": "/home/laeroth/Downloads/benchmark/sketches/14.png", 
                "source_images": [
                    "/home/laeroth/Downloads/benchmark/images/14/*.jpg"
                ], 
                "key": "set14"
            }, 
            {
                "query_image": "/home/laeroth/Downloads/benchmark/sketches/20.png", 
                "source_images": [
                    "/home/laeroth/Downloads/benchmark/images/20/*.jpg"
                ], 
                "key": "set20"
            }, 
            {
                "query_image": "/home/laeroth/Downloads/benchmark/sketches/21.png", 
                "source_images": [
                    "/home/laeroth/Downloads/benchmark/images/21/*.jpg"
                ], 
                "key": "set21"
            }, 
            {
                "query_image": "/home/laeroth/Downloads/benchmark/sketches/23.png", 
                "source_images": [
                    "/home/laeroth/Downloads/benchmark/images/23/*.jpg"
                ],