{
    "duration": 67.311791, 
    "correlations": {
        "/home/laeroth/Downloads/benchmark/sketches/42.png": -0.10967888022790488, 
        "/home/laeroth/Downloads/benchmark/sketches/21.png": -0.07732061485185017, 
        "/home/laeroth/Downloads/benchmark/sketches/48.png": -0.32774875654874336, 
        "/home/laeroth/Downloads/benchmark/sketches/23.png": 0.24566043393404161, 
        "/home/laeroth/Downloads/benchmark/sketches/26.png": 0.20193030433321746, 
        "/home/laeroth/Downloads/benchmark/sketches/43.png": -0.081029357789762418, 
        "/home/laeroth/Downloads/benchmark/sketches/4.png": 0.14929264386137206, 
        "/home/laeroth/Downloads/benchmark/sketches/0.png": 0.096588231664984814, 
        "/home/laeroth/Downloads/benchmark/sketches/11.png": 0.24597802997349466, 
        "/home/laeroth/Downloads/benchmark/sketches/25.png": 0.001289512361231252, 
        "/home/laeroth/Downloads/benchmark/sketches/27.png": 0.24453206719969289, 
        "/home/laeroth/Downloads/benchmark/sketches/33.png": 0.15305545360288456, 
        "/home/laeroth/Downloads/benchmark/sketches/30.png": -0.016785445839305954, 
        "/home/laeroth/Downloads/benchmark/sketches/6.png": -0.19871232417761589, 
        "/home/laeroth/Downloads/benchmark/sketches/2.png": 0.012870108799983838, 
        "/home/laeroth/Downloads/benchmark/sketches/1.png": 0.13007215197551289, 
        "/home/laeroth/Downloads/benchmark/sketches/38.png": 0.13677704013451494, 
        "/home/laeroth/Downloads/benchmark/sketches/9.png": -0.029658784308318795, 
        "/home/laeroth/Downloads/benchmark/sketches/14.png": -0.011560715101157606, 
        "/home/laeroth/Downloads/benchmark/sketches/13.png": 0.17084167871710684, 
        "/home/laeroth/Downloads/benchmark/sketches/28.png": 0.0038685370836937559, 
        "/home/laeroth/Downloads/benchmark/sketches/34.png": 0.039769090926671524, 
        "/home/laeroth/Downloads/benchmark/sketches/7.png": 0.10553489215986746, 
        "/home/laeroth/Downloads/benchmark/sketches/8.png": -0.10309415313580023, 
        "/home/laeroth/Downloads/benchmark/sketches/20.png": 0.0077320614851850173, 
        "/home/laeroth/Downloads/benchmark/sketches/24.png": -0.21531946944372907, 
        "/home/laeroth/Downloads/benchmark/sketches/10.png": 0.14055684737420646, 
        "/home/laeroth/Downloads/benchmark/sketches/12.png": -0.0038685370836937559, 
        "/home/laeroth/Downloads/benchmark/sketches/46.png": -0.02319618445555505, 
        "/home/laeroth/Downloads/benchmark/sketches/47.png": -0.10309415313580023, 
        "/home/laeroth/Downloads/benchmark/sketches/45.png": 0.10282810326482492
    }, 
    "config": {
        "features": {
            "extractor": "features.patch_means", 
            "patch_size": 3, 
            "grid_size": 8
        }, 
        "curvelets": {
            "transform": "transforms.curvelet_strictangles", 
            "angles": 12, 
            "scales": 4
        }, 
        "readers": {
            "query": "readers.luma", 
            "image": "readers.luma"
        }, 
        "metric": {
            "metric": "metrics.l2"
        }, 
        "cache": {
            "reader_enabled": false, 
            "feature_enabled": true
        }, 
        "codebook": {
            "codebook_size": 1000, 
            "metric": "kmeans"
        }, 
        "weights": {
            "use_stopwords": false, 
            "use_weights": "weights.tfidf"
        }, 
        "images": [
            {
                "query_image": "/home/laeroth/Downloads/benchmark/sketches/0.png", 
                "source_images": [
                    "/home/laeroth/Downloads/benchmark/images/0/*.jpg"
                ], 
                "key": "set0"
            }, 
            {
                "query_image": "/home/laeroth/Downloads/benchmark/sketches/1.png", 
                "source_images": [
                    "/home/laeroth/Downloads/benchmark/images/1/*.jpg"
                ], 
                "key": "set1"
            }, 
            {
                "query_image": "/home/laeroth/Downloads/benchmark/sketches/2.png", 
                "source_images": [
                    "/home/laeroth/Downloads/benchmark/images/2/*.jpg"
                ], 
                "key": "set2"
            }, 
            {
                "query_image": "/home/laeroth/Downloads/benchmark/sketches/4.png", 
                "source_images": [
                    "/home/laeroth/Downloads/benchmark/images/4/*.jpg"
                ], 
                "key": "set4"
            }, 
            {
                "query_image": "/home/laeroth/Downloads/benchmark/sketches/6.png", 
                "source_images": [
                    "/home/laeroth/Downloads/benchmark/images/6/*.jpg"
                ], 
                "key": "set6"
            }, 
            {
                "query_image": "/home/laeroth/Downloads/benchmark/sketches/7.png", 
                "source_images": [
                    "/home/laeroth/Downloads/benchmark/images/7/*.jpg"
                ], 
                "key": "set7"
            }, 
            {
                "query_image": "/home/laeroth/Downloads/benchmark/sketches/8.png", 
                "source_images": [
                    "/home/laeroth/Downloads/benchmark/images/8/*.jpg"
                ], 
                "key": "set8"
            }, 
            {
                "query_image": "/home/laeroth/Downloads/benchmark/sketches/9.png", 
                "source_images": [
                    "/home/laeroth/Downloads/benchmark/images/9/*.jpg"
                ], 
                "key": "set9"
            }, 
            {
                "query_image": "/home/laeroth/Downloads/benchmark/sketches/10.png", 
                "source_images": [
                    "/home/laeroth/Downloads/benchmark/images/10/*.jpg"
                ], 
                "key": "set10"
            }, 
            {
                "query_image": "/home/laeroth/Downloads/benchmark/sketches/11.png", 
                "source_images": [
                    "/home/laeroth/Downloads/benchmark/images/11/*.jpg"
                ], 
                "key": "set11"
            }, 
            {
                "query_image": "/home/laeroth/Downloads/benchmark/sketches/12.png", 
                "source_images": [
                    "/home/laeroth/Downloads/benchmark/images/12/*.jpg"
                ], 
                "key": "set12"
            }, 
            {
                "query_image": "/home/laeroth/Downloads/benchmark/sketches/13.png", 
                "source_images": [
                    "/home/laeroth/Downloads/benchmark/images/13/*.jpg"
                ], 
                "key": "set13"
            }, 
            {
                "query_image": "/home/laeroth/Downloads/benchmark/sketches/14.png", 
                "source_images": [
                    "/home/laeroth/Downloads/benchmark/images/14/*.jpg"
                ], 
                "key": "set14"
            }, 
            {
                "query_image": "/home/laeroth/Downloads/benchmark/sketches/20.png", 
                "source_images": [
                    "/home/laeroth/Downloads/benchmark/images/20/*.jpg"
                ], 
                "key": "set20"
            }, 
            {
                "query_image": "/home/laeroth/Downloads/benchmark/sketches/21.png", 
                "source_images": [
                    "/home/laeroth/Downloads/benchmark/images/21/*.jpg"
                ], 
                "key": "set21"
            }, 
            {
                "query_image": "/home/laeroth/Downloads/benchmark/sketches/23.png", 
                "source_images": [
                    "/home/laeroth/Downloads/benchmark/images/23/*.jpg"
                ], 
                "key": "set23"
            }, 
            {
                "query_image": "/home/laeroth/Downloads/benchmark/sketches/24.png",