{
    "duration": 62.329233, 
    "correlations": {
        "/home/laeroth/Downloads/benchmark/sketches/42.png": -0.22851848017690932, 
        "/home/laeroth/Downloads/benchmark/sketches/21.png": 0.15180039425038794, 
        "/home/laeroth/Downloads/benchmark/sketches/48.png": -0.30954436011737069, 
        "/home/laeroth/Downloads/benchmark/sketches/23.png": 0.34683247002868234, 
        "/home/laeroth/Downloads/benchmark/sketches/26.png": 0.32047291031829445, 
        "/home/laeroth/Downloads/benchmark/sketches/43.png": 0.40956093042255298, 
        "/home/laeroth/Downloads/benchmark/sketches/4.png": 0.24213482104235581, 
        "/home/laeroth/Downloads/benchmark/sketches/0.png": 0.36425675186711931, 
        "/home/laeroth/Downloads/benchmark/sketches/11.png": 0.42265965599415717, 
        "/home/laeroth/Downloads/benchmark/sketches/25.png": 0.23166476276441911, 
        "/home/laeroth/Downloads/benchmark/sketches/27.png": 0.27850587486256756, 
        "/home/laeroth/Downloads/benchmark/sketches/33.png": 0.03315871268866552, 
        "/home/laeroth/Downloads/benchmark/sketches/30.png": -0.0017985553330818022, 
        "/home/laeroth/Downloads/benchmark/sketches/6.png": 0.080008785760818504, 
        "/home/laeroth/Downloads/benchmark/sketches/2.png": 0.14393426401888887, 
        "/home/laeroth/Downloads/benchmark/sketches/1.png": 0.069607412630102491, 
        "/home/laeroth/Downloads/benchmark/sketches/38.png": -0.012952791549435761, 
        "/home/laeroth/Downloads/benchmark/sketches/9.png": 0.25790930400933421, 
        "/home/laeroth/Downloads/benchmark/sketches/14.png": 0.10501970191207545, 
        "/home/laeroth/Downloads/benchmark/sketches/13.png": 0.48669377080098325, 
        "/home/laeroth/Downloads/benchmark/sketches/28.png": 0.40150862648133345, 
        "/home/laeroth/Downloads/benchmark/sketches/34.png": 0.19059965314889685, 
        "/home/laeroth/Downloads/benchmark/sketches/7.png": 0.32907586229667324, 
        "/home/laeroth/Downloads/benchmark/sketches/8.png": -0.024680516491708798, 
        "/home/laeroth/Downloads/benchmark/sketches/20.png": 0.228098154013267, 
        "/home/laeroth/Downloads/benchmark/sketches/24.png": 0.0045802540945065239, 
        "/home/laeroth/Downloads/benchmark/sketches/10.png": 0.23020827347195358, 
        "/home/laeroth/Downloads/benchmark/sketches/12.png": -0.071449268376812758, 
        "/home/laeroth/Downloads/benchmark/sketches/46.png": 0.048286708498473746, 
        "/home/laeroth/Downloads/benchmark/sketches/47.png": 0.20233480053940228, 
        "/home/laeroth/Downloads/benchmark/sketches/45.png": 0.19773121208101091
    }, 
    "config": {
        "features": {
            "extractor": "features.patch_means2", 
            "patch_size": 3, 
            "grid_size": 8
        }, 
        "curvelets": {
            "transform": "transforms.curvelet_strictangles", 
            "angles": 12, 
            "scales": 4
        }, 
        "readers": {
            "query": "readers.luma", 
            "image": "readers.sobel"
        }, 
        "metric": {
            "metric": "metrics.histogram_intersection"
        }, 
        "cache": {
            "reader_enabled": false, 
            "reader_path": "/media/data0/unsorted/caches", 
            "feature_enabled": true
        }, 
        "codebook": {
            "codebook_size": 1000, 
            "metric": "kmeans"
        }, 
        "weights": {
            "use_stopwords": false, 
            "use_weights": "weights.tfidf"
        }, 
        "images": [
            {
                "query_image": "/home/laeroth/Downloads/benchmark/sketches/0.png", 
                "source_images": [
                    "/home/laeroth/Downloads/benchmark/images/0/*.jpg"
                ], 
                "key": "set0"
            }, 
            {
                "query_image": "/home/laeroth/Downloads/benchmark/sketches/1.png", 
                "source_images": [
                    "/home/laeroth/Downloads/benchmark/images/1/*.jpg"
                ], 
                "key": "set1"
            }, 
            {
                "query_image": "/home/laeroth/Downloads/benchmark/sketches/2.png", 
                "source_images": [
                    "/home/laeroth/Downloads/benchmark/images/2/*.jpg"
                ], 
                "key": "set2"
            }, 
            {
                "query_image": "/home/laeroth/Downloads/benchmark/sketches/4.png", 
                "source_images": [
                    "/home/laeroth/Downloads/benchmark/images/4/*.jpg"
                ], 
                "key": "set4"
            }, 
            {
                "query_image": "/home/laeroth/Downloads/benchmark/sketches/6.png", 
                "source_images": [
                    "/home/laeroth/Downloads/benchmark/images/6/*.jpg"
                ], 
                "key": "set6"
            }, 
            {
                "query_image": "/home/laeroth/Downloads/benchmark/sketches/7.png", 
                "source_images": [
                    "/home/laeroth/Downloads/benchmark/images/7/*.jpg"
                ], 
                "key": "set7"
            }, 
            {
                "query_image": "/home/laeroth/Downloads/benchmark/sketches/8.png", 
                "source_images": [
                    "/home/laeroth/Downloads/benchmark/images/8/*.jpg"
                ], 
                "key": "set8"
            }, 
            {
                "query_image": "/home/laeroth/Downloads/benchmark/sketches/9.png", 
                "source_images": [
                    "/home/laeroth/Downloads/benchmark/images/9/*.jpg"
                ], 
                "key": "set9"
            }, 
            {
                "query_image": "/home/laeroth/Downloads/benchmark/sketches/10.png", 
                "source_images": [
                    "/home/laeroth/Downloads/benchmark/images/10/*.jpg"
                ], 
                "key": "set10"
            }, 
            {
                "query_image": "/home/laeroth/Downloads/benchmark/sketches/11.png", 
                "source_images": [
                    "/home/laeroth/Downloads/benchmark/images/11/*.jpg"
                ], 
                "key": "set11"
            }, 
            {
                "query_image": "/home/laeroth/Downloads/benchmark/sketches/12.png", 
                "source_images": [
                    "/home/laeroth/Downloads/benchmark/images/12/*.jpg"
                ], 
                "key": "set12"
            }, 
            {
                "query_image": "/home/laeroth/Downloads/benchmark/sketches/13.png", 
                "source_images": [
                    "/home/laeroth/Downloads/benchmark/images/13/*.jpg"
                ], 
                "key": "set13"
            }, 
            {
                "query_image": "/home/laeroth/Downloads/benchmark/sketches/14.png", 
                "source_images": [
                    "/home/laeroth/Downloads/benchmark/images/14/*.jpg"
                ], 
                "key": "set14"
            }, 
            {
                "query_image": "/home/laeroth/Downloads/benchmark/sketches/20.png", 
                "source_images": [
                    "/home/laeroth/Downloads/benchmark/images/20/*.jpg"
                ], 
                "key": "set20"
            }, 
            {
                "query_image": "/home/laeroth/Downloads/benchmark/sketches/21.png", 
                "source_images": [
                    "/home/laeroth/Downloads/benchmark/images/21/*.jpg"
                ], 
                "key": "set21"
            }, 
            {
                "query_image": "/home/laeroth/Downloads/benchmark/sketches/23.png", 
                "source_images": [
                    "/home/laeroth/Downloads/benchmark/images/23/*.jpg"
                ], 
                "key": "set23"
            }, 
            {
                "query_image": "/home/laeroth/Downloads/benchmark/sketches/24.png",