{
    "duration": 60.924459, 
    "correlations": {
        "/home/laeroth/Downloads/benchmark/sketches/42.png": -0.23695591071029515, 
        "/home/laeroth/Downloads/benchmark/sketches/21.png": 0.13854992939581828, 
        "/home/laeroth/Downloads/benchmark/sketches/48.png": -0.26767981889860293, 
        "/home/laeroth/Downloads/benchmark/sketches/23.png": 0.33070072723665056, 
        "/home/laeroth/Downloads/benchmark/sketches/26.png": 0.31445463970198845, 
        "/home/laeroth/Downloads/benchmark/sketches/43.png": 0.48960541193836138, 
        "/home/laeroth/Downloads/benchmark/sketches/4.png": 0.16741893340642888, 
        "/home/laeroth/Downloads/benchmark/sketches/0.png": 0.34860822725124579, 
        "/home/laeroth/Downloads/benchmark/sketches/11.png": 0.40381495795620109, 
        "/home/laeroth/Downloads/benchmark/sketches/25.png": 0.23831411436358776, 
        "/home/laeroth/Downloads/benchmark/sketches/27.png": 0.19671114478693924, 
        "/home/laeroth/Downloads/benchmark/sketches/33.png": 0.036109623697835998, 
        "/home/laeroth/Downloads/benchmark/sketches/30.png": 0.0017985553330818022, 
        "/home/laeroth/Downloads/benchmark/sketches/6.png": 0.083146385202419237, 
        "/home/laeroth/Downloads/benchmark/sketches/2.png": 0.17083786477008306, 
        "/home/laeroth/Downloads/benchmark/sketches/1.png": 0.0905003843185581, 
        "/home/laeroth/Downloads/benchmark/sketches/38.png": -0.0043175971831452536, 
        "/home/laeroth/Downloads/benchmark/sketches/9.png": 0.25538901514270923, 
        "/home/laeroth/Downloads/benchmark/sketches/14.png": 0.057960271832919387, 
        "/home/laeroth/Downloads/benchmark/sketches/13.png": 0.46640585066486634, 
        "/home/laeroth/Downloads/benchmark/sketches/28.png": 0.34355674420597204, 
        "/home/laeroth/Downloads/benchmark/sketches/34.png": 0.19059965314889685, 
        "/home/laeroth/Downloads/benchmark/sketches/7.png": 0.20157536908492385, 
        "/home/laeroth/Downloads/benchmark/sketches/8.png": -0.06033015142417706, 
        "/home/laeroth/Downloads/benchmark/sketches/20.png": 0.19382086885151081, 
        "/home/laeroth/Downloads/benchmark/sketches/24.png": -0.045520428462138912, 
        "/home/laeroth/Downloads/benchmark/sketches/10.png": 0.20932686813153856, 
        "/home/laeroth/Downloads/benchmark/sketches/12.png": -0.071345493059331466, 
        "/home/laeroth/Downloads/benchmark/sketches/46.png": -0.043752609282889987, 
        "/home/laeroth/Downloads/benchmark/sketches/47.png": 0.19404932149686679, 
        "/home/laeroth/Downloads/benchmark/sketches/45.png": 0.18599378684939255
    }, 
    "config": {
        "features": {
            "extractor": "features.patch_means2", 
            "patch_size": 3, 
            "grid_size": 8
        }, 
        "curvelets": {
            "transform": "transforms.curvelet_strictangles", 
            "angles": 12, 
            "scales": 4
        }, 
        "readers": {
            "query": "readers.luma", 
            "image": "readers.sobel"
        }, 
        "metric": {
            "metric": "metrics.cosine"
        }, 
        "cache": {
            "reader_enabled": false, 
            "reader_path": "/media/data0/unsorted/caches", 
            "feature_enabled": true
        }, 
        "codebook": {
            "codebook_size": 1000, 
            "metric": "kmeans"
        }, 
        "weights": {
            "use_stopwords": false, 
            "use_weights": "weights.tfidf"
        }, 
        "images": [
            {
                "query_image": "/home/laeroth/Downloads/benchmark/sketches/0.png", 
                "source_images": [
                    "/home/laeroth/Downloads/benchmark/images/0/*.jpg"
                ], 
                "key": "set0"
            }, 
            {
                "query_image": "/home/laeroth/Downloads/benchmark/sketches/1.png", 
                "source_images": [
                    "/home/laeroth/Downloads/benchmark/images/1/*.jpg"
                ], 
                "key": "set1"
            }, 
            {
                "query_image": "/home/laeroth/Downloads/benchmark/sketches/2.png", 
                "source_images": [
                    "/home/laeroth/Downloads/benchmark/images/2/*.jpg"
                ], 
                "key": "set2"
            }, 
            {
                "query_image": "/home/laeroth/Downloads/benchmark/sketches/4.png", 
                "source_images": [
                    "/home/laeroth/Downloads/benchmark/images/4/*.jpg"
                ], 
                "key": "set4"
            }, 
            {
                "query_image": "/home/laeroth/Downloads/benchmark/sketches/6.png", 
                "source_images": [
                    "/home/laeroth/Downloads/benchmark/images/6/*.jpg"
                ], 
                "key": "set6"
            }, 
            {
                "query_image": "/home/laeroth/Downloads/benchmark/sketches/7.png", 
                "source_images": [
                    "/home/laeroth/Downloads/benchmark/images/7/*.jpg"
                ], 
                "key": "set7"
            }, 
            {
                "query_image": "/home/laeroth/Downloads/benchmark/sketches/8.png", 
                "source_images": [
                    "/home/laeroth/Downloads/benchmark/images/8/*.jpg"
                ], 
                "key": "set8"
            }, 
            {
                "query_image": "/home/laeroth/Downloads/benchmark/sketches/9.png", 
                "source_images": [
                    "/home/laeroth/Downloads/benchmark/images/9/*.jpg"
                ], 
                "key": "set9"
            }, 
            {
                "query_image": "/home/laeroth/Downloads/benchmark/sketches/10.png", 
                "source_images": [
                    "/home/laeroth/Downloads/benchmark/images/10/*.jpg"
                ], 
                "key": "set10"
            }, 
            {
                "query_image": "/home/laeroth/Downloads/benchmark/sketches/11.png", 
                "source_images": [
                    "/home/laeroth/Downloads/benchmark/images/11/*.jpg"
                ], 
                "key": "set11"
            }, 
            {
                "query_image": "/home/laeroth/Downloads/benchmark/sketches/12.png", 
                "source_images": [
                    "/home/laeroth/Downloads/benchmark/images/12/*.jpg"
                ], 
                "key": "set12"
            }, 
            {
                "query_image": "/home/laeroth/Downloads/benchmark/sketches/13.png", 
                "source_images": [
                    "/home/laeroth/Downloads/benchmark/images/13/*.jpg"
                ], 
                "key": "set13"
            }, 
            {
                "query_image": "/home/laeroth/Downloads/benchmark/sketches/14.png", 
                "source_images": [
                    "/home/laeroth/Downloads/benchmark/images/14/*.jpg"
                ], 
                "key": "set14"
            }, 
            {
                "query_image": "/home/laeroth/Downloads/benchmark/sketches/20.png", 
                "source_images": [
                    "/home/laeroth/Downloads/benchmark/images/20/*.jpg"
                ], 
                "key": "set20"
            }, 
            {
                "query_image": "/home/laeroth/Downloads/benchmark/sketches/21.png", 
                "source_images": [
                    "/home/laeroth/Downloads/benchmark/images/21/*.jpg"
                ], 
                "key": "set21"
            }, 
            {
                "query_image": "/home/laeroth/Downloads/benchmark/sketches/23.png", 
                "source_images": [
                    "/home/laeroth/Downloads/benchmark/images/23/*.jpg"
                ], 
                "key": "set23"
            }, 
            {
                "query_image": "/home/laeroth/Downloads/benchmark/sketches/24.png",