{
    "duration": 70.672707, 
    "correlations": {
        "/home/laeroth/Downloads/benchmark/sketches/42.png": 0.0069360604107435147, 
        "/home/laeroth/Downloads/benchmark/sketches/21.png": 0.083817745979168468, 
        "/home/laeroth/Downloads/benchmark/sketches/48.png": -0.012987012987012993, 
        "/home/laeroth/Downloads/benchmark/sketches/23.png": 0.46782054096892034, 
        "/home/laeroth/Downloads/benchmark/sketches/26.png": 0.37527122904796756, 
        "/home/laeroth/Downloads/benchmark/sketches/43.png": 0.17120852982458348, 
        "/home/laeroth/Downloads/benchmark/sketches/4.png": 0.34737807973502038, 
        "/home/laeroth/Downloads/benchmark/sketches/0.png": 0.30619726688466209, 
        "/home/laeroth/Downloads/benchmark/sketches/11.png": 0.39573865879707709, 
        "/home/laeroth/Downloads/benchmark/sketches/25.png": 0.34927510658554184, 
        "/home/laeroth/Downloads/benchmark/sketches/27.png": 0.36594326148777412, 
        "/home/laeroth/Downloads/benchmark/sketches/33.png": 0.11194286774530356, 
        "/home/laeroth/Downloads/benchmark/sketches/30.png": 0.059805451718347724, 
        "/home/laeroth/Downloads/benchmark/sketches/6.png": -0.072188600524398475, 
        "/home/laeroth/Downloads/benchmark/sketches/2.png": 0.32791048337641643, 
        "/home/laeroth/Downloads/benchmark/sketches/1.png": 0.0077320165436756917, 
        "/home/laeroth/Downloads/benchmark/sketches/38.png": 0.20292706760782692, 
        "/home/laeroth/Downloads/benchmark/sketches/9.png": 0.29713684132073698, 
        "/home/laeroth/Downloads/benchmark/sketches/14.png": 0.27904951448363613, 
        "/home/laeroth/Downloads/benchmark/sketches/13.png": 0.50505361993484421, 
        "/home/laeroth/Downloads/benchmark/sketches/28.png": 0.33053699583840485, 
        "/home/laeroth/Downloads/benchmark/sketches/34.png": 0.18906968038857086, 
        "/home/laeroth/Downloads/benchmark/sketches/7.png": 0.34438535597791436, 
        "/home/laeroth/Downloads/benchmark/sketches/8.png": 0.10028095803451426, 
        "/home/laeroth/Downloads/benchmark/sketches/20.png": 0.230064978580446, 
        "/home/laeroth/Downloads/benchmark/sketches/24.png": -0.12977036155098468, 
        "/home/laeroth/Downloads/benchmark/sketches/10.png": 0.44238652477614498, 
        "/home/laeroth/Downloads/benchmark/sketches/12.png": 0.1321244631772989, 
        "/home/laeroth/Downloads/benchmark/sketches/46.png": 0.0040155353723423173, 
        "/home/laeroth/Downloads/benchmark/sketches/47.png": 0.1625818632609789, 
        "/home/laeroth/Downloads/benchmark/sketches/45.png": 0.021375708739655136
    }, 
    "config": {
        "features": {
            "extractor": "features.patch_means", 
            "patch_size": 3, 
            "grid_size": 8
        }, 
        "curvelets": {
            "transform": "transforms.curvelet_strictangles", 
            "angles": 16, 
            "scales": 4
        }, 
        "readers": {
            "query": "readers.luma", 
            "image": "readers.canny", 
            "canny_sigma": 1.5
        }, 
        "metric": {
            "metric": "metrics.histogram_intersection"
        }, 
        "cache": {
            "reader_enabled": true, 
            "reader_path": "/media/data0/unsorted/caches", 
            "feature_enabled": true
        }, 
        "codebook": {
            "codebook_size": 1000, 
            "metric": "kmeans"
        }, 
        "weights": {
            "use_stopwords": false, 
            "use_weights": "weights.tfidf"
        }, 
        "images": [
            {
                "query_image": "/home/laeroth/Downloads/benchmark/sketches/0.png", 
                "source_images": [
                    "/home/laeroth/Downloads/benchmark/images/0/*.jpg"
                ], 
                "key": "set0"
            }, 
            {
                "query_image": "/home/laeroth/Downloads/benchmark/sketches/1.png", 
                "source_images": [
                    "/home/laeroth/Downloads/benchmark/images/1/*.jpg"
                ], 
                "key": "set1"
            }, 
            {
                "query_image": "/home/laeroth/Downloads/benchmark/sketches/2.png", 
                "source_images": [
                    "/home/laeroth/Downloads/benchmark/images/2/*.jpg"
                ], 
                "key": "set2"
            }, 
            {
                "query_image": "/home/laeroth/Downloads/benchmark/sketches/4.png", 
                "source_images": [
                    "/home/laeroth/Downloads/benchmark/images/4/*.jpg"
                ], 
                "key": "set4"
            }, 
            {
                "query_image": "/home/laeroth/Downloads/benchmark/sketches/6.png", 
                "source_images": [
                    "/home/laeroth/Downloads/benchmark/images/6/*.jpg"
                ], 
                "key": "set6"
            }, 
            {
                "query_image": "/home/laeroth/Downloads/benchmark/sketches/7.png", 
                "source_images": [
                    "/home/laeroth/Downloads/benchmark/images/7/*.jpg"
                ], 
                "key": "set7"
            }, 
            {
                "query_image": "/home/laeroth/Downloads/benchmark/sketches/8.png", 
                "source_images": [
                    "/home/laeroth/Downloads/benchmark/images/8/*.jpg"
                ], 
                "key": "set8"
            }, 
            {
                "query_image": "/home/laeroth/Downloads/benchmark/sketches/9.png", 
                "source_images": [
                    "/home/laeroth/Downloads/benchmark/images/9/*.jpg"
                ], 
                "key": "set9"
            }, 
            {
                "query_image": "/home/laeroth/Downloads/benchmark/sketches/10.png", 
                "source_images": [
                    "/home/laeroth/Downloads/benchmark/images/10/*.jpg"
                ], 
                "key": "set10"
            }, 
            {
                "query_image": "/home/laeroth/Downloads/benchmark/sketches/11.png", 
                "source_images": [
                    "/home/laeroth/Downloads/benchmark/images/11/*.jpg"
                ], 
                "key": "set11"
            }, 
            {
                "query_image": "/home/laeroth/Downloads/benchmark/sketches/12.png", 
                "source_images": [
                    "/home/laeroth/Downloads/benchmark/images/12/*.jpg"
                ], 
                "key": "set12"
            }, 
            {
                "query_image": "/home/laeroth/Downloads/benchmark/sketches/13.png", 
                "source_images": [
                    "/home/laeroth/Downloads/benchmark/images/13/*.jpg"
                ], 
                "key": "set13"
            }, 
            {
                "query_image": "/home/laeroth/Downloads/benchmark/sketches/14.png", 
                "source_images": [
                    "/home/laeroth/Downloads/benchmark/images/14/*.jpg"
                ], 
                "key": "set14"
            }, 
            {
                "query_image": "/home/laeroth/Downloads/benchmark/sketches/20.png", 
                "source_images": [
                    "/home/laeroth/Downloads/benchmark/images/20/*.jpg"
                ], 
                "key": "set20"
            }, 
            {
                "query_image": "/home/laeroth/Downloads/benchmark/sketches/21.png", 
                "source_images": [
                    "/home/laeroth/Downloads/benchmark/images/21/*.jpg"
                ], 
                "key": "set21"
            }, 
            {
                "query_image": "/home/laeroth/Downloads/benchmark/sketches/23.png", 
                "source_images": [
                    "/home/laeroth/Downloads/benchmark/images/23/*.jpg"
                ],