{
    "duration": 61.454549, 
    "correlations": {
        "/home/laeroth/Downloads/benchmark/sketches/42.png": -0.10071116392637733, 
        "/home/laeroth/Downloads/benchmark/sketches/21.png": -0.087630030165430195, 
        "/home/laeroth/Downloads/benchmark/sketches/48.png": -0.25032779043486697, 
        "/home/laeroth/Downloads/benchmark/sketches/23.png": 0.20193030433321746, 
        "/home/laeroth/Downloads/benchmark/sketches/26.png": 0.32689940983438359, 
        "/home/laeroth/Downloads/benchmark/sketches/43.png": 0.0012861802823771811, 
        "/home/laeroth/Downloads/benchmark/sketches/4.png": 0.20334687698359297, 
        "/home/laeroth/Downloads/benchmark/sketches/0.png": 0.1764345031747056, 
        "/home/laeroth/Downloads/benchmark/sketches/11.png": 0.28976469499495444, 
        "/home/laeroth/Downloads/benchmark/sketches/25.png": 0.17924221821114403, 
        "/home/laeroth/Downloads/benchmark/sketches/27.png": 0.13642315327982868, 
        "/home/laeroth/Downloads/benchmark/sketches/33.png": 0.061776266425395326, 
        "/home/laeroth/Downloads/benchmark/sketches/30.png": -0.21821079591097739, 
        "/home/laeroth/Downloads/benchmark/sketches/6.png": -0.11613057906484046, 
        "/home/laeroth/Downloads/benchmark/sketches/2.png": 0.054054456959932114, 
        "/home/laeroth/Downloads/benchmark/sketches/1.png": 0.091436859309518961, 
        "/home/laeroth/Downloads/benchmark/sketches/38.png": 0.18839101754376586, 
        "/home/laeroth/Downloads/benchmark/sketches/9.png": 0.09155537764741889, 
        "/home/laeroth/Downloads/benchmark/sketches/14.png": -0.014129762901414851, 
        "/home/laeroth/Downloads/benchmark/sketches/13.png": 0.3583821681358858, 
        "/home/laeroth/Downloads/benchmark/sketches/28.png": 0.22824368793793159, 
        "/home/laeroth/Downloads/benchmark/sketches/34.png": 0.12443876838345606, 
        "/home/laeroth/Downloads/benchmark/sketches/7.png": 0.15444130559980604, 
        "/home/laeroth/Downloads/benchmark/sketches/8.png": 0.04896972273950511, 
        "/home/laeroth/Downloads/benchmark/sketches/20.png": 0.15979593736049036, 
        "/home/laeroth/Downloads/benchmark/sketches/24.png": -0.19456578564192387, 
        "/home/laeroth/Downloads/benchmark/sketches/10.png": 0.29787735544441918, 
        "/home/laeroth/Downloads/benchmark/sketches/12.png": -0.0322378090307813, 
        "/home/laeroth/Downloads/benchmark/sketches/46.png": 0.23711655221234051, 
        "/home/laeroth/Downloads/benchmark/sketches/47.png": 0.079897968680245179, 
        "/home/laeroth/Downloads/benchmark/sketches/45.png": 0.19023199103992611
    }, 
    "config": {
        "features": {
            "extractor": "features.patch_means2", 
            "patch_size": 3, 
            "grid_size": 8
        }, 
        "curvelets": {
            "transform": "transforms.curvelet_strictangles", 
            "angles": 12, 
            "scales": 4
        }, 
        "readers": {
            "query": "readers.luma", 
            "image": "readers.sobel"
        }, 
        "metric": {
            "metric": "metrics.l2"
        }, 
        "cache": {
            "reader_enabled": false, 
            "reader_path": "/media/data0/unsorted/caches", 
            "feature_enabled": true
        }, 
        "codebook": {
            "codebook_size": 1000, 
            "metric": "kmeans"
        }, 
        "weights": {
            "use_stopwords": false, 
            "use_weights": "weights.tfidf"
        }, 
        "images": [
            {
                "query_image": "/home/laeroth/Downloads/benchmark/sketches/0.png", 
                "source_images": [
                    "/home/laeroth/Downloads/benchmark/images/0/*.jpg"
                ], 
                "key": "set0"
            }, 
            {
                "query_image": "/home/laeroth/Downloads/benchmark/sketches/1.png", 
                "source_images": [
                    "/home/laeroth/Downloads/benchmark/images/1/*.jpg"
                ], 
                "key": "set1"
            }, 
            {
                "query_image": "/home/laeroth/Downloads/benchmark/sketches/2.png", 
                "source_images": [
                    "/home/laeroth/Downloads/benchmark/images/2/*.jpg"
                ], 
                "key": "set2"
            }, 
            {
                "query_image": "/home/laeroth/Downloads/benchmark/sketches/4.png", 
                "source_images": [
                    "/home/laeroth/Downloads/benchmark/images/4/*.jpg"
                ], 
                "key": "set4"
            }, 
            {
                "query_image": "/home/laeroth/Downloads/benchmark/sketches/6.png", 
                "source_images": [
                    "/home/laeroth/Downloads/benchmark/images/6/*.jpg"
                ], 
                "key": "set6"
            }, 
            {
                "query_image": "/home/laeroth/Downloads/benchmark/sketches/7.png", 
                "source_images": [
                    "/home/laeroth/Downloads/benchmark/images/7/*.jpg"
                ], 
                "key": "set7"
            }, 
            {
                "query_image": "/home/laeroth/Downloads/benchmark/sketches/8.png", 
                "source_images": [
                    "/home/laeroth/Downloads/benchmark/images/8/*.jpg"
                ], 
                "key": "set8"
            }, 
            {
                "query_image": "/home/laeroth/Downloads/benchmark/sketches/9.png", 
                "source_images": [
                    "/home/laeroth/Downloads/benchmark/images/9/*.jpg"
                ], 
                "key": "set9"
            }, 
            {
                "query_image": "/home/laeroth/Downloads/benchmark/sketches/10.png", 
                "source_images": [
                    "/home/laeroth/Downloads/benchmark/images/10/*.jpg"
                ], 
                "key": "set10"
            }, 
            {
                "query_image": "/home/laeroth/Downloads/benchmark/sketches/11.png", 
                "source_images": [
                    "/home/laeroth/Downloads/benchmark/images/11/*.jpg"
                ], 
                "key": "set11"
            }, 
            {
                "query_image": "/home/laeroth/Downloads/benchmark/sketches/12.png", 
                "source_images": [
                    "/home/laeroth/Downloads/benchmark/images/12/*.jpg"
                ], 
                "key": "set12"
            }, 
            {
                "query_image": "/home/laeroth/Downloads/benchmark/sketches/13.png", 
                "source_images": [
                    "/home/laeroth/Downloads/benchmark/images/13/*.jpg"
                ], 
                "key": "set13"
            }, 
            {
                "query_image": "/home/laeroth/Downloads/benchmark/sketches/14.png", 
                "source_images": [
                    "/home/laeroth/Downloads/benchmark/images/14/*.jpg"
                ], 
                "key": "set14"
            }, 
            {
                "query_image": "/home/laeroth/Downloads/benchmark/sketches/20.png", 
                "source_images": [
                    "/home/laeroth/Downloads/benchmark/images/20/*.jpg"
                ], 
                "key": "set20"
            }, 
            {
                "query_image": "/home/laeroth/Downloads/benchmark/sketches/21.png", 
                "source_images": [
                    "/home/laeroth/Downloads/benchmark/images/21/*.jpg"
                ], 
                "key": "set21"
            }, 
            {
                "query_image": "/home/laeroth/Downloads/benchmark/sketches/23.png", 
                "source_images": [
                    "/home/laeroth/Downloads/benchmark/images/23/*.jpg"
                ], 
                "key": "set23"
            }, 
            {
                "query_image": "/home/laeroth/Downloads/benchmark/sketches/24.png",