{
    "duration": 62.853843, 
    "correlations": {
        "/home/laeroth/Downloads/benchmark/sketches/42.png": -0.081291405345388326, 
        "/home/laeroth/Downloads/benchmark/sketches/21.png": 0.069588553366665154, 
        "/home/laeroth/Downloads/benchmark/sketches/48.png": -0.19097171641422842, 
        "/home/laeroth/Downloads/benchmark/sketches/23.png": 0.070739915530744962, 
        "/home/laeroth/Downloads/benchmark/sketches/26.png": 0.12218712682583222, 
        "/home/laeroth/Downloads/benchmark/sketches/43.png": 0.10160824230779732, 
        "/home/laeroth/Downloads/benchmark/sketches/4.png": 0.09266439963809299, 
        "/home/laeroth/Downloads/benchmark/sketches/0.png": 0.22537254055163122, 
        "/home/laeroth/Downloads/benchmark/sketches/11.png": 0.12492077962004702, 
        "/home/laeroth/Downloads/benchmark/sketches/25.png": 0.050290982088018826, 
        "/home/laeroth/Downloads/benchmark/sketches/27.png": 0.23423598015970584, 
        "/home/laeroth/Downloads/benchmark/sketches/33.png": 0.057878112706973156, 
        "/home/laeroth/Downloads/benchmark/sketches/30.png": 0.091674358045440205, 
        "/home/laeroth/Downloads/benchmark/sketches/6.png": -0.10838854046051775, 
        "/home/laeroth/Downloads/benchmark/sketches/2.png": 0.046332391679941812, 
        "/home/laeroth/Downloads/benchmark/sketches/1.png": -0.0012878430888664642, 
        "/home/laeroth/Downloads/benchmark/sketches/38.png": 0.072259568372951291, 
        "/home/laeroth/Downloads/benchmark/sketches/9.png": 0.14571489681913147, 
        "/home/laeroth/Downloads/benchmark/sketches/14.png": 0.1682726309168496, 
        "/home/laeroth/Downloads/benchmark/sketches/13.png": 0.224791682522509, 
        "/home/laeroth/Downloads/benchmark/sketches/28.png": 0.13539879792928144, 
        "/home/laeroth/Downloads/benchmark/sketches/34.png": 0.2373316716591688, 
        "/home/laeroth/Downloads/benchmark/sketches/7.png": 0.22136587135972199, 
        "/home/laeroth/Downloads/benchmark/sketches/8.png": 0.28608627495184563, 
        "/home/laeroth/Downloads/benchmark/sketches/20.png": 0.064433845709875148, 
        "/home/laeroth/Downloads/benchmark/sketches/24.png": -0.17121789136489299, 
        "/home/laeroth/Downloads/benchmark/sketches/10.png": 0.21019051488069407, 
        "/home/laeroth/Downloads/benchmark/sketches/12.png": 0.12766172376189394, 
        "/home/laeroth/Downloads/benchmark/sketches/46.png": -0.067011199538270144, 
        "/home/laeroth/Downloads/benchmark/sketches/47.png": 0.061856491881480138, 
        "/home/laeroth/Downloads/benchmark/sketches/45.png": 0.18509058587668487
    }, 
    "config": {
        "features": {
            "extractor": "features.patch_means2", 
            "patch_size": 3, 
            "grid_size": 8
        }, 
        "curvelets": {
            "transform": "transforms.curvelet_strictangles", 
            "angles": 12, 
            "scales": 4
        }, 
        "readers": {
            "query": "readers.luma", 
            "image": "readers.segment"
        }, 
        "metric": {
            "metric": "metrics.l2"
        }, 
        "cache": {
            "reader_enabled": false, 
            "feature_enabled": true
        }, 
        "codebook": {
            "codebook_size": 1000, 
            "metric": "kmeans"
        }, 
        "weights": {
            "use_stopwords": false, 
            "use_weights": "weights.tfidf"
        }, 
        "images": [
            {
                "query_image": "/home/laeroth/Downloads/benchmark/sketches/0.png", 
                "source_images": [
                    "/home/laeroth/Documents/inf/dipl/repo/src/benchmark/image_contours/0/*.jpg"
                ], 
                "key": "set0"
            }, 
            {
                "query_image": "/home/laeroth/Downloads/benchmark/sketches/1.png", 
                "source_images": [
                    "/home/laeroth/Documents/inf/dipl/repo/src/benchmark/image_contours/1/*.jpg"
                ], 
                "key": "set1"
            }, 
            {
                "query_image": "/home/laeroth/Downloads/benchmark/sketches/2.png", 
                "source_images": [
                    "/home/laeroth/Documents/inf/dipl/repo/src/benchmark/image_contours/2/*.jpg"
                ], 
                "key": "set2"
            }, 
            {
                "query_image": "/home/laeroth/Downloads/benchmark/sketches/4.png", 
                "source_images": [
                    "/home/laeroth/Documents/inf/dipl/repo/src/benchmark/image_contours/4/*.jpg"
                ], 
                "key": "set4"
            }, 
            {
                "query_image": "/home/laeroth/Downloads/benchmark/sketches/6.png", 
                "source_images": [
                    "/home/laeroth/Documents/inf/dipl/repo/src/benchmark/image_contours/6/*.jpg"
                ], 
                "key": "set6"
            }, 
            {
                "query_image": "/home/laeroth/Downloads/benchmark/sketches/7.png", 
                "source_images": [
                    "/home/laeroth/Documents/inf/dipl/repo/src/benchmark/image_contours/7/*.jpg"
                ], 
                "key": "set7"
            }, 
            {
                "query_image": "/home/laeroth/Downloads/benchmark/sketches/8.png", 
                "source_images": [
                    "/home/laeroth/Documents/inf/dipl/repo/src/benchmark/image_contours/8/*.jpg"
                ], 
                "key": "set8"
            }, 
            {
                "query_image": "/home/laeroth/Downloads/benchmark/sketches/9.png", 
                "source_images": [
                    "/home/laeroth/Documents/inf/dipl/repo/src/benchmark/image_contours/9/*.jpg"
                ], 
                "key": "set9"
            }, 
            {
                "query_image": "/home/laeroth/Downloads/benchmark/sketches/10.png", 
                "source_images": [
                    "/home/laeroth/Documents/inf/dipl/repo/src/benchmark/image_contours/10/*.jpg"
                ], 
                "key": "set10"
            }, 
            {
                "query_image": "/home/laeroth/Downloads/benchmark/sketches/11.png", 
                "source_images": [
                    "/home/laeroth/Documents/inf/dipl/repo/src/benchmark/image_contours/11/*.jpg"
                ], 
                "key": "set11"
            }, 
            {
                "query_image": "/home/laeroth/Downloads/benchmark/sketches/12.png", 
                "source_images": [
                    "/home/laeroth/Documents/inf/dipl/repo/src/benchmark/image_contours/12/*.jpg"
                ], 
                "key": "set12"
            }, 
            {
                "query_image": "/home/laeroth/Downloads/benchmark/sketches/13.png", 
                "source_images": [
                    "/home/laeroth/Documents/inf/dipl/repo/src/benchmark/image_contours/13/*.jpg"
                ], 
                "key": "set13"
            }, 
            {
                "query_image": "/home/laeroth/Downloads/benchmark/sketches/14.png", 
                "source_images": [
                    "/home/laeroth/Documents/inf/dipl/repo/src/benchmark/image_contours/14/*.jpg"
                ], 
                "key": "set14"
            }, 
            {
                "query_image": "/home/laeroth/Downloads/benchmark/sketches/20.png", 
                "source_images": [
                    "/home/laeroth/Documents/inf/dipl/repo/src/benchmark/image_contours/20/*.jpg"
                ], 
                "key": "set20"
            }, 
            {
                "query_image": "/home/laeroth/Downloads/benchmark/sketches/21.png", 
                "source_images": [
                    "/home/laeroth/Documents/inf/dipl/repo/src/benchmark/image_contours/21/*.jpg"
                ],