{
    "duration": 68.477516, 
    "correlations": {
        "/home/laeroth/Downloads/benchmark/sketches/42.png": 0.023639397083290048, 
        "/home/laeroth/Downloads/benchmark/sketches/21.png": 0.10604048933513825, 
        "/home/laeroth/Downloads/benchmark/sketches/48.png": -0.01049926630737661, 
        "/home/laeroth/Downloads/benchmark/sketches/23.png": 0.41272605269831053, 
        "/home/laeroth/Downloads/benchmark/sketches/26.png": 0.41234573586866924, 
        "/home/laeroth/Downloads/benchmark/sketches/43.png": 0.16125328285643986, 
        "/home/laeroth/Downloads/benchmark/sketches/4.png": 0.38747471875000267, 
        "/home/laeroth/Downloads/benchmark/sketches/0.png": 0.20799192749310663, 
        "/home/laeroth/Downloads/benchmark/sketches/11.png": 0.49880337581822282, 
        "/home/laeroth/Downloads/benchmark/sketches/25.png": 0.2778462037512065, 
        "/home/laeroth/Downloads/benchmark/sketches/27.png": 0.49578713566615928, 
        "/home/laeroth/Downloads/benchmark/sketches/33.png": 0.019468210032939175, 
        "/home/laeroth/Downloads/benchmark/sketches/30.png": -0.010349427050353474, 
        "/home/laeroth/Downloads/benchmark/sketches/6.png": -0.022476039140258475, 
        "/home/laeroth/Downloads/benchmark/sketches/2.png": 0.16476629757489078, 
        "/home/laeroth/Downloads/benchmark/sketches/1.png": -0.006472493265150956, 
        "/home/laeroth/Downloads/benchmark/sketches/38.png": 0.03108818722730607, 
        "/home/laeroth/Downloads/benchmark/sketches/9.png": 0.40258914681550262, 
        "/home/laeroth/Downloads/benchmark/sketches/14.png": 0.17063673867832829, 
        "/home/laeroth/Downloads/benchmark/sketches/13.png": 0.50238592738917243, 
        "/home/laeroth/Downloads/benchmark/sketches/28.png": 0.35157031107779951, 
        "/home/laeroth/Downloads/benchmark/sketches/34.png": 0.22169125504874621, 
        "/home/laeroth/Downloads/benchmark/sketches/7.png": 0.32262433828634945, 
        "/home/laeroth/Downloads/benchmark/sketches/8.png": -0.011695968159027412, 
        "/home/laeroth/Downloads/benchmark/sketches/20.png": 0.15697289074626011, 
        "/home/laeroth/Downloads/benchmark/sketches/24.png": -0.028470343247848296, 
        "/home/laeroth/Downloads/benchmark/sketches/10.png": 0.12543246250956747, 
        "/home/laeroth/Downloads/benchmark/sketches/12.png": -0.049806145364073053, 
        "/home/laeroth/Downloads/benchmark/sketches/46.png": 0.25851885115108203, 
        "/home/laeroth/Downloads/benchmark/sketches/47.png": 0.10779257140412617, 
        "/home/laeroth/Downloads/benchmark/sketches/45.png": 0.11216883395680266
    }, 
    "config": {
        "features": {
            "extractor": "features.patch_means", 
            "patch_size": 3, 
            "grid_size": 8
        }, 
        "curvelets": {
            "transform": "transforms.curvelet_strictangles", 
            "angles": 12, 
            "scales": 4
        }, 
        "readers": {
            "query": "readers.luma", 
            "image": "readers.sobel"
        }, 
        "metric": {
            "metric": "metrics.histogram_intersection_binary"
        }, 
        "cache": {
            "reader_enabled": false, 
            "reader_path": "/media/data0/unsorted/caches", 
            "feature_enabled": true
        }, 
        "codebook": {
            "codebook_size": 1000, 
            "metric": "kmeans"
        }, 
        "weights": {
            "use_stopwords": false, 
            "use_weights": "weights.tfidf"
        }, 
        "images": [
            {
                "query_image": "/home/laeroth/Downloads/benchmark/sketches/0.png", 
                "source_images": [
                    "/home/laeroth/Downloads/benchmark/images/0/*.jpg"
                ], 
                "key": "set0"
            }, 
            {
                "query_image": "/home/laeroth/Downloads/benchmark/sketches/1.png", 
                "source_images": [
                    "/home/laeroth/Downloads/benchmark/images/1/*.jpg"
                ], 
                "key": "set1"
            }, 
            {
                "query_image": "/home/laeroth/Downloads/benchmark/sketches/2.png", 
                "source_images": [
                    "/home/laeroth/Downloads/benchmark/images/2/*.jpg"
                ], 
                "key": "set2"
            }, 
            {
                "query_image": "/home/laeroth/Downloads/benchmark/sketches/4.png", 
                "source_images": [
                    "/home/laeroth/Downloads/benchmark/images/4/*.jpg"
                ], 
                "key": "set4"
            }, 
            {
                "query_image": "/home/laeroth/Downloads/benchmark/sketches/6.png", 
                "source_images": [
                    "/home/laeroth/Downloads/benchmark/images/6/*.jpg"
                ], 
                "key": "set6"
            }, 
            {
                "query_image": "/home/laeroth/Downloads/benchmark/sketches/7.png", 
                "source_images": [
                    "/home/laeroth/Downloads/benchmark/images/7/*.jpg"
                ], 
                "key": "set7"
            }, 
            {
                "query_image": "/home/laeroth/Downloads/benchmark/sketches/8.png", 
                "source_images": [
                    "/home/laeroth/Downloads/benchmark/images/8/*.jpg"
                ], 
                "key": "set8"
            }, 
            {
                "query_image": "/home/laeroth/Downloads/benchmark/sketches/9.png", 
                "source_images": [
                    "/home/laeroth/Downloads/benchmark/images/9/*.jpg"
                ], 
                "key": "set9"
            }, 
            {
                "query_image": "/home/laeroth/Downloads/benchmark/sketches/10.png", 
                "source_images": [
                    "/home/laeroth/Downloads/benchmark/images/10/*.jpg"
                ], 
                "key": "set10"
            }, 
            {
                "query_image": "/home/laeroth/Downloads/benchmark/sketches/11.png", 
                "source_images": [
                    "/home/laeroth/Downloads/benchmark/images/11/*.jpg"
                ], 
                "key": "set11"
            }, 
            {
                "query_image": "/home/laeroth/Downloads/benchmark/sketches/12.png", 
                "source_images": [
                    "/home/laeroth/Downloads/benchmark/images/12/*.jpg"
                ], 
                "key": "set12"
            }, 
            {
                "query_image": "/home/laeroth/Downloads/benchmark/sketches/13.png", 
                "source_images": [
                    "/home/laeroth/Downloads/benchmark/images/13/*.jpg"
                ], 
                "key": "set13"
            }, 
            {
                "query_image": "/home/laeroth/Downloads/benchmark/sketches/14.png", 
                "source_images": [
                    "/home/laeroth/Downloads/benchmark/images/14/*.jpg"
                ], 
                "key": "set14"
            }, 
            {
                "query_image": "/home/laeroth/Downloads/benchmark/sketches/20.png", 
                "source_images": [
                    "/home/laeroth/Downloads/benchmark/images/20/*.jpg"
                ], 
                "key": "set20"
            }, 
            {
                "query_image": "/home/laeroth/Downloads/benchmark/sketches/21.png", 
                "source_images": [
                    "/home/laeroth/Downloads/benchmark/images/21/*.jpg"
                ], 
                "key": "set21"
            }, 
            {
                "query_image": "/home/laeroth/Downloads/benchmark/sketches/23.png", 
                "source_images": [
                    "/home/laeroth/Downloads/benchmark/images/23/*.jpg"
                ], 
                "key": "set23"
            }, 
            {
                "query_image": "/home/laeroth/Downloads/benchmark/sketches/24.png",