{
    "duration": 69.35788, 
    "correlations": {
        "/home/laeroth/Downloads/benchmark/sketches/42.png": -0.058065289532420232, 
        "/home/laeroth/Downloads/benchmark/sketches/21.png": 0.061856491881480138, 
        "/home/laeroth/Downloads/benchmark/sketches/48.png": -0.12645424465266475, 
        "/home/laeroth/Downloads/benchmark/sketches/23.png": -0.12218712682583222, 
        "/home/laeroth/Downloads/benchmark/sketches/26.png": 0.050161031012710064, 
        "/home/laeroth/Downloads/benchmark/sketches/43.png": -0.091318800048779861, 
        "/home/laeroth/Downloads/benchmark/sketches/4.png": 0.24967907680263945, 
        "/home/laeroth/Downloads/benchmark/sketches/0.png": 0.11204234873138239, 
        "/home/laeroth/Downloads/benchmark/sketches/11.png": -0.011590587799798177, 
        "/home/laeroth/Downloads/benchmark/sketches/25.png": 0.027079759585856289, 
        "/home/laeroth/Downloads/benchmark/sketches/27.png": 0.090090761599886854, 
        "/home/laeroth/Downloads/benchmark/sketches/33.png": 0.1787790592504282, 
        "/home/laeroth/Downloads/benchmark/sketches/30.png": -0.0090383169903955132, 
        "/home/laeroth/Downloads/benchmark/sketches/6.png": -0.27355203068606865, 
        "/home/laeroth/Downloads/benchmark/sketches/2.png": 0.061776522239922416, 
        "/home/laeroth/Downloads/benchmark/sketches/1.png": 0.027044704866195746, 
        "/home/laeroth/Downloads/benchmark/sketches/38.png": 0.17032612545052805, 
        "/home/laeroth/Downloads/benchmark/sketches/9.png": 0.094134402369881395, 
        "/home/laeroth/Downloads/benchmark/sketches/14.png": 0.20167025232019378, 
        "/home/laeroth/Downloads/benchmark/sketches/13.png": 0.19910120451993654, 
        "/home/laeroth/Downloads/benchmark/sketches/28.png": 0.09155537764741889, 
        "/home/laeroth/Downloads/benchmark/sketches/34.png": 0.18858246342647467, 
        "/home/laeroth/Downloads/benchmark/sketches/7.png": -0.12870108799983837, 
        "/home/laeroth/Downloads/benchmark/sketches/8.png": -0.079897968680245179, 
        "/home/laeroth/Downloads/benchmark/sketches/20.png": 0.0463923689111101, 
        "/home/laeroth/Downloads/benchmark/sketches/24.png": -0.16084104946399039, 
        "/home/laeroth/Downloads/benchmark/sketches/10.png": 0.20245344071330656, 
        "/home/laeroth/Downloads/benchmark/sketches/12.png": 0.12508269903943145, 
        "/home/laeroth/Downloads/benchmark/sketches/46.png": -0.12629033759135527, 
        "/home/laeroth/Downloads/benchmark/sketches/47.png": -0.051547076567900113, 
        "/home/laeroth/Downloads/benchmark/sketches/45.png": 0.002570702581620623
    }, 
    "config": {
        "features": {
            "extractor": "features.patch_means", 
            "patch_size": 3, 
            "grid_size": 8
        }, 
        "curvelets": {
            "transform": "transforms.curvelet_strictangles", 
            "angles": 12, 
            "scales": 4
        }, 
        "readers": {
            "query": "readers.luma", 
            "image": "readers.segment"
        }, 
        "metric": {
            "metric": "metrics.l2"
        }, 
        "cache": {
            "reader_enabled": false, 
            "feature_enabled": true
        }, 
        "codebook": {
            "codebook_size": 1000, 
            "metric": "kmeans"
        }, 
        "weights": {
            "use_stopwords": false, 
            "use_weights": "weights.tfidf"
        }, 
        "images": [
            {
                "query_image": "/home/laeroth/Downloads/benchmark/sketches/0.png", 
                "source_images": [
                    "/home/laeroth/Documents/inf/dipl/repo/src/benchmark/image_contours/0/*.jpg"
                ], 
                "key": "set0"
            }, 
            {
                "query_image": "/home/laeroth/Downloads/benchmark/sketches/1.png", 
                "source_images": [
                    "/home/laeroth/Documents/inf/dipl/repo/src/benchmark/image_contours/1/*.jpg"
                ], 
                "key": "set1"
            }, 
            {
                "query_image": "/home/laeroth/Downloads/benchmark/sketches/2.png", 
                "source_images": [
                    "/home/laeroth/Documents/inf/dipl/repo/src/benchmark/image_contours/2/*.jpg"
                ], 
                "key": "set2"
            }, 
            {
                "query_image": "/home/laeroth/Downloads/benchmark/sketches/4.png", 
                "source_images": [
                    "/home/laeroth/Documents/inf/dipl/repo/src/benchmark/image_contours/4/*.jpg"
                ], 
                "key": "set4"
            }, 
            {
                "query_image": "/home/laeroth/Downloads/benchmark/sketches/6.png", 
                "source_images": [
                    "/home/laeroth/Documents/inf/dipl/repo/src/benchmark/image_contours/6/*.jpg"
                ], 
                "key": "set6"
            }, 
            {
                "query_image": "/home/laeroth/Downloads/benchmark/sketches/7.png", 
                "source_images": [
                    "/home/laeroth/Documents/inf/dipl/repo/src/benchmark/image_contours/7/*.jpg"
                ], 
                "key": "set7"
            }, 
            {
                "query_image": "/home/laeroth/Downloads/benchmark/sketches/8.png", 
                "source_images": [
                    "/home/laeroth/Documents/inf/dipl/repo/src/benchmark/image_contours/8/*.jpg"
                ], 
                "key": "set8"
            }, 
            {
                "query_image": "/home/laeroth/Downloads/benchmark/sketches/9.png", 
                "source_images": [
                    "/home/laeroth/Documents/inf/dipl/repo/src/benchmark/image_contours/9/*.jpg"
                ], 
                "key": "set9"
            }, 
            {
                "query_image": "/home/laeroth/Downloads/benchmark/sketches/10.png", 
                "source_images": [
                    "/home/laeroth/Documents/inf/dipl/repo/src/benchmark/image_contours/10/*.jpg"
                ], 
                "key": "set10"
            }, 
            {
                "query_image": "/home/laeroth/Downloads/benchmark/sketches/11.png", 
                "source_images": [
                    "/home/laeroth/Documents/inf/dipl/repo/src/benchmark/image_contours/11/*.jpg"
                ], 
                "key": "set11"
            }, 
            {
                "query_image": "/home/laeroth/Downloads/benchmark/sketches/12.png", 
                "source_images": [
                    "/home/laeroth/Documents/inf/dipl/repo/src/benchmark/image_contours/12/*.jpg"
                ], 
                "key": "set12"
            }, 
            {
                "query_image": "/home/laeroth/Downloads/benchmark/sketches/13.png", 
                "source_images": [
                    "/home/laeroth/Documents/inf/dipl/repo/src/benchmark/image_contours/13/*.jpg"
                ], 
                "key": "set13"
            }, 
            {
                "query_image": "/home/laeroth/Downloads/benchmark/sketches/14.png", 
                "source_images": [
                    "/home/laeroth/Documents/inf/dipl/repo/src/benchmark/image_contours/14/*.jpg"
                ], 
                "key": "set14"
            }, 
            {
                "query_image": "/home/laeroth/Downloads/benchmark/sketches/20.png", 
                "source_images": [
                    "/home/laeroth/Documents/inf/dipl/repo/src/benchmark/image_contours/20/*.jpg"
                ], 
                "key": "set20"
            }, 
            {
                "query_image": "/home/laeroth/Downloads/benchmark/sketches/21.png", 
                "source_images": [
                    "/home/laeroth/Documents/inf/dipl/repo/src/benchmark/image_contours/21/*.jpg"
                ],