{
    "duration": 56.758446, 
    "correlations": {
        "/home/laeroth/Downloads/benchmark/sketches/42.png": -0.02420919575727417, 
        "/home/laeroth/Downloads/benchmark/sketches/21.png": 0.27530819479074531, 
        "/home/laeroth/Downloads/benchmark/sketches/48.png": 0.11028241495363138, 
        "/home/laeroth/Downloads/benchmark/sketches/23.png": 0.42682751626185789, 
        "/home/laeroth/Downloads/benchmark/sketches/26.png": 0.2127045264346675, 
        "/home/laeroth/Downloads/benchmark/sketches/43.png": -0.019948131469903881, 
        "/home/laeroth/Downloads/benchmark/sketches/4.png": 0.17181092880751128, 
        "/home/laeroth/Downloads/benchmark/sketches/0.png": 0.21840293310915815, 
        "/home/laeroth/Downloads/benchmark/sketches/11.png": 0.4020385276175501, 
        "/home/laeroth/Downloads/benchmark/sketches/25.png": 0.3284993194109192, 
        "/home/laeroth/Downloads/benchmark/sketches/27.png": 0.38102173286797864, 
        "/home/laeroth/Downloads/benchmark/sketches/33.png": -0.12611651891836387, 
        "/home/laeroth/Downloads/benchmark/sketches/30.png": 0.11886480482948394, 
        "/home/laeroth/Downloads/benchmark/sketches/6.png": -0.048175017368750968, 
        "/home/laeroth/Downloads/benchmark/sketches/2.png": 0.2841219211223911, 
        "/home/laeroth/Downloads/benchmark/sketches/1.png": -0.0096621417796067047, 
        "/home/laeroth/Downloads/benchmark/sketches/38.png": 0.17688152554516073, 
        "/home/laeroth/Downloads/benchmark/sketches/9.png": 0.26144917449849259, 
        "/home/laeroth/Downloads/benchmark/sketches/14.png": 0.10337513548339088, 
        "/home/laeroth/Downloads/benchmark/sketches/13.png": 0.27184568936473341, 
        "/home/laeroth/Downloads/benchmark/sketches/28.png": 0.19820656193826572, 
        "/home/laeroth/Downloads/benchmark/sketches/34.png": 0.060507941249184849, 
        "/home/laeroth/Downloads/benchmark/sketches/7.png": 0.37354626495751825, 
        "/home/laeroth/Downloads/benchmark/sketches/8.png": 0.2703813244402441, 
        "/home/laeroth/Downloads/benchmark/sketches/20.png": 0.105790877889162, 
        "/home/laeroth/Downloads/benchmark/sketches/24.png": -0.046955995579288416, 
        "/home/laeroth/Downloads/benchmark/sketches/10.png": 0.33176860835038635, 
        "/home/laeroth/Downloads/benchmark/sketches/12.png": 0.082509193516256213, 
        "/home/laeroth/Downloads/benchmark/sketches/46.png": 0.23700319285697288, 
        "/home/laeroth/Downloads/benchmark/sketches/47.png": 0.29455976262011457, 
        "/home/laeroth/Downloads/benchmark/sketches/45.png": 0.078680761343165581
    }, 
    "config": {
        "features": {
            "extractor": "features.patch_means", 
            "patch_size": 2, 
            "grid_size": 5
        }, 
        "curvelets": {
            "transform": "transforms.curvelet_strictangles", 
            "angles": 12, 
            "scales": 4
        }, 
        "readers": {
            "query": "readers.luma", 
            "image": "readers.canny", 
            "canny_sigma": 1.5
        }, 
        "metric": {
            "metric": "metrics.histogram_intersection"
        }, 
        "cache": {
            "reader_enabled": true, 
            "reader_path": "/media/data0/unsorted/caches", 
            "feature_enabled": true
        }, 
        "codebook": {
            "codebook_size": 1000, 
            "metric": "kmeans"
        }, 
        "weights": {
            "use_stopwords": false, 
            "use_weights": "weights.tfidf"
        }, 
        "images": [
            {
                "query_image": "/home/laeroth/Downloads/benchmark/sketches/0.png", 
                "source_images": [
                    "/home/laeroth/Downloads/benchmark/images/0/*.jpg"
                ], 
                "key": "set0"
            }, 
            {
                "query_image": "/home/laeroth/Downloads/benchmark/sketches/1.png", 
                "source_images": [
                    "/home/laeroth/Downloads/benchmark/images/1/*.jpg"
                ], 
                "key": "set1"
            }, 
            {
                "query_image": "/home/laeroth/Downloads/benchmark/sketches/2.png", 
                "source_images": [
                    "/home/laeroth/Downloads/benchmark/images/2/*.jpg"
                ], 
                "key": "set2"
            }, 
            {
                "query_image": "/home/laeroth/Downloads/benchmark/sketches/4.png", 
                "source_images": [
                    "/home/laeroth/Downloads/benchmark/images/4/*.jpg"
                ], 
                "key": "set4"
            }, 
            {
                "query_image": "/home/laeroth/Downloads/benchmark/sketches/6.png", 
                "source_images": [
                    "/home/laeroth/Downloads/benchmark/images/6/*.jpg"
                ], 
                "key": "set6"
            }, 
            {
                "query_image": "/home/laeroth/Downloads/benchmark/sketches/7.png", 
                "source_images": [
                    "/home/laeroth/Downloads/benchmark/images/7/*.jpg"
                ], 
                "key": "set7"
            }, 
            {
                "query_image": "/home/laeroth/Downloads/benchmark/sketches/8.png", 
                "source_images": [
                    "/home/laeroth/Downloads/benchmark/images/8/*.jpg"
                ], 
                "key": "set8"
            }, 
            {
                "query_image": "/home/laeroth/Downloads/benchmark/sketches/9.png", 
                "source_images": [
                    "/home/laeroth/Downloads/benchmark/images/9/*.jpg"
                ], 
                "key": "set9"
            }, 
            {
                "query_image": "/home/laeroth/Downloads/benchmark/sketches/10.png", 
                "source_images": [
                    "/home/laeroth/Downloads/benchmark/images/10/*.jpg"
                ], 
                "key": "set10"
            }, 
            {
                "query_image": "/home/laeroth/Downloads/benchmark/sketches/11.png", 
                "source_images": [
                    "/home/laeroth/Downloads/benchmark/images/11/*.jpg"
                ], 
                "key": "set11"
            }, 
            {
                "query_image": "/home/laeroth/Downloads/benchmark/sketches/12.png", 
                "source_images": [
                    "/home/laeroth/Downloads/benchmark/images/12/*.jpg"
                ], 
                "key": "set12"
            }, 
            {
                "query_image": "/home/laeroth/Downloads/benchmark/sketches/13.png", 
                "source_images": [
                    "/home/laeroth/Downloads/benchmark/images/13/*.jpg"
                ], 
                "key": "set13"
            }, 
            {
                "query_image": "/home/laeroth/Downloads/benchmark/sketches/14.png", 
                "source_images": [
                    "/home/laeroth/Downloads/benchmark/images/14/*.jpg"
                ], 
                "key": "set14"
            }, 
            {
                "query_image": "/home/laeroth/Downloads/benchmark/sketches/20.png", 
                "source_images": [
                    "/home/laeroth/Downloads/benchmark/images/20/*.jpg"
                ], 
                "key": "set20"
            }, 
            {
                "query_image": "/home/laeroth/Downloads/benchmark/sketches/21.png", 
                "source_images": [
                    "/home/laeroth/Downloads/benchmark/images/21/*.jpg"
                ], 
                "key": "set21"
            }, 
            {
                "query_image": "/home/laeroth/Downloads/benchmark/sketches/23.png", 
                "source_images": [
                    "/home/laeroth/Downloads/benchmark/images/23/*.jpg"
                ],