{
    "duration": 68.816263, 
    "correlations": {
        "/home/laeroth/Downloads/benchmark/sketches/42.png": -0.1812526121296183, 
        "/home/laeroth/Downloads/benchmark/sketches/21.png": 0.13144504524814529, 
        "/home/laeroth/Downloads/benchmark/sketches/48.png": 0.16279287160839148, 
        "/home/laeroth/Downloads/benchmark/sketches/23.png": 0.26666806311601976, 
        "/home/laeroth/Downloads/benchmark/sketches/26.png": 0.35030337181737925, 
        "/home/laeroth/Downloads/benchmark/sketches/43.png": 0.25482709900475575, 
        "/home/laeroth/Downloads/benchmark/sketches/4.png": 0.31266175966145365, 
        "/home/laeroth/Downloads/benchmark/sketches/0.png": 0.22049360826046371, 
        "/home/laeroth/Downloads/benchmark/sketches/11.png": 0.37879775205546024, 
        "/home/laeroth/Downloads/benchmark/sketches/25.png": 0.40671816201036998, 
        "/home/laeroth/Downloads/benchmark/sketches/27.png": 0.24597680608955527, 
        "/home/laeroth/Downloads/benchmark/sketches/33.png": 0.15201373411902869, 
        "/home/laeroth/Downloads/benchmark/sketches/30.png": -0.075422626788036379, 
        "/home/laeroth/Downloads/benchmark/sketches/6.png": 0.056927931874957989, 
        "/home/laeroth/Downloads/benchmark/sketches/2.png": 0.11111111111111108, 
        "/home/laeroth/Downloads/benchmark/sketches/1.png": 0.10689097637591653, 
        "/home/laeroth/Downloads/benchmark/sketches/38.png": 0.20028453958902773, 
        "/home/laeroth/Downloads/benchmark/sketches/9.png": 0.18299809174329346, 
        "/home/laeroth/Downloads/benchmark/sketches/14.png": 0.2580653754532532, 
        "/home/laeroth/Downloads/benchmark/sketches/13.png": 0.47529305357121715, 
        "/home/laeroth/Downloads/benchmark/sketches/28.png": 0.38243181324176423, 
        "/home/laeroth/Downloads/benchmark/sketches/34.png": 0.0064391834054857407, 
        "/home/laeroth/Downloads/benchmark/sketches/7.png": 0.38242894056847532, 
        "/home/laeroth/Downloads/benchmark/sketches/8.png": 0.1747573181590758, 
        "/home/laeroth/Downloads/benchmark/sketches/20.png": 0.099676396283324711, 
        "/home/laeroth/Downloads/benchmark/sketches/24.png": -0.057479372844511697, 
        "/home/laeroth/Downloads/benchmark/sketches/10.png": 0.42330176887956977, 
        "/home/laeroth/Downloads/benchmark/sketches/12.png": 0.042608569353467331, 
        "/home/laeroth/Downloads/benchmark/sketches/46.png": 0.13229583112191687, 
        "/home/laeroth/Downloads/benchmark/sketches/47.png": 0.12766087464519507, 
        "/home/laeroth/Downloads/benchmark/sketches/45.png": -0.025773195876288651
    }, 
    "config": {
        "features": {
            "extractor": "features.patch_means", 
            "patch_size": 2, 
            "grid_size": 8
        }, 
        "curvelets": {
            "transform": "transforms.curvelet_strictangles", 
            "angles": 12, 
            "scales": 4
        }, 
        "readers": {
            "query": "readers.luma", 
            "image": "readers.canny", 
            "canny_sigma": 1.5
        }, 
        "metric": {
            "metric": "metrics.histogram_intersection"
        }, 
        "cache": {
            "reader_enabled": true, 
            "reader_path": "/media/data0/unsorted/caches", 
            "feature_enabled": true
        }, 
        "codebook": {
            "codebook_size": 1000, 
            "metric": "kmeans"
        }, 
        "weights": {
            "use_stopwords": false, 
            "use_weights": "weights.tfidf"
        }, 
        "images": [
            {
                "query_image": "/home/laeroth/Downloads/benchmark/sketches/0.png", 
                "source_images": [
                    "/home/laeroth/Downloads/benchmark/images/0/*.jpg"
                ], 
                "key": "set0"
            }, 
            {
                "query_image": "/home/laeroth/Downloads/benchmark/sketches/1.png", 
                "source_images": [
                    "/home/laeroth/Downloads/benchmark/images/1/*.jpg"
                ], 
                "key": "set1"
            }, 
            {
                "query_image": "/home/laeroth/Downloads/benchmark/sketches/2.png", 
                "source_images": [
                    "/home/laeroth/Downloads/benchmark/images/2/*.jpg"
                ], 
                "key": "set2"
            }, 
            {
                "query_image": "/home/laeroth/Downloads/benchmark/sketches/4.png", 
                "source_images": [
                    "/home/laeroth/Downloads/benchmark/images/4/*.jpg"
                ], 
                "key": "set4"
            }, 
            {
                "query_image": "/home/laeroth/Downloads/benchmark/sketches/6.png", 
                "source_images": [
                    "/home/laeroth/Downloads/benchmark/images/6/*.jpg"
                ], 
                "key": "set6"
            }, 
            {
                "query_image": "/home/laeroth/Downloads/benchmark/sketches/7.png", 
                "source_images": [
                    "/home/laeroth/Downloads/benchmark/images/7/*.jpg"
                ], 
                "key": "set7"
            }, 
            {
                "query_image": "/home/laeroth/Downloads/benchmark/sketches/8.png", 
                "source_images": [
                    "/home/laeroth/Downloads/benchmark/images/8/*.jpg"
                ], 
                "key": "set8"
            }, 
            {
                "query_image": "/home/laeroth/Downloads/benchmark/sketches/9.png", 
                "source_images": [
                    "/home/laeroth/Downloads/benchmark/images/9/*.jpg"
                ], 
                "key": "set9"
            }, 
            {
                "query_image": "/home/laeroth/Downloads/benchmark/sketches/10.png", 
                "source_images": [
                    "/home/laeroth/Downloads/benchmark/images/10/*.jpg"
                ], 
                "key": "set10"
            }, 
            {
                "query_image": "/home/laeroth/Downloads/benchmark/sketches/11.png", 
                "source_images": [
                    "/home/laeroth/Downloads/benchmark/images/11/*.jpg"
                ], 
                "key": "set11"
            }, 
            {
                "query_image": "/home/laeroth/Downloads/benchmark/sketches/12.png", 
                "source_images": [
                    "/home/laeroth/Downloads/benchmark/images/12/*.jpg"
                ], 
                "key": "set12"
            }, 
            {
                "query_image": "/home/laeroth/Downloads/benchmark/sketches/13.png", 
                "source_images": [
                    "/home/laeroth/Downloads/benchmark/images/13/*.jpg"
                ], 
                "key": "set13"
            }, 
            {
                "query_image": "/home/laeroth/Downloads/benchmark/sketches/14.png", 
                "source_images": [
                    "/home/laeroth/Downloads/benchmark/images/14/*.jpg"
                ], 
                "key": "set14"
            }, 
            {
                "query_image": "/home/laeroth/Downloads/benchmark/sketches/20.png", 
                "source_images": [
                    "/home/laeroth/Downloads/benchmark/images/20/*.jpg"
                ], 
                "key": "set20"
            }, 
            {
                "query_image": "/home/laeroth/Downloads/benchmark/sketches/21.png", 
                "source_images": [
                    "/home/laeroth/Downloads/benchmark/images/21/*.jpg"
                ], 
                "key": "set21"
            }, 
            {
                "query_image": "/home/laeroth/Downloads/benchmark/sketches/23.png", 
                "source_images": [
                    "/home/laeroth/Downloads/benchmark/images/23/*.jpg"
                ],