{
    "duration": 68.475171, 
    "correlations": {
        "/home/laeroth/Downloads/benchmark/sketches/42.png": -0.10719512289064037, 
        "/home/laeroth/Downloads/benchmark/sketches/21.png": 0.17374891563811021, 
        "/home/laeroth/Downloads/benchmark/sketches/48.png": 0.10213420654061926, 
        "/home/laeroth/Downloads/benchmark/sketches/23.png": 0.36742346141747673, 
        "/home/laeroth/Downloads/benchmark/sketches/26.png": 0.30474270292811056, 
        "/home/laeroth/Downloads/benchmark/sketches/43.png": 0.29467052709355213, 
        "/home/laeroth/Downloads/benchmark/sketches/4.png": 0.30791195339633076, 
        "/home/laeroth/Downloads/benchmark/sketches/0.png": 0.3054957849651283, 
        "/home/laeroth/Downloads/benchmark/sketches/11.png": 0.41792705001086872, 
        "/home/laeroth/Downloads/benchmark/sketches/25.png": 0.34772311352437429, 
        "/home/laeroth/Downloads/benchmark/sketches/27.png": 0.29635584064141124, 
        "/home/laeroth/Downloads/benchmark/sketches/33.png": 0.13960414836189575, 
        "/home/laeroth/Downloads/benchmark/sketches/30.png": 0.034739793955281165, 
        "/home/laeroth/Downloads/benchmark/sketches/6.png": 0.029131453725122762, 
        "/home/laeroth/Downloads/benchmark/sketches/2.png": 0.23997412951556304, 
        "/home/laeroth/Downloads/benchmark/sketches/1.png": -0.025773388478918972, 
        "/home/laeroth/Downloads/benchmark/sketches/38.png": 0.25244928150153201, 
        "/home/laeroth/Downloads/benchmark/sketches/9.png": 0.25814345400625821, 
        "/home/laeroth/Downloads/benchmark/sketches/14.png": 0.11381508391339766, 
        "/home/laeroth/Downloads/benchmark/sketches/13.png": 0.5076803188290866, 
        "/home/laeroth/Downloads/benchmark/sketches/28.png": 0.30999275305186019, 
        "/home/laeroth/Downloads/benchmark/sketches/34.png": 0.090483872806725457, 
        "/home/laeroth/Downloads/benchmark/sketches/7.png": 0.44041598572016932, 
        "/home/laeroth/Downloads/benchmark/sketches/8.png": 0.10505845412622811, 
        "/home/laeroth/Downloads/benchmark/sketches/20.png": 0.061399992744294585, 
        "/home/laeroth/Downloads/benchmark/sketches/24.png": -0.090833952266944559, 
        "/home/laeroth/Downloads/benchmark/sketches/10.png": 0.43007858778014713, 
        "/home/laeroth/Downloads/benchmark/sketches/12.png": 0.050485532068205573, 
        "/home/laeroth/Downloads/benchmark/sketches/46.png": 0.17549167656039996, 
        "/home/laeroth/Downloads/benchmark/sketches/47.png": 0.25919026064327483, 
        "/home/laeroth/Downloads/benchmark/sketches/45.png": 0.10734308472018593
    }, 
    "config": {
        "features": {
            "extractor": "features.patch_means", 
            "patch_size": 3, 
            "grid_size": 8
        }, 
        "curvelets": {
            "transform": "transforms.curvelet_strictangles", 
            "angles": 12, 
            "scales": 4
        }, 
        "readers": {
            "query": "readers.luma", 
            "image": "readers.canny", 
            "canny_sigma": 1.5
        }, 
        "metric": {
            "metric": "metrics.cosine"
        }, 
        "cache": {
            "reader_enabled": true, 
            "reader_path": "/media/data0/unsorted/caches", 
            "feature_enabled": true
        }, 
        "codebook": {
            "codebook_size": 1000, 
            "metric": "kmeans"
        }, 
        "weights": {
            "use_stopwords": false, 
            "use_weights": "weights.tfidf"
        }, 
        "images": [
            {
                "query_image": "/home/laeroth/Downloads/benchmark/sketches/0.png", 
                "source_images": [
                    "/home/laeroth/Downloads/benchmark/images/0/*.jpg"
                ], 
                "key": "set0"
            }, 
            {
                "query_image": "/home/laeroth/Downloads/benchmark/sketches/1.png", 
                "source_images": [
                    "/home/laeroth/Downloads/benchmark/images/1/*.jpg"
                ], 
                "key": "set1"
            }, 
            {
                "query_image": "/home/laeroth/Downloads/benchmark/sketches/2.png", 
                "source_images": [
                    "/home/laeroth/Downloads/benchmark/images/2/*.jpg"
                ], 
                "key": "set2"
            }, 
            {
                "query_image": "/home/laeroth/Downloads/benchmark/sketches/4.png", 
                "source_images": [
                    "/home/laeroth/Downloads/benchmark/images/4/*.jpg"
                ], 
                "key": "set4"
            }, 
            {
                "query_image": "/home/laeroth/Downloads/benchmark/sketches/6.png", 
                "source_images": [
                    "/home/laeroth/Downloads/benchmark/images/6/*.jpg"
                ], 
                "key": "set6"
            }, 
            {
                "query_image": "/home/laeroth/Downloads/benchmark/sketches/7.png", 
                "source_images": [
                    "/home/laeroth/Downloads/benchmark/images/7/*.jpg"
                ], 
                "key": "set7"
            }, 
            {
                "query_image": "/home/laeroth/Downloads/benchmark/sketches/8.png", 
                "source_images": [
                    "/home/laeroth/Downloads/benchmark/images/8/*.jpg"
                ], 
                "key": "set8"
            }, 
            {
                "query_image": "/home/laeroth/Downloads/benchmark/sketches/9.png", 
                "source_images": [
                    "/home/laeroth/Downloads/benchmark/images/9/*.jpg"
                ], 
                "key": "set9"
            }, 
            {
                "query_image": "/home/laeroth/Downloads/benchmark/sketches/10.png", 
                "source_images": [
                    "/home/laeroth/Downloads/benchmark/images/10/*.jpg"
                ], 
                "key": "set10"
            }, 
            {
                "query_image": "/home/laeroth/Downloads/benchmark/sketches/11.png", 
                "source_images": [
                    "/home/laeroth/Downloads/benchmark/images/11/*.jpg"
                ], 
                "key": "set11"
            }, 
            {
                "query_image": "/home/laeroth/Downloads/benchmark/sketches/12.png", 
                "source_images": [
                    "/home/laeroth/Downloads/benchmark/images/12/*.jpg"
                ], 
                "key": "set12"
            }, 
            {
                "query_image": "/home/laeroth/Downloads/benchmark/sketches/13.png", 
                "source_images": [
                    "/home/laeroth/Downloads/benchmark/images/13/*.jpg"
                ], 
                "key": "set13"
            }, 
            {
                "query_image": "/home/laeroth/Downloads/benchmark/sketches/14.png", 
                "source_images": [
                    "/home/laeroth/Downloads/benchmark/images/14/*.jpg"
                ], 
                "key": "set14"
            }, 
            {
                "query_image": "/home/laeroth/Downloads/benchmark/sketches/20.png", 
                "source_images": [
                    "/home/laeroth/Downloads/benchmark/images/20/*.jpg"
                ], 
                "key": "set20"
            }, 
            {
                "query_image": "/home/laeroth/Downloads/benchmark/sketches/21.png", 
                "source_images": [
                    "/home/laeroth/Downloads/benchmark/images/21/*.jpg"
                ], 
                "key": "set21"
            }, 
            {
                "query_image": "/home/laeroth/Downloads/benchmark/sketches/23.png", 
                "source_images": [
                    "/home/laeroth/Downloads/benchmark/images/23/*.jpg"
                ], 
                "key": "set23"
            }, 
            {
                "query_image": "/home/laeroth/Downloads/benchmark/sketches/24.png",