{
    "duration": 76.23735, 
    "correlations": {
        "/home/laeroth/Downloads/benchmark/sketches/42.png": -0.037419853254226372, 
        "/home/laeroth/Downloads/benchmark/sketches/21.png": 0.092784737822220201, 
        "/home/laeroth/Downloads/benchmark/sketches/48.png": -0.14968053448682767, 
        "/home/laeroth/Downloads/benchmark/sketches/23.png": 0.20964738602748054, 
        "/home/laeroth/Downloads/benchmark/sketches/26.png": 0.25337751562830468, 
        "/home/laeroth/Downloads/benchmark/sketches/43.png": -0.12475948739058658, 
        "/home/laeroth/Downloads/benchmark/sketches/4.png": 0.12097852174973252, 
        "/home/laeroth/Downloads/benchmark/sketches/0.png": 0.19446430641883608, 
        "/home/laeroth/Downloads/benchmark/sketches/11.png": 0.28461332263948858, 
        "/home/laeroth/Downloads/benchmark/sketches/25.png": 0.13024074848435643, 
        "/home/laeroth/Downloads/benchmark/sketches/27.png": 0.23938402367969938, 
        "/home/laeroth/Downloads/benchmark/sketches/33.png": -0.21221974659223489, 
        "/home/laeroth/Downloads/benchmark/sketches/30.png": -0.25840332457861115, 
        "/home/laeroth/Downloads/benchmark/sketches/6.png": -0.064516988369355807, 
        "/home/laeroth/Downloads/benchmark/sketches/2.png": 0.061776522239922416, 
        "/home/laeroth/Downloads/benchmark/sketches/1.png": -0.039923135754860388, 
        "/home/laeroth/Downloads/benchmark/sketches/38.png": 0.085163062725264027, 
        "/home/laeroth/Downloads/benchmark/sketches/9.png": 0.1611890451539065, 
        "/home/laeroth/Downloads/benchmark/sketches/14.png": -0.11053993707084833, 
        "/home/laeroth/Downloads/benchmark/sketches/13.png": 0.25562025612559597, 
        "/home/laeroth/Downloads/benchmark/sketches/28.png": 0.2437178362727066, 
        "/home/laeroth/Downloads/benchmark/sketches/34.png": 0.083386803555924163, 
        "/home/laeroth/Downloads/benchmark/sketches/7.png": 0.22393989311971876, 
        "/home/laeroth/Downloads/benchmark/sketches/8.png": -0.015464122970370035, 
        "/home/laeroth/Downloads/benchmark/sketches/20.png": 0.056701784224690126, 
        "/home/laeroth/Downloads/benchmark/sketches/24.png": -0.2775805208491447, 
        "/home/laeroth/Downloads/benchmark/sketches/10.png": 0.042553907920631316, 
        "/home/laeroth/Downloads/benchmark/sketches/12.png": -0.1715051440437565, 
        "/home/laeroth/Downloads/benchmark/sketches/46.png": 0.39691248957283087, 
        "/home/laeroth/Downloads/benchmark/sketches/47.png": -0.025773538283950057, 
        "/home/laeroth/Downloads/benchmark/sketches/45.png": 0.069408969703756818
    }, 
    "config": {
        "features": {
            "extractor": "features.patch_means", 
            "patch_size": 3, 
            "grid_size": 8
        }, 
        "curvelets": {
            "transform": "transforms.curvelet_strictangles", 
            "angles": 12, 
            "scales": 4
        }, 
        "readers": {
            "query": "readers.luma", 
            "image": "readers.sobel"
        }, 
        "metric": {
            "metric": "metrics.emd"
        }, 
        "cache": {
            "reader_enabled": false, 
            "reader_path": "/media/data0/unsorted/caches", 
            "feature_enabled": true
        }, 
        "codebook": {
            "codebook_size": 1000, 
            "metric": "kmeans"
        }, 
        "weights": {
            "use_stopwords": false, 
            "use_weights": "weights.tfidf"
        }, 
        "images": [
            {
                "query_image": "/home/laeroth/Downloads/benchmark/sketches/0.png", 
                "source_images": [
                    "/home/laeroth/Downloads/benchmark/images/0/*.jpg"
                ], 
                "key": "set0"
            }, 
            {
                "query_image": "/home/laeroth/Downloads/benchmark/sketches/1.png", 
                "source_images": [
                    "/home/laeroth/Downloads/benchmark/images/1/*.jpg"
                ], 
                "key": "set1"
            }, 
            {
                "query_image": "/home/laeroth/Downloads/benchmark/sketches/2.png", 
                "source_images": [
                    "/home/laeroth/Downloads/benchmark/images/2/*.jpg"
                ], 
                "key": "set2"
            }, 
            {
                "query_image": "/home/laeroth/Downloads/benchmark/sketches/4.png", 
                "source_images": [
                    "/home/laeroth/Downloads/benchmark/images/4/*.jpg"
                ], 
                "key": "set4"
            }, 
            {
                "query_image": "/home/laeroth/Downloads/benchmark/sketches/6.png", 
                "source_images": [
                    "/home/laeroth/Downloads/benchmark/images/6/*.jpg"
                ], 
                "key": "set6"
            }, 
            {
                "query_image": "/home/laeroth/Downloads/benchmark/sketches/7.png", 
                "source_images": [
                    "/home/laeroth/Downloads/benchmark/images/7/*.jpg"
                ], 
                "key": "set7"
            }, 
            {
                "query_image": "/home/laeroth/Downloads/benchmark/sketches/8.png", 
                "source_images": [
                    "/home/laeroth/Downloads/benchmark/images/8/*.jpg"
                ], 
                "key": "set8"
            }, 
            {
                "query_image": "/home/laeroth/Downloads/benchmark/sketches/9.png", 
                "source_images": [
                    "/home/laeroth/Downloads/benchmark/images/9/*.jpg"
                ], 
                "key": "set9"
            }, 
            {
                "query_image": "/home/laeroth/Downloads/benchmark/sketches/10.png", 
                "source_images": [
                    "/home/laeroth/Downloads/benchmark/images/10/*.jpg"
                ], 
                "key": "set10"
            }, 
            {
                "query_image": "/home/laeroth/Downloads/benchmark/sketches/11.png", 
                "source_images": [
                    "/home/laeroth/Downloads/benchmark/images/11/*.jpg"
                ], 
                "key": "set11"
            }, 
            {
                "query_image": "/home/laeroth/Downloads/benchmark/sketches/12.png", 
                "source_images": [
                    "/home/laeroth/Downloads/benchmark/images/12/*.jpg"
                ], 
                "key": "set12"
            }, 
            {
                "query_image": "/home/laeroth/Downloads/benchmark/sketches/13.png", 
                "source_images": [
                    "/home/laeroth/Downloads/benchmark/images/13/*.jpg"
                ], 
                "key": "set13"
            }, 
            {
                "query_image": "/home/laeroth/Downloads/benchmark/sketches/14.png", 
                "source_images": [
                    "/home/laeroth/Downloads/benchmark/images/14/*.jpg"
                ], 
                "key": "set14"
            }, 
            {
                "query_image": "/home/laeroth/Downloads/benchmark/sketches/20.png", 
                "source_images": [
                    "/home/laeroth/Downloads/benchmark/images/20/*.jpg"
                ], 
                "key": "set20"
            }, 
            {
                "query_image": "/home/laeroth/Downloads/benchmark/sketches/21.png", 
                "source_images": [
                    "/home/laeroth/Downloads/benchmark/images/21/*.jpg"
                ], 
                "key": "set21"
            }, 
            {
                "query_image": "/home/laeroth/Downloads/benchmark/sketches/23.png", 
                "source_images": [
                    "/home/laeroth/Downloads/benchmark/images/23/*.jpg"
                ], 
                "key": "set23"
            }, 
            {
                "query_image": "/home/laeroth/Downloads/benchmark/sketches/24.png",