{
    "duration": 62.003, 
    "correlations": {
        "/home/laeroth/Downloads/benchmark/sketches/42.png": 0.15673588278875653, 
        "/home/laeroth/Downloads/benchmark/sketches/21.png": 0.27165605126548603, 
        "/home/laeroth/Downloads/benchmark/sketches/48.png": 0.036269551765190415, 
        "/home/laeroth/Downloads/benchmark/sketches/23.png": 0.18770324830981974, 
        "/home/laeroth/Downloads/benchmark/sketches/26.png": 0.21812315927010287, 
        "/home/laeroth/Downloads/benchmark/sketches/43.png": 0.10272053760058489, 
        "/home/laeroth/Downloads/benchmark/sketches/4.png": 0.052431124423367198, 
        "/home/laeroth/Downloads/benchmark/sketches/0.png": 0.16710880545101037, 
        "/home/laeroth/Downloads/benchmark/sketches/11.png": 0.15741987902648444, 
        "/home/laeroth/Downloads/benchmark/sketches/25.png": 0.20932686813153856, 
        "/home/laeroth/Downloads/benchmark/sketches/27.png": 0.30401068848849422, 
        "/home/laeroth/Downloads/benchmark/sketches/33.png": 0.064725258037868882, 
        "/home/laeroth/Downloads/benchmark/sketches/30.png": 0.22025490794712355, 
        "/home/laeroth/Downloads/benchmark/sketches/6.png": 0.027915414173860675, 
        "/home/laeroth/Downloads/benchmark/sketches/2.png": 0.20752426878823008, 
        "/home/laeroth/Downloads/benchmark/sketches/1.png": 0.0038885361895816938, 
        "/home/laeroth/Downloads/benchmark/sketches/38.png": -0.015951157892545226, 
        "/home/laeroth/Downloads/benchmark/sketches/9.png": 0.035340899814415599, 
        "/home/laeroth/Downloads/benchmark/sketches/14.png": 0.28638289200455869, 
        "/home/laeroth/Downloads/benchmark/sketches/13.png": 0.36106854207008915, 
        "/home/laeroth/Downloads/benchmark/sketches/28.png": 0.45440174393435318, 
        "/home/laeroth/Downloads/benchmark/sketches/34.png": 0.32545532948842082, 
        "/home/laeroth/Downloads/benchmark/sketches/7.png": 0.22464506627247141, 
        "/home/laeroth/Downloads/benchmark/sketches/8.png": -0.0064683107165622268, 
        "/home/laeroth/Downloads/benchmark/sketches/20.png": 0.19663664578349169, 
        "/home/laeroth/Downloads/benchmark/sketches/24.png": -0.080872081551140451, 
        "/home/laeroth/Downloads/benchmark/sketches/10.png": 0.34638320667099159, 
        "/home/laeroth/Downloads/benchmark/sketches/12.png": 0.04282934062077081, 
        "/home/laeroth/Downloads/benchmark/sketches/46.png": -0.047543465864317347, 
        "/home/laeroth/Downloads/benchmark/sketches/47.png": 0.080897248500601052, 
        "/home/laeroth/Downloads/benchmark/sketches/45.png": 0.16907622470190817
    }, 
    "config": {
        "features": {
            "extractor": "features.patch_means2", 
            "patch_size": 3, 
            "grid_size": 8
        }, 
        "curvelets": {
            "transform": "transforms.curvelet_strictangles", 
            "angles": 12, 
            "scales": 4
        }, 
        "readers": {
            "query": "readers.luma", 
            "image": "readers.segment"
        }, 
        "metric": {
            "metric": "metrics.cosine"
        }, 
        "cache": {
            "reader_enabled": false, 
            "feature_enabled": true
        }, 
        "codebook": {
            "codebook_size": 1000, 
            "metric": "kmeans"
        }, 
        "weights": {
            "use_stopwords": false, 
            "use_weights": "weights.tfidf"
        }, 
        "images": [
            {
                "query_image": "/home/laeroth/Downloads/benchmark/sketches/0.png", 
                "source_images": [
                    "/home/laeroth/Documents/inf/dipl/repo/src/benchmark/image_contours/0/*.jpg"
                ], 
                "key": "set0"
            }, 
            {
                "query_image": "/home/laeroth/Downloads/benchmark/sketches/1.png", 
                "source_images": [
                    "/home/laeroth/Documents/inf/dipl/repo/src/benchmark/image_contours/1/*.jpg"
                ], 
                "key": "set1"
            }, 
            {
                "query_image": "/home/laeroth/Downloads/benchmark/sketches/2.png", 
                "source_images": [
                    "/home/laeroth/Documents/inf/dipl/repo/src/benchmark/image_contours/2/*.jpg"
                ], 
                "key": "set2"
            }, 
            {
                "query_image": "/home/laeroth/Downloads/benchmark/sketches/4.png", 
                "source_images": [
                    "/home/laeroth/Documents/inf/dipl/repo/src/benchmark/image_contours/4/*.jpg"
                ], 
                "key": "set4"
            }, 
            {
                "query_image": "/home/laeroth/Downloads/benchmark/sketches/6.png", 
                "source_images": [
                    "/home/laeroth/Documents/inf/dipl/repo/src/benchmark/image_contours/6/*.jpg"
                ], 
                "key": "set6"
            }, 
            {
                "query_image": "/home/laeroth/Downloads/benchmark/sketches/7.png", 
                "source_images": [
                    "/home/laeroth/Documents/inf/dipl/repo/src/benchmark/image_contours/7/*.jpg"
                ], 
                "key": "set7"
            }, 
            {
                "query_image": "/home/laeroth/Downloads/benchmark/sketches/8.png", 
                "source_images": [
                    "/home/laeroth/Documents/inf/dipl/repo/src/benchmark/image_contours/8/*.jpg"
                ], 
                "key": "set8"
            }, 
            {
                "query_image": "/home/laeroth/Downloads/benchmark/sketches/9.png", 
                "source_images": [
                    "/home/laeroth/Documents/inf/dipl/repo/src/benchmark/image_contours/9/*.jpg"
                ], 
                "key": "set9"
            }, 
            {
                "query_image": "/home/laeroth/Downloads/benchmark/sketches/10.png", 
                "source_images": [
                    "/home/laeroth/Documents/inf/dipl/repo/src/benchmark/image_contours/10/*.jpg"
                ], 
                "key": "set10"
            }, 
            {
                "query_image": "/home/laeroth/Downloads/benchmark/sketches/11.png", 
                "source_images": [
                    "/home/laeroth/Documents/inf/dipl/repo/src/benchmark/image_contours/11/*.jpg"
                ], 
                "key": "set11"
            }, 
            {
                "query_image": "/home/laeroth/Downloads/benchmark/sketches/12.png", 
                "source_images": [
                    "/home/laeroth/Documents/inf/dipl/repo/src/benchmark/image_contours/12/*.jpg"
                ], 
                "key": "set12"
            }, 
            {
                "query_image": "/home/laeroth/Downloads/benchmark/sketches/13.png", 
                "source_images": [
                    "/home/laeroth/Documents/inf/dipl/repo/src/benchmark/image_contours/13/*.jpg"
                ], 
                "key": "set13"
            }, 
            {
                "query_image": "/home/laeroth/Downloads/benchmark/sketches/14.png", 
                "source_images": [
                    "/home/laeroth/Documents/inf/dipl/repo/src/benchmark/image_contours/14/*.jpg"
                ], 
                "key": "set14"
            }, 
            {
                "query_image": "/home/laeroth/Downloads/benchmark/sketches/20.png", 
                "source_images": [
                    "/home/laeroth/Documents/inf/dipl/repo/src/benchmark/image_contours/20/*.jpg"
                ], 
                "key": "set20"
            }, 
            {
                "query_image": "/home/laeroth/Downloads/benchmark/sketches/21.png", 
                "source_images": [
                    "/home/laeroth/Documents/inf/dipl/repo/src/benchmark/image_contours/21/*.jpg"
                ],