{
    "duration": 75.890996, 
    "correlations": {
        "/home/laeroth/Downloads/benchmark/sketches/42.png": -0.20258334347977724, 
        "/home/laeroth/Downloads/benchmark/sketches/21.png": 0.17010535267407037, 
        "/home/laeroth/Downloads/benchmark/sketches/48.png": -0.23226289834162916, 
        "/home/laeroth/Downloads/benchmark/sketches/23.png": 0.23022627054551542, 
        "/home/laeroth/Downloads/benchmark/sketches/26.png": 0.33719545423861619, 
        "/home/laeroth/Downloads/benchmark/sketches/43.png": 0.088746439484025497, 
        "/home/laeroth/Downloads/benchmark/sketches/4.png": 0.11583049954761625, 
        "/home/laeroth/Downloads/benchmark/sketches/0.png": 0.27173489175082394, 
        "/home/laeroth/Downloads/benchmark/sketches/11.png": 0.27431057792855684, 
        "/home/laeroth/Downloads/benchmark/sketches/25.png": 0.11992464959450642, 
        "/home/laeroth/Downloads/benchmark/sketches/27.png": 0.14414521855981899, 
        "/home/laeroth/Downloads/benchmark/sketches/33.png": -0.09266439963809299, 
        "/home/laeroth/Downloads/benchmark/sketches/30.png": -0.094256734328410349, 
        "/home/laeroth/Downloads/benchmark/sketches/6.png": 0.0, 
        "/home/laeroth/Downloads/benchmark/sketches/2.png": 0.15444130559980604, 
        "/home/laeroth/Downloads/benchmark/sketches/1.png": 0.083709800776320176, 
        "/home/laeroth/Downloads/benchmark/sketches/38.png": 0.1574226310982153, 
        "/home/laeroth/Downloads/benchmark/sketches/9.png": 0.16376806987636899, 
        "/home/laeroth/Downloads/benchmark/sketches/14.png": -0.0089916673009003602, 
        "/home/laeroth/Downloads/benchmark/sketches/13.png": 0.29929406872996911, 
        "/home/laeroth/Downloads/benchmark/sketches/28.png": 0.24629686099516912, 
        "/home/laeroth/Downloads/benchmark/sketches/34.png": 0.065426568943878965, 
        "/home/laeroth/Downloads/benchmark/sketches/7.png": 0.41699152511947635, 
        "/home/laeroth/Downloads/benchmark/sketches/8.png": 0.10824886079259023, 
        "/home/laeroth/Downloads/benchmark/sketches/20.png": 0.051547076567900113, 
        "/home/laeroth/Downloads/benchmark/sketches/24.png": -0.19715999611714952, 
        "/home/laeroth/Downloads/benchmark/sketches/10.png": 0.083818303480031373, 
        "/home/laeroth/Downloads/benchmark/sketches/12.png": -0.14313587209666898, 
        "/home/laeroth/Downloads/benchmark/sketches/46.png": 0.18299212181604541, 
        "/home/laeroth/Downloads/benchmark/sketches/47.png": -0.14433181439012033, 
        "/home/laeroth/Downloads/benchmark/sketches/45.png": 0.053984754214033086
    }, 
    "config": {
        "features": {
            "extractor": "features.patch_means2", 
            "patch_size": 3, 
            "grid_size": 8
        }, 
        "curvelets": {
            "transform": "transforms.curvelet_strictangles", 
            "angles": 12, 
            "scales": 4
        }, 
        "readers": {
            "query": "readers.luma", 
            "image": "readers.sobel"
        }, 
        "metric": {
            "metric": "metrics.emd"
        }, 
        "cache": {
            "reader_enabled": false, 
            "reader_path": "/media/data0/unsorted/caches", 
            "feature_enabled": true
        }, 
        "codebook": {
            "codebook_size": 1000, 
            "metric": "kmeans"
        }, 
        "weights": {
            "use_stopwords": false, 
            "use_weights": "weights.tfidf"
        }, 
        "images": [
            {
                "query_image": "/home/laeroth/Downloads/benchmark/sketches/0.png", 
                "source_images": [
                    "/home/laeroth/Downloads/benchmark/images/0/*.jpg"
                ], 
                "key": "set0"
            }, 
            {
                "query_image": "/home/laeroth/Downloads/benchmark/sketches/1.png", 
                "source_images": [
                    "/home/laeroth/Downloads/benchmark/images/1/*.jpg"
                ], 
                "key": "set1"
            }, 
            {
                "query_image": "/home/laeroth/Downloads/benchmark/sketches/2.png", 
                "source_images": [
                    "/home/laeroth/Downloads/benchmark/images/2/*.jpg"
                ], 
                "key": "set2"
            }, 
            {
                "query_image": "/home/laeroth/Downloads/benchmark/sketches/4.png", 
                "source_images": [
                    "/home/laeroth/Downloads/benchmark/images/4/*.jpg"
                ], 
                "key": "set4"
            }, 
            {
                "query_image": "/home/laeroth/Downloads/benchmark/sketches/6.png", 
                "source_images": [
                    "/home/laeroth/Downloads/benchmark/images/6/*.jpg"
                ], 
                "key": "set6"
            }, 
            {
                "query_image": "/home/laeroth/Downloads/benchmark/sketches/7.png", 
                "source_images": [
                    "/home/laeroth/Downloads/benchmark/images/7/*.jpg"
                ], 
                "key": "set7"
            }, 
            {
                "query_image": "/home/laeroth/Downloads/benchmark/sketches/8.png", 
                "source_images": [
                    "/home/laeroth/Downloads/benchmark/images/8/*.jpg"
                ], 
                "key": "set8"
            }, 
            {
                "query_image": "/home/laeroth/Downloads/benchmark/sketches/9.png", 
                "source_images": [
                    "/home/laeroth/Downloads/benchmark/images/9/*.jpg"
                ], 
                "key": "set9"
            }, 
            {
                "query_image": "/home/laeroth/Downloads/benchmark/sketches/10.png", 
                "source_images": [
                    "/home/laeroth/Downloads/benchmark/images/10/*.jpg"
                ], 
                "key": "set10"
            }, 
            {
                "query_image": "/home/laeroth/Downloads/benchmark/sketches/11.png", 
                "source_images": [
                    "/home/laeroth/Downloads/benchmark/images/11/*.jpg"
                ], 
                "key": "set11"
            }, 
            {
                "query_image": "/home/laeroth/Downloads/benchmark/sketches/12.png", 
                "source_images": [
                    "/home/laeroth/Downloads/benchmark/images/12/*.jpg"
                ], 
                "key": "set12"
            }, 
            {
                "query_image": "/home/laeroth/Downloads/benchmark/sketches/13.png", 
                "source_images": [
                    "/home/laeroth/Downloads/benchmark/images/13/*.jpg"
                ], 
                "key": "set13"
            }, 
            {
                "query_image": "/home/laeroth/Downloads/benchmark/sketches/14.png", 
                "source_images": [
                    "/home/laeroth/Downloads/benchmark/images/14/*.jpg"
                ], 
                "key": "set14"
            }, 
            {
                "query_image": "/home/laeroth/Downloads/benchmark/sketches/20.png", 
                "source_images": [
                    "/home/laeroth/Downloads/benchmark/images/20/*.jpg"
                ], 
                "key": "set20"
            }, 
            {
                "query_image": "/home/laeroth/Downloads/benchmark/sketches/21.png", 
                "source_images": [
                    "/home/laeroth/Downloads/benchmark/images/21/*.jpg"
                ], 
                "key": "set21"
            }, 
            {
                "query_image": "/home/laeroth/Downloads/benchmark/sketches/23.png", 
                "source_images": [
                    "/home/laeroth/Downloads/benchmark/images/23/*.jpg"
                ], 
                "key": "set23"
            }, 
            {
                "query_image": "/home/laeroth/Downloads/benchmark/sketches/24.png",