{
    "duration": 115.84947, 
    "correlations": {
        "/home/laeroth/Downloads/benchmark/sketches/42.png": 0.023361458520420441, 
        "/home/laeroth/Downloads/benchmark/sketches/21.png": 0.19920491257885833, 
        "/home/laeroth/Downloads/benchmark/sketches/48.png": -0.22136712270366224, 
        "/home/laeroth/Downloads/benchmark/sketches/23.png": 0.3571889846215191, 
        "/home/laeroth/Downloads/benchmark/sketches/26.png": 0.34464643950727131, 
        "/home/laeroth/Downloads/benchmark/sketches/43.png": 0.16795879651235113, 
        "/home/laeroth/Downloads/benchmark/sketches/4.png": 0.31065441220845064, 
        "/home/laeroth/Downloads/benchmark/sketches/0.png": 0.19103511448051835, 
        "/home/laeroth/Downloads/benchmark/sketches/11.png": 0.45577877603885913, 
        "/home/laeroth/Downloads/benchmark/sketches/25.png": 0.2672483770086343, 
        "/home/laeroth/Downloads/benchmark/sketches/27.png": 0.23522169596982076, 
        "/home/laeroth/Downloads/benchmark/sketches/33.png": 0.055126133219757359, 
        "/home/laeroth/Downloads/benchmark/sketches/30.png": -0.08604983621989358, 
        "/home/laeroth/Downloads/benchmark/sketches/6.png": -0.074088658972690694, 
        "/home/laeroth/Downloads/benchmark/sketches/2.png": 0.1031387843176745, 
        "/home/laeroth/Downloads/benchmark/sketches/1.png": 0.15225857151741939, 
        "/home/laeroth/Downloads/benchmark/sketches/38.png": -0.050485701269537726, 
        "/home/laeroth/Downloads/benchmark/sketches/9.png": 0.20422013179692652, 
        "/home/laeroth/Downloads/benchmark/sketches/14.png": 0.16450782477991061, 
        "/home/laeroth/Downloads/benchmark/sketches/13.png": 0.38371897186340542, 
        "/home/laeroth/Downloads/benchmark/sketches/28.png": 0.11717610094623551, 
        "/home/laeroth/Downloads/benchmark/sketches/34.png": 0.08806668865328196, 
        "/home/laeroth/Downloads/benchmark/sketches/7.png": 0.2634807264271139, 
        "/home/laeroth/Downloads/benchmark/sketches/8.png": 0.019480585193516777, 
        "/home/laeroth/Downloads/benchmark/sketches/20.png": 0.045248953860897161, 
        "/home/laeroth/Downloads/benchmark/sketches/24.png": -0.15181388904090634, 
        "/home/laeroth/Downloads/benchmark/sketches/10.png": 0.44681913092611653, 
        "/home/laeroth/Downloads/benchmark/sketches/12.png": -0.091506082506414288, 
        "/home/laeroth/Downloads/benchmark/sketches/46.png": 0.32158209052269432, 
        "/home/laeroth/Downloads/benchmark/sketches/47.png": 0.32528932326232662, 
        "/home/laeroth/Downloads/benchmark/sketches/45.png": 0.11161867763123616
    }, 
    "config": {
        "features": {
            "extractor": "features.patch_means", 
            "patch_size": 3, 
            "grid_size": 8
        }, 
        "curvelets": {
            "transform": "transforms.curvelet_strictangles", 
            "angles": 12, 
            "scales": 4
        }, 
        "readers": {
            "query": "readers.luma", 
            "image": "readers.luma"
        }, 
        "metric": {
            "metric": "metrics.histogram_intersection_binary"
        }, 
        "cache": {
            "reader_enabled": false, 
            "feature_enabled": true
        }, 
        "codebook": {
            "codebook_size": 1000, 
            "metric": "kmeans"
        }, 
        "weights": {
            "use_stopwords": false, 
            "use_weights": "weights.tfidf"
        }, 
        "images": [
            {
                "query_image": "/home/laeroth/Downloads/benchmark/sketches/0.png", 
                "source_images": [
                    "/home/laeroth/Downloads/benchmark/images/0/*.jpg"
                ], 
                "key": "set0"
            }, 
            {
                "query_image": "/home/laeroth/Downloads/benchmark/sketches/1.png", 
                "source_images": [
                    "/home/laeroth/Downloads/benchmark/images/1/*.jpg"
                ], 
                "key": "set1"
            }, 
            {
                "query_image": "/home/laeroth/Downloads/benchmark/sketches/2.png", 
                "source_images": [
                    "/home/laeroth/Downloads/benchmark/images/2/*.jpg"
                ], 
                "key": "set2"
            }, 
            {
                "query_image": "/home/laeroth/Downloads/benchmark/sketches/4.png", 
                "source_images": [
                    "/home/laeroth/Downloads/benchmark/images/4/*.jpg"
                ], 
                "key": "set4"
            }, 
            {
                "query_image": "/home/laeroth/Downloads/benchmark/sketches/6.png", 
                "source_images": [
                    "/home/laeroth/Downloads/benchmark/images/6/*.jpg"
                ], 
                "key": "set6"
            }, 
            {
                "query_image": "/home/laeroth/Downloads/benchmark/sketches/7.png", 
                "source_images": [
                    "/home/laeroth/Downloads/benchmark/images/7/*.jpg"
                ], 
                "key": "set7"
            }, 
            {
                "query_image": "/home/laeroth/Downloads/benchmark/sketches/8.png", 
                "source_images": [
                    "/home/laeroth/Downloads/benchmark/images/8/*.jpg"
                ], 
                "key": "set8"
            }, 
            {
                "query_image": "/home/laeroth/Downloads/benchmark/sketches/9.png", 
                "source_images": [
                    "/home/laeroth/Downloads/benchmark/images/9/*.jpg"
                ], 
                "key": "set9"
            }, 
            {
                "query_image": "/home/laeroth/Downloads/benchmark/sketches/10.png", 
                "source_images": [
                    "/home/laeroth/Downloads/benchmark/images/10/*.jpg"
                ], 
                "key": "set10"
            }, 
            {
                "query_image": "/home/laeroth/Downloads/benchmark/sketches/11.png", 
                "source_images": [
                    "/home/laeroth/Downloads/benchmark/images/11/*.jpg"
                ], 
                "key": "set11"
            }, 
            {
                "query_image": "/home/laeroth/Downloads/benchmark/sketches/12.png", 
                "source_images": [
                    "/home/laeroth/Downloads/benchmark/images/12/*.jpg"
                ], 
                "key": "set12"
            }, 
            {
                "query_image": "/home/laeroth/Downloads/benchmark/sketches/13.png", 
                "source_images": [
                    "/home/laeroth/Downloads/benchmark/images/13/*.jpg"
                ], 
                "key": "set13"
            }, 
            {
                "query_image": "/home/laeroth/Downloads/benchmark/sketches/14.png", 
                "source_images": [
                    "/home/laeroth/Downloads/benchmark/images/14/*.jpg"
                ], 
                "key": "set14"
            }, 
            {
                "query_image": "/home/laeroth/Downloads/benchmark/sketches/20.png", 
                "source_images": [
                    "/home/laeroth/Downloads/benchmark/images/20/*.jpg"
                ], 
                "key": "set20"
            }, 
            {
                "query_image": "/home/laeroth/Downloads/benchmark/sketches/21.png", 
                "source_images": [
                    "/home/laeroth/Downloads/benchmark/images/21/*.jpg"
                ], 
                "key": "set21"
            }, 
            {
                "query_image": "/home/laeroth/Downloads/benchmark/sketches/23.png", 
                "source_images": [
                    "/home/laeroth/Downloads/benchmark/images/23/*.jpg"
                ], 
                "key": "set23"
            }, 
            {
                "query_image": "/home/laeroth/Downloads/benchmark/sketches/24.png",