{
    "duration": 69.912638, 
    "correlations": {
        "/home/laeroth/Downloads/benchmark/sketches/42.png": 0.10967888022790488, 
        "/home/laeroth/Downloads/benchmark/sketches/21.png": 0.20245209413429924, 
        "/home/laeroth/Downloads/benchmark/sketches/48.png": -0.11247691100042881, 
        "/home/laeroth/Downloads/benchmark/sketches/23.png": 0.39485734668979461, 
        "/home/laeroth/Downloads/benchmark/sketches/26.png": 0.3160631926171843, 
        "/home/laeroth/Downloads/benchmark/sketches/43.png": 0.14886809348709842, 
        "/home/laeroth/Downloads/benchmark/sketches/4.png": 0.074935463059356652, 
        "/home/laeroth/Downloads/benchmark/sketches/0.png": 0.33290433433469663, 
        "/home/laeroth/Downloads/benchmark/sketches/11.png": 0.37879775205546024, 
        "/home/laeroth/Downloads/benchmark/sketches/25.png": 0.21161572185148705, 
        "/home/laeroth/Downloads/benchmark/sketches/27.png": 0.18931199212128078, 
        "/home/laeroth/Downloads/benchmark/sketches/33.png": 0.050485701269537726, 
        "/home/laeroth/Downloads/benchmark/sketches/30.png": -0.11705118983851509, 
        "/home/laeroth/Downloads/benchmark/sketches/6.png": -0.14052308266177974, 
        "/home/laeroth/Downloads/benchmark/sketches/2.png": 0.2231026568141346, 
        "/home/laeroth/Downloads/benchmark/sketches/1.png": 0.039923135754860388, 
        "/home/laeroth/Downloads/benchmark/sketches/38.png": -0.027114724948280204, 
        "/home/laeroth/Downloads/benchmark/sketches/9.png": 0.26537266856364466, 
        "/home/laeroth/Downloads/benchmark/sketches/14.png": 0.007813036497061103, 
        "/home/laeroth/Downloads/benchmark/sketches/13.png": 0.3139726452783384, 
        "/home/laeroth/Downloads/benchmark/sketches/28.png": 0.13132998379605584, 
        "/home/laeroth/Downloads/benchmark/sketches/34.png": 0.21249305238102942, 
        "/home/laeroth/Downloads/benchmark/sketches/7.png": 0.087855297157622719, 
        "/home/laeroth/Downloads/benchmark/sketches/8.png": 0.028460567152873796, 
        "/home/laeroth/Downloads/benchmark/sketches/20.png": 0.079897968680245179, 
        "/home/laeroth/Downloads/benchmark/sketches/24.png": -0.08810010562225741, 
        "/home/laeroth/Downloads/benchmark/sketches/10.png": 0.21447189526396238, 
        "/home/laeroth/Downloads/benchmark/sketches/12.png": 0.048020775847530908, 
        "/home/laeroth/Downloads/benchmark/sketches/46.png": 0.31517536237868432, 
        "/home/laeroth/Downloads/benchmark/sketches/47.png": 0.15979593736049036, 
        "/home/laeroth/Downloads/benchmark/sketches/45.png": 0.14533789105617936
    }, 
    "config": {
        "features": {
            "extractor": "features.patch_means", 
            "patch_size": 3, 
            "grid_size": 8
        }, 
        "curvelets": {
            "transform": "transforms.curvelet_strictangles", 
            "angles": 12, 
            "scales": 4
        }, 
        "readers": {
            "query": "readers.luma", 
            "image": "readers.luma"
        }, 
        "metric": {
            "metric": "metrics.cosine"
        }, 
        "cache": {
            "reader_enabled": false, 
            "feature_enabled": true
        }, 
        "codebook": {
            "codebook_size": 1000, 
            "metric": "kmeans"
        }, 
        "weights": {
            "use_stopwords": false, 
            "use_weights": "weights.tfidf"
        }, 
        "images": [
            {
                "query_image": "/home/laeroth/Downloads/benchmark/sketches/0.png", 
                "source_images": [
                    "/home/laeroth/Downloads/benchmark/images/0/*.jpg"
                ], 
                "key": "set0"
            }, 
            {
                "query_image": "/home/laeroth/Downloads/benchmark/sketches/1.png", 
                "source_images": [
                    "/home/laeroth/Downloads/benchmark/images/1/*.jpg"
                ], 
                "key": "set1"
            }, 
            {
                "query_image": "/home/laeroth/Downloads/benchmark/sketches/2.png", 
                "source_images": [
                    "/home/laeroth/Downloads/benchmark/images/2/*.jpg"
                ], 
                "key": "set2"
            }, 
            {
                "query_image": "/home/laeroth/Downloads/benchmark/sketches/4.png", 
                "source_images": [
                    "/home/laeroth/Downloads/benchmark/images/4/*.jpg"
                ], 
                "key": "set4"
            }, 
            {
                "query_image": "/home/laeroth/Downloads/benchmark/sketches/6.png", 
                "source_images": [
                    "/home/laeroth/Downloads/benchmark/images/6/*.jpg"
                ], 
                "key": "set6"
            }, 
            {
                "query_image": "/home/laeroth/Downloads/benchmark/sketches/7.png", 
                "source_images": [
                    "/home/laeroth/Downloads/benchmark/images/7/*.jpg"
                ], 
                "key": "set7"
            }, 
            {
                "query_image": "/home/laeroth/Downloads/benchmark/sketches/8.png", 
                "source_images": [
                    "/home/laeroth/Downloads/benchmark/images/8/*.jpg"
                ], 
                "key": "set8"
            }, 
            {
                "query_image": "/home/laeroth/Downloads/benchmark/sketches/9.png", 
                "source_images": [
                    "/home/laeroth/Downloads/benchmark/images/9/*.jpg"
                ], 
                "key": "set9"
            }, 
            {
                "query_image": "/home/laeroth/Downloads/benchmark/sketches/10.png", 
                "source_images": [
                    "/home/laeroth/Downloads/benchmark/images/10/*.jpg"
                ], 
                "key": "set10"
            }, 
            {
                "query_image": "/home/laeroth/Downloads/benchmark/sketches/11.png", 
                "source_images": [
                    "/home/laeroth/Downloads/benchmark/images/11/*.jpg"
                ], 
                "key": "set11"
            }, 
            {
                "query_image": "/home/laeroth/Downloads/benchmark/sketches/12.png", 
                "source_images": [
                    "/home/laeroth/Downloads/benchmark/images/12/*.jpg"
                ], 
                "key": "set12"
            }, 
            {
                "query_image": "/home/laeroth/Downloads/benchmark/sketches/13.png", 
                "source_images": [
                    "/home/laeroth/Downloads/benchmark/images/13/*.jpg"
                ], 
                "key": "set13"
            }, 
            {
                "query_image": "/home/laeroth/Downloads/benchmark/sketches/14.png", 
                "source_images": [
                    "/home/laeroth/Downloads/benchmark/images/14/*.jpg"
                ], 
                "key": "set14"
            }, 
            {
                "query_image": "/home/laeroth/Downloads/benchmark/sketches/20.png", 
                "source_images": [
                    "/home/laeroth/Downloads/benchmark/images/20/*.jpg"
                ], 
                "key": "set20"
            }, 
            {
                "query_image": "/home/laeroth/Downloads/benchmark/sketches/21.png", 
                "source_images": [
                    "/home/laeroth/Downloads/benchmark/images/21/*.jpg"
                ], 
                "key": "set21"
            }, 
            {
                "query_image": "/home/laeroth/Downloads/benchmark/sketches/23.png", 
                "source_images": [
                    "/home/laeroth/Downloads/benchmark/images/23/*.jpg"
                ], 
                "key": "set23"
            }, 
            {
                "query_image": "/home/laeroth/Downloads/benchmark/sketches/24.png",