{
    "duration": 60.341418, 
    "correlations": {
        "/home/laeroth/Downloads/benchmark/sketches/42.png": -0.26177974998653991, 
        "/home/laeroth/Downloads/benchmark/sketches/21.png": 0.15625211931937641, 
        "/home/laeroth/Downloads/benchmark/sketches/48.png": 0.087182989754702817, 
        "/home/laeroth/Downloads/benchmark/sketches/23.png": 0.39506712260772697, 
        "/home/laeroth/Downloads/benchmark/sketches/26.png": 0.29503404888551815, 
        "/home/laeroth/Downloads/benchmark/sketches/43.png": 0.38347328843184758, 
        "/home/laeroth/Downloads/benchmark/sketches/4.png": 0.26224704505365459, 
        "/home/laeroth/Downloads/benchmark/sketches/0.png": 0.27168185257831146, 
        "/home/laeroth/Downloads/benchmark/sketches/11.png": 0.34517200962195321, 
        "/home/laeroth/Downloads/benchmark/sketches/25.png": 0.22454786466300633, 
        "/home/laeroth/Downloads/benchmark/sketches/27.png": 0.36594326148777412, 
        "/home/laeroth/Downloads/benchmark/sketches/33.png": 0.17103729880083066, 
        "/home/laeroth/Downloads/benchmark/sketches/30.png": 0.075868877011421559, 
        "/home/laeroth/Downloads/benchmark/sketches/6.png": -0.018751313639513816, 
        "/home/laeroth/Downloads/benchmark/sketches/2.png": 0.25081650454240556, 
        "/home/laeroth/Downloads/benchmark/sketches/1.png": 0.014202738063533853, 
        "/home/laeroth/Downloads/benchmark/sketches/38.png": 0.25706792114909266, 
        "/home/laeroth/Downloads/benchmark/sketches/9.png": 0.1699081721846904, 
        "/home/laeroth/Downloads/benchmark/sketches/14.png": 0.25097360597107177, 
        "/home/laeroth/Downloads/benchmark/sketches/13.png": 0.47039434240414096, 
        "/home/laeroth/Downloads/benchmark/sketches/28.png": 0.45239753318202297, 
        "/home/laeroth/Downloads/benchmark/sketches/34.png": 0.13810793051045825, 
        "/home/laeroth/Downloads/benchmark/sketches/7.png": 0.40829767185331595, 
        "/home/laeroth/Downloads/benchmark/sketches/8.png": 0.14193654729133079, 
        "/home/laeroth/Downloads/benchmark/sketches/20.png": 0.30448816325272593, 
        "/home/laeroth/Downloads/benchmark/sketches/24.png": -0.094048819555232907, 
        "/home/laeroth/Downloads/benchmark/sketches/10.png": 0.45846678658818685, 
        "/home/laeroth/Downloads/benchmark/sketches/12.png": 0.17543892981144535, 
        "/home/laeroth/Downloads/benchmark/sketches/46.png": 0.18748483861001131, 
        "/home/laeroth/Downloads/benchmark/sketches/47.png": 0.21392036775678547, 
        "/home/laeroth/Downloads/benchmark/sketches/45.png": 0.075724468748119028
    }, 
    "config": {
        "features": {
            "extractor": "features.patch_means", 
            "patch_size": 3, 
            "grid_size": 8
        }, 
        "curvelets": {
            "transform": "transforms.curvelet_strictangles", 
            "angles": 8, 
            "scales": 4
        }, 
        "readers": {
            "query": "readers.luma", 
            "image": "readers.canny", 
            "canny_sigma": 2.0
        }, 
        "metric": {
            "metric": "metrics.histogram_intersection"
        }, 
        "cache": {
            "reader_enabled": true, 
            "reader_path": "/media/data0/unsorted/caches", 
            "feature_enabled": true
        }, 
        "codebook": {
            "codebook_size": 1000, 
            "metric": "kmeans"
        }, 
        "weights": {
            "use_stopwords": false, 
            "use_weights": "weights.tfidf"
        }, 
        "images": [
            {
                "query_image": "/home/laeroth/Downloads/benchmark/sketches/0.png", 
                "source_images": [
                    "/home/laeroth/Downloads/benchmark/images/0/*.jpg"
                ], 
                "key": "set0"
            }, 
            {
                "query_image": "/home/laeroth/Downloads/benchmark/sketches/1.png", 
                "source_images": [
                    "/home/laeroth/Downloads/benchmark/images/1/*.jpg"
                ], 
                "key": "set1"
            }, 
            {
                "query_image": "/home/laeroth/Downloads/benchmark/sketches/2.png", 
                "source_images": [
                    "/home/laeroth/Downloads/benchmark/images/2/*.jpg"
                ], 
                "key": "set2"
            }, 
            {
                "query_image": "/home/laeroth/Downloads/benchmark/sketches/4.png", 
                "source_images": [
                    "/home/laeroth/Downloads/benchmark/images/4/*.jpg"
                ], 
                "key": "set4"
            }, 
            {
                "query_image": "/home/laeroth/Downloads/benchmark/sketches/6.png", 
                "source_images": [
                    "/home/laeroth/Downloads/benchmark/images/6/*.jpg"
                ], 
                "key": "set6"
            }, 
            {
                "query_image": "/home/laeroth/Downloads/benchmark/sketches/7.png", 
                "source_images": [
                    "/home/laeroth/Downloads/benchmark/images/7/*.jpg"
                ], 
                "key": "set7"
            }, 
            {
                "query_image": "/home/laeroth/Downloads/benchmark/sketches/8.png", 
                "source_images": [
                    "/home/laeroth/Downloads/benchmark/images/8/*.jpg"
                ], 
                "key": "set8"
            }, 
            {
                "query_image": "/home/laeroth/Downloads/benchmark/sketches/9.png", 
                "source_images": [
                    "/home/laeroth/Downloads/benchmark/images/9/*.jpg"
                ], 
                "key": "set9"
            }, 
            {
                "query_image": "/home/laeroth/Downloads/benchmark/sketches/10.png", 
                "source_images": [
                    "/home/laeroth/Downloads/benchmark/images/10/*.jpg"
                ], 
                "key": "set10"
            }, 
            {
                "query_image": "/home/laeroth/Downloads/benchmark/sketches/11.png", 
                "source_images": [
                    "/home/laeroth/Downloads/benchmark/images/11/*.jpg"
                ], 
                "key": "set11"
            }, 
            {
                "query_image": "/home/laeroth/Downloads/benchmark/sketches/12.png", 
                "source_images": [
                    "/home/laeroth/Downloads/benchmark/images/12/*.jpg"
                ], 
                "key": "set12"
            }, 
            {
                "query_image": "/home/laeroth/Downloads/benchmark/sketches/13.png", 
                "source_images": [
                    "/home/laeroth/Downloads/benchmark/images/13/*.jpg"
                ], 
                "key": "set13"
            }, 
            {
                "query_image": "/home/laeroth/Downloads/benchmark/sketches/14.png", 
                "source_images": [
                    "/home/laeroth/Downloads/benchmark/images/14/*.jpg"
                ], 
                "key": "set14"
            }, 
            {
                "query_image": "/home/laeroth/Downloads/benchmark/sketches/20.png", 
                "source_images": [
                    "/home/laeroth/Downloads/benchmark/images/20/*.jpg"
                ], 
                "key": "set20"
            }, 
            {
                "query_image": "/home/laeroth/Downloads/benchmark/sketches/21.png", 
                "source_images": [
                    "/home/laeroth/Downloads/benchmark/images/21/*.jpg"
                ], 
                "key": "set21"
            }, 
            {
                "query_image": "/home/laeroth/Downloads/benchmark/sketches/23.png", 
                "source_images": [
                    "/home/laeroth/Downloads/benchmark/images/23/*.jpg"
                ],