{
    "duration": 65.689693, 
    "correlations": {
        "/home/laeroth/Downloads/benchmark/sketches/42.png": -0.18021626447552369, 
        "/home/laeroth/Downloads/benchmark/sketches/21.png": 0.31205005786679701, 
        "/home/laeroth/Downloads/benchmark/sketches/48.png": -0.27019060300152997, 
        "/home/laeroth/Downloads/benchmark/sketches/23.png": 0.34240179200194965, 
        "/home/laeroth/Downloads/benchmark/sketches/26.png": 0.26611175818087374, 
        "/home/laeroth/Downloads/benchmark/sketches/43.png": 0.50850166839979971, 
        "/home/laeroth/Downloads/benchmark/sketches/4.png": 0.39479046042181376, 
        "/home/laeroth/Downloads/benchmark/sketches/0.png": 0.26059026263168805, 
        "/home/laeroth/Downloads/benchmark/sketches/11.png": 0.39731985047445745, 
        "/home/laeroth/Downloads/benchmark/sketches/25.png": 0.23849486077892462, 
        "/home/laeroth/Downloads/benchmark/sketches/27.png": 0.28921370807533742, 
        "/home/laeroth/Downloads/benchmark/sketches/33.png": 0.15048087656144837, 
        "/home/laeroth/Downloads/benchmark/sketches/30.png": 0.038347550356305993, 
        "/home/laeroth/Downloads/benchmark/sketches/6.png": 0.06653264634433502, 
        "/home/laeroth/Downloads/benchmark/sketches/2.png": 0.10791261976987963, 
        "/home/laeroth/Downloads/benchmark/sketches/1.png": 0.18300452020117083, 
        "/home/laeroth/Downloads/benchmark/sketches/38.png": 0.12839625280979874, 
        "/home/laeroth/Downloads/benchmark/sketches/9.png": 0.43070721392862776, 
        "/home/laeroth/Downloads/benchmark/sketches/14.png": 0.16543448452210896, 
        "/home/laeroth/Downloads/benchmark/sketches/13.png": 0.34628337626968997, 
        "/home/laeroth/Downloads/benchmark/sketches/28.png": 0.29546440024617265, 
        "/home/laeroth/Downloads/benchmark/sketches/34.png": 0.049414724890454738, 
        "/home/laeroth/Downloads/benchmark/sketches/7.png": 0.10764656554731747, 
        "/home/laeroth/Downloads/benchmark/sketches/8.png": -0.11002916385742015, 
        "/home/laeroth/Downloads/benchmark/sketches/20.png": 0.015780897064551949, 
        "/home/laeroth/Downloads/benchmark/sketches/24.png": -0.050157990586247848, 
        "/home/laeroth/Downloads/benchmark/sketches/10.png": 0.10375068719888411, 
        "/home/laeroth/Downloads/benchmark/sketches/12.png": -0.0558094378054141, 
        "/home/laeroth/Downloads/benchmark/sketches/46.png": 0.30512812154063101, 
        "/home/laeroth/Downloads/benchmark/sketches/47.png": 0.0543338100191227, 
        "/home/laeroth/Downloads/benchmark/sketches/45.png": 0.16770299059638757
    }, 
    "config": {
        "features": {
            "extractor": "features.patch_means2", 
            "patch_size": 3, 
            "grid_size": 8
        }, 
        "curvelets": {
            "transform": "transforms.curvelet_strictangles", 
            "angles": 12, 
            "scales": 4
        }, 
        "readers": {
            "query": "readers.luma", 
            "image": "readers.luma"
        }, 
        "metric": {
            "metric": "metrics.histogram_intersection"
        }, 
        "cache": {
            "reader_enabled": false, 
            "feature_enabled": true
        }, 
        "codebook": {
            "codebook_size": 1000, 
            "metric": "kmeans"
        }, 
        "weights": {
            "use_stopwords": false, 
            "use_weights": "weights.tfidf"
        }, 
        "images": [
            {
                "query_image": "/home/laeroth/Downloads/benchmark/sketches/0.png", 
                "source_images": [
                    "/home/laeroth/Downloads/benchmark/images/0/*.jpg"
                ], 
                "key": "set0"
            }, 
            {
                "query_image": "/home/laeroth/Downloads/benchmark/sketches/1.png", 
                "source_images": [
                    "/home/laeroth/Downloads/benchmark/images/1/*.jpg"
                ], 
                "key": "set1"
            }, 
            {
                "query_image": "/home/laeroth/Downloads/benchmark/sketches/2.png", 
                "source_images": [
                    "/home/laeroth/Downloads/benchmark/images/2/*.jpg"
                ], 
                "key": "set2"
            }, 
            {
                "query_image": "/home/laeroth/Downloads/benchmark/sketches/4.png", 
                "source_images": [
                    "/home/laeroth/Downloads/benchmark/images/4/*.jpg"
                ], 
                "key": "set4"
            }, 
            {
                "query_image": "/home/laeroth/Downloads/benchmark/sketches/6.png", 
                "source_images": [
                    "/home/laeroth/Downloads/benchmark/images/6/*.jpg"
                ], 
                "key": "set6"
            }, 
            {
                "query_image": "/home/laeroth/Downloads/benchmark/sketches/7.png", 
                "source_images": [
                    "/home/laeroth/Downloads/benchmark/images/7/*.jpg"
                ], 
                "key": "set7"
            }, 
            {
                "query_image": "/home/laeroth/Downloads/benchmark/sketches/8.png", 
                "source_images": [
                    "/home/laeroth/Downloads/benchmark/images/8/*.jpg"
                ], 
                "key": "set8"
            }, 
            {
                "query_image": "/home/laeroth/Downloads/benchmark/sketches/9.png", 
                "source_images": [
                    "/home/laeroth/Downloads/benchmark/images/9/*.jpg"
                ], 
                "key": "set9"
            }, 
            {
                "query_image": "/home/laeroth/Downloads/benchmark/sketches/10.png", 
                "source_images": [
                    "/home/laeroth/Downloads/benchmark/images/10/*.jpg"
                ], 
                "key": "set10"
            }, 
            {
                "query_image": "/home/laeroth/Downloads/benchmark/sketches/11.png", 
                "source_images": [
                    "/home/laeroth/Downloads/benchmark/images/11/*.jpg"
                ], 
                "key": "set11"
            }, 
            {
                "query_image": "/home/laeroth/Downloads/benchmark/sketches/12.png", 
                "source_images": [
                    "/home/laeroth/Downloads/benchmark/images/12/*.jpg"
                ], 
                "key": "set12"
            }, 
            {
                "query_image": "/home/laeroth/Downloads/benchmark/sketches/13.png", 
                "source_images": [
                    "/home/laeroth/Downloads/benchmark/images/13/*.jpg"
                ], 
                "key": "set13"
            }, 
            {
                "query_image": "/home/laeroth/Downloads/benchmark/sketches/14.png", 
                "source_images": [
                    "/home/laeroth/Downloads/benchmark/images/14/*.jpg"
                ], 
                "key": "set14"
            }, 
            {
                "query_image": "/home/laeroth/Downloads/benchmark/sketches/20.png", 
                "source_images": [
                    "/home/laeroth/Downloads/benchmark/images/20/*.jpg"
                ], 
                "key": "set20"
            }, 
            {
                "query_image": "/home/laeroth/Downloads/benchmark/sketches/21.png", 
                "source_images": [
                    "/home/laeroth/Downloads/benchmark/images/21/*.jpg"
                ], 
                "key": "set21"
            }, 
            {
                "query_image": "/home/laeroth/Downloads/benchmark/sketches/23.png", 
                "source_images": [
                    "/home/laeroth/Downloads/benchmark/images/23/*.jpg"
                ], 
                "key": "set23"
            }, 
            {
                "query_image": "/home/laeroth/Downloads/benchmark/sketches/24.png",