{
    "duration": 122.309174, 
    "correlations": {
        "/home/laeroth/Downloads/benchmark/sketches/42.png": -0.22034197944857242, 
        "/home/laeroth/Downloads/benchmark/sketches/21.png": 0.11598092227777526, 
        "/home/laeroth/Downloads/benchmark/sketches/48.png": 0.24516639269394189, 
        "/home/laeroth/Downloads/benchmark/sketches/23.png": 0.30373330992486036, 
        "/home/laeroth/Downloads/benchmark/sketches/26.png": 0.36883894507575554, 
        "/home/laeroth/Downloads/benchmark/sketches/43.png": 0.30225236635863756, 
        "/home/laeroth/Downloads/benchmark/sketches/4.png": 0.35567039841387404, 
        "/home/laeroth/Downloads/benchmark/sketches/0.png": 0.28461332263948858, 
        "/home/laeroth/Downloads/benchmark/sketches/11.png": 0.40832802069507701, 
        "/home/laeroth/Downloads/benchmark/sketches/25.png": 0.41393346795523189, 
        "/home/laeroth/Downloads/benchmark/sketches/27.png": 0.3696091274748815, 
        "/home/laeroth/Downloads/benchmark/sketches/33.png": 0.10952355874273619, 
        "/home/laeroth/Downloads/benchmark/sketches/30.png": -0.012936783812941844, 
        "/home/laeroth/Downloads/benchmark/sketches/6.png": 0.025974047878275282, 
        "/home/laeroth/Downloads/benchmark/sketches/2.png": 0.13899717503982545, 
        "/home/laeroth/Downloads/benchmark/sketches/1.png": 0.083709800776320176, 
        "/home/laeroth/Downloads/benchmark/sketches/38.png": 0.23560936006735461, 
        "/home/laeroth/Downloads/benchmark/sketches/9.png": 0.20903504231671283, 
        "/home/laeroth/Downloads/benchmark/sketches/14.png": 0.27103454292713941, 
        "/home/laeroth/Downloads/benchmark/sketches/13.png": 0.51837621147278068, 
        "/home/laeroth/Downloads/benchmark/sketches/28.png": 0.32624662739150673, 
        "/home/laeroth/Downloads/benchmark/sketches/34.png": 0.30591284910304539, 
        "/home/laeroth/Downloads/benchmark/sketches/7.png": 0.37580717695952803, 
        "/home/laeroth/Downloads/benchmark/sketches/8.png": 0.19213606385994003, 
        "/home/laeroth/Downloads/benchmark/sketches/20.png": 0.10309415313580023, 
        "/home/laeroth/Downloads/benchmark/sketches/24.png": -0.1572524336152995, 
        "/home/laeroth/Downloads/benchmark/sketches/10.png": 0.45519786351463193, 
        "/home/laeroth/Downloads/benchmark/sketches/12.png": 0.037395858475706305, 
        "/home/laeroth/Downloads/benchmark/sketches/46.png": 0.073930023274012366, 
        "/home/laeroth/Downloads/benchmark/sketches/47.png": 0.02319618445555505, 
        "/home/laeroth/Downloads/benchmark/sketches/45.png": 0.078456737649795952
    }, 
    "config": {
        "features": {
            "extractor": "features.patch_means", 
            "patch_size": 3, 
            "grid_size": 12
        }, 
        "curvelets": {
            "transform": "transforms.curvelet_strictangles", 
            "angles": 12, 
            "scales": 4
        }, 
        "readers": {
            "query": "readers.luma", 
            "image": "readers.canny", 
            "canny_sigma": 1.5
        }, 
        "metric": {
            "metric": "metrics.histogram_intersection"
        }, 
        "cache": {
            "reader_enabled": true, 
            "reader_path": "/media/data0/unsorted/caches", 
            "feature_enabled": true
        }, 
        "codebook": {
            "codebook_size": 1000, 
            "metric": "kmeans"
        }, 
        "weights": {
            "use_stopwords": false, 
            "use_weights": "weights.tfidf"
        }, 
        "images": [
            {
                "query_image": "/home/laeroth/Downloads/benchmark/sketches/0.png", 
                "source_images": [
                    "/home/laeroth/Downloads/benchmark/images/0/*.jpg"
                ], 
                "key": "set0"
            }, 
            {
                "query_image": "/home/laeroth/Downloads/benchmark/sketches/1.png", 
                "source_images": [
                    "/home/laeroth/Downloads/benchmark/images/1/*.jpg"
                ], 
                "key": "set1"
            }, 
            {
                "query_image": "/home/laeroth/Downloads/benchmark/sketches/2.png", 
                "source_images": [
                    "/home/laeroth/Downloads/benchmark/images/2/*.jpg"
                ], 
                "key": "set2"
            }, 
            {
                "query_image": "/home/laeroth/Downloads/benchmark/sketches/4.png", 
                "source_images": [
                    "/home/laeroth/Downloads/benchmark/images/4/*.jpg"
                ], 
                "key": "set4"
            }, 
            {
                "query_image": "/home/laeroth/Downloads/benchmark/sketches/6.png", 
                "source_images": [
                    "/home/laeroth/Downloads/benchmark/images/6/*.jpg"
                ], 
                "key": "set6"
            }, 
            {
                "query_image": "/home/laeroth/Downloads/benchmark/sketches/7.png", 
                "source_images": [
                    "/home/laeroth/Downloads/benchmark/images/7/*.jpg"
                ], 
                "key": "set7"
            }, 
            {
                "query_image": "/home/laeroth/Downloads/benchmark/sketches/8.png", 
                "source_images": [
                    "/home/laeroth/Downloads/benchmark/images/8/*.jpg"
                ], 
                "key": "set8"
            }, 
            {
                "query_image": "/home/laeroth/Downloads/benchmark/sketches/9.png", 
                "source_images": [
                    "/home/laeroth/Downloads/benchmark/images/9/*.jpg"
                ], 
                "key": "set9"
            }, 
            {
                "query_image": "/home/laeroth/Downloads/benchmark/sketches/10.png", 
                "source_images": [
                    "/home/laeroth/Downloads/benchmark/images/10/*.jpg"
                ], 
                "key": "set10"
            }, 
            {
                "query_image": "/home/laeroth/Downloads/benchmark/sketches/11.png", 
                "source_images": [
                    "/home/laeroth/Downloads/benchmark/images/11/*.jpg"
                ], 
                "key": "set11"
            }, 
            {
                "query_image": "/home/laeroth/Downloads/benchmark/sketches/12.png", 
                "source_images": [
                    "/home/laeroth/Downloads/benchmark/images/12/*.jpg"
                ], 
                "key": "set12"
            }, 
            {
                "query_image": "/home/laeroth/Downloads/benchmark/sketches/13.png", 
                "source_images": [
                    "/home/laeroth/Downloads/benchmark/images/13/*.jpg"
                ], 
                "key": "set13"
            }, 
            {
                "query_image": "/home/laeroth/Downloads/benchmark/sketches/14.png", 
                "source_images": [
                    "/home/laeroth/Downloads/benchmark/images/14/*.jpg"
                ], 
                "key": "set14"
            }, 
            {
                "query_image": "/home/laeroth/Downloads/benchmark/sketches/20.png", 
                "source_images": [
                    "/home/laeroth/Downloads/benchmark/images/20/*.jpg"
                ], 
                "key": "set20"
            }, 
            {
                "query_image": "/home/laeroth/Downloads/benchmark/sketches/21.png", 
                "source_images": [
                    "/home/laeroth/Downloads/benchmark/images/21/*.jpg"
                ], 
                "key": "set21"
            }, 
            {
                "query_image": "/home/laeroth/Downloads/benchmark/sketches/23.png", 
                "source_images": [
                    "/home/laeroth/Downloads/benchmark/images/23/*.jpg"
                ],