{
    "duration": 62.744221, 
    "correlations": {
        "/home/laeroth/Downloads/benchmark/sketches/42.png": -0.16802105858928804, 
        "/home/laeroth/Downloads/benchmark/sketches/21.png": 0.2758703410126756, 
        "/home/laeroth/Downloads/benchmark/sketches/48.png": -0.27622838183955295, 
        "/home/laeroth/Downloads/benchmark/sketches/23.png": 0.40034671064843341, 
        "/home/laeroth/Downloads/benchmark/sketches/26.png": 0.29442151968947733, 
        "/home/laeroth/Downloads/benchmark/sketches/43.png": 0.51143775360978549, 
        "/home/laeroth/Downloads/benchmark/sketches/4.png": 0.36274105035067022, 
        "/home/laeroth/Downloads/benchmark/sketches/0.png": 0.28795306236476359, 
        "/home/laeroth/Downloads/benchmark/sketches/11.png": 0.42223886548679274, 
        "/home/laeroth/Downloads/benchmark/sketches/25.png": 0.15840879366520833, 
        "/home/laeroth/Downloads/benchmark/sketches/27.png": 0.26231010732414328, 
        "/home/laeroth/Downloads/benchmark/sketches/33.png": 0.080740521362434897, 
        "/home/laeroth/Downloads/benchmark/sketches/30.png": 0.047008018839783929, 
        "/home/laeroth/Downloads/benchmark/sketches/6.png": 0.058968882445110893, 
        "/home/laeroth/Downloads/benchmark/sketches/2.png": 0.12451456127293804, 
        "/home/laeroth/Downloads/benchmark/sketches/1.png": 0.1669749271908493, 
        "/home/laeroth/Downloads/benchmark/sketches/38.png": 0.089230341785001902, 
        "/home/laeroth/Downloads/benchmark/sketches/9.png": 0.35880804428665664, 
        "/home/laeroth/Downloads/benchmark/sketches/14.png": 0.16378667282320383, 
        "/home/laeroth/Downloads/benchmark/sketches/13.png": 0.3457804226618047, 
        "/home/laeroth/Downloads/benchmark/sketches/28.png": 0.29208766424335925, 
        "/home/laeroth/Downloads/benchmark/sketches/34.png": 0.032472533499441687, 
        "/home/laeroth/Downloads/benchmark/sketches/7.png": -0.022662434852066836, 
        "/home/laeroth/Downloads/benchmark/sketches/8.png": -0.069277621688005275, 
        "/home/laeroth/Downloads/benchmark/sketches/20.png": 0.019686734693064176, 
        "/home/laeroth/Downloads/benchmark/sketches/24.png": -0.059955478175324151, 
        "/home/laeroth/Downloads/benchmark/sketches/10.png": 0.081048244505681225, 
        "/home/laeroth/Downloads/benchmark/sketches/12.png": -0.02582604217207294, 
        "/home/laeroth/Downloads/benchmark/sketches/46.png": 0.26226395753074649, 
        "/home/laeroth/Downloads/benchmark/sketches/47.png": -0.0025873242866248907, 
        "/home/laeroth/Downloads/benchmark/sketches/45.png": 0.19238230065730669
    }, 
    "config": {
        "features": {
            "extractor": "features.patch_means2", 
            "patch_size": 3, 
            "grid_size": 8
        }, 
        "curvelets": {
            "transform": "transforms.curvelet_strictangles", 
            "angles": 12, 
            "scales": 4
        }, 
        "readers": {
            "query": "readers.luma", 
            "image": "readers.luma"
        }, 
        "metric": {
            "metric": "metrics.cosine"
        }, 
        "cache": {
            "reader_enabled": false, 
            "feature_enabled": true
        }, 
        "codebook": {
            "codebook_size": 1000, 
            "metric": "kmeans"
        }, 
        "weights": {
            "use_stopwords": false, 
            "use_weights": "weights.tfidf"
        }, 
        "images": [
            {
                "query_image": "/home/laeroth/Downloads/benchmark/sketches/0.png", 
                "source_images": [
                    "/home/laeroth/Downloads/benchmark/images/0/*.jpg"
                ], 
                "key": "set0"
            }, 
            {
                "query_image": "/home/laeroth/Downloads/benchmark/sketches/1.png", 
                "source_images": [
                    "/home/laeroth/Downloads/benchmark/images/1/*.jpg"
                ], 
                "key": "set1"
            }, 
            {
                "query_image": "/home/laeroth/Downloads/benchmark/sketches/2.png", 
                "source_images": [
                    "/home/laeroth/Downloads/benchmark/images/2/*.jpg"
                ], 
                "key": "set2"
            }, 
            {
                "query_image": "/home/laeroth/Downloads/benchmark/sketches/4.png", 
                "source_images": [
                    "/home/laeroth/Downloads/benchmark/images/4/*.jpg"
                ], 
                "key": "set4"
            }, 
            {
                "query_image": "/home/laeroth/Downloads/benchmark/sketches/6.png", 
                "source_images": [
                    "/home/laeroth/Downloads/benchmark/images/6/*.jpg"
                ], 
                "key": "set6"
            }, 
            {
                "query_image": "/home/laeroth/Downloads/benchmark/sketches/7.png", 
                "source_images": [
                    "/home/laeroth/Downloads/benchmark/images/7/*.jpg"
                ], 
                "key": "set7"
            }, 
            {
                "query_image": "/home/laeroth/Downloads/benchmark/sketches/8.png", 
                "source_images": [
                    "/home/laeroth/Downloads/benchmark/images/8/*.jpg"
                ], 
                "key": "set8"
            }, 
            {
                "query_image": "/home/laeroth/Downloads/benchmark/sketches/9.png", 
                "source_images": [
                    "/home/laeroth/Downloads/benchmark/images/9/*.jpg"
                ], 
                "key": "set9"
            }, 
            {
                "query_image": "/home/laeroth/Downloads/benchmark/sketches/10.png", 
                "source_images": [
                    "/home/laeroth/Downloads/benchmark/images/10/*.jpg"
                ], 
                "key": "set10"
            }, 
            {
                "query_image": "/home/laeroth/Downloads/benchmark/sketches/11.png", 
                "source_images": [
                    "/home/laeroth/Downloads/benchmark/images/11/*.jpg"
                ], 
                "key": "set11"
            }, 
            {
                "query_image": "/home/laeroth/Downloads/benchmark/sketches/12.png", 
                "source_images": [
                    "/home/laeroth/Downloads/benchmark/images/12/*.jpg"
                ], 
                "key": "set12"
            }, 
            {
                "query_image": "/home/laeroth/Downloads/benchmark/sketches/13.png", 
                "source_images": [
                    "/home/laeroth/Downloads/benchmark/images/13/*.jpg"
                ], 
                "key": "set13"
            }, 
            {
                "query_image": "/home/laeroth/Downloads/benchmark/sketches/14.png", 
                "source_images": [
                    "/home/laeroth/Downloads/benchmark/images/14/*.jpg"
                ], 
                "key": "set14"
            }, 
            {
                "query_image": "/home/laeroth/Downloads/benchmark/sketches/20.png", 
                "source_images": [
                    "/home/laeroth/Downloads/benchmark/images/20/*.jpg"
                ], 
                "key": "set20"
            }, 
            {
                "query_image": "/home/laeroth/Downloads/benchmark/sketches/21.png", 
                "source_images": [
                    "/home/laeroth/Downloads/benchmark/images/21/*.jpg"
                ], 
                "key": "set21"
            }, 
            {
                "query_image": "/home/laeroth/Downloads/benchmark/sketches/23.png", 
                "source_images": [
                    "/home/laeroth/Downloads/benchmark/images/23/*.jpg"
                ], 
                "key": "set23"
            }, 
            {
                "query_image": "/home/laeroth/Downloads/benchmark/sketches/24.png",