{
    "duration": 96.804243, 
    "correlations": {
        "/home/laeroth/Downloads/benchmark/sketches/42.png": -0.17151300537873521, 
        "/home/laeroth/Downloads/benchmark/sketches/21.png": 0.16591061869203005, 
        "/home/laeroth/Downloads/benchmark/sketches/48.png": 0.12289872633186172, 
        "/home/laeroth/Downloads/benchmark/sketches/23.png": 0.3805927611098594, 
        "/home/laeroth/Downloads/benchmark/sketches/26.png": 0.38424079934413941, 
        "/home/laeroth/Downloads/benchmark/sketches/43.png": 0.26859348929766258, 
        "/home/laeroth/Downloads/benchmark/sketches/4.png": 0.36425490805878546, 
        "/home/laeroth/Downloads/benchmark/sketches/0.png": 0.32006761566037484, 
        "/home/laeroth/Downloads/benchmark/sketches/11.png": 0.4151865447648958, 
        "/home/laeroth/Downloads/benchmark/sketches/25.png": 0.29811906321704673, 
        "/home/laeroth/Downloads/benchmark/sketches/27.png": 0.30169558551783304, 
        "/home/laeroth/Downloads/benchmark/sketches/33.png": 0.041174195068438058, 
        "/home/laeroth/Downloads/benchmark/sketches/30.png": 0.064948310438134357, 
        "/home/laeroth/Downloads/benchmark/sketches/6.png": 0.040229150382312388, 
        "/home/laeroth/Downloads/benchmark/sketches/2.png": 0.2786126201001714, 
        "/home/laeroth/Downloads/benchmark/sketches/1.png": -0.0025773388478918971, 
        "/home/laeroth/Downloads/benchmark/sketches/38.png": 0.24690094564435547, 
        "/home/laeroth/Downloads/benchmark/sketches/9.png": 0.36297185687916028, 
        "/home/laeroth/Downloads/benchmark/sketches/14.png": 0.12846199357087459, 
        "/home/laeroth/Downloads/benchmark/sketches/13.png": 0.56028967829324061, 
        "/home/laeroth/Downloads/benchmark/sketches/28.png": 0.30659415268558216, 
        "/home/laeroth/Downloads/benchmark/sketches/34.png": 0.1451404569352652, 
        "/home/laeroth/Downloads/benchmark/sketches/7.png": 0.44818803252699585, 
        "/home/laeroth/Downloads/benchmark/sketches/8.png": 0.13151220042714182, 
        "/home/laeroth/Downloads/benchmark/sketches/20.png": 0.16919346008267586, 
        "/home/laeroth/Downloads/benchmark/sketches/24.png": -0.12433295172689737, 
        "/home/laeroth/Downloads/benchmark/sketches/10.png": 0.48329434036948549, 
        "/home/laeroth/Downloads/benchmark/sketches/12.png": 0.12572912556175109, 
        "/home/laeroth/Downloads/benchmark/sketches/46.png": 0.17837055584714123, 
        "/home/laeroth/Downloads/benchmark/sketches/47.png": 0.28240132876058299, 
        "/home/laeroth/Downloads/benchmark/sketches/45.png": 0.10916139962107352
    }, 
    "config": {
        "features": {
            "extractor": "features.patch_means", 
            "patch_size": 3, 
            "grid_size": 8
        }, 
        "curvelets": {
            "transform": "transforms.curvelet_strictangles", 
            "angles": 12, 
            "scales": 4
        }, 
        "readers": {
            "query": "readers.luma", 
            "image": "readers.canny", 
            "canny_sigma": 1.5
        }, 
        "metric": {
            "metric": "metrics.histogram_intersection"
        }, 
        "cache": {
            "reader_enabled": true, 
            "reader_path": "/media/data0/unsorted/caches", 
            "feature_enabled": true
        }, 
        "codebook": {
            "codebook_size": 1000, 
            "metric": "kmeans"
        }, 
        "weights": {
            "use_stopwords": false, 
            "use_weights": "weights.tfidf"
        }, 
        "images": [
            {
                "query_image": "/home/laeroth/Downloads/benchmark/sketches/0.png", 
                "source_images": [
                    "/home/laeroth/Downloads/benchmark/images/0/*.jpg"
                ], 
                "key": "set0"
            }, 
            {
                "query_image": "/home/laeroth/Downloads/benchmark/sketches/1.png", 
                "source_images": [
                    "/home/laeroth/Downloads/benchmark/images/1/*.jpg"
                ], 
                "key": "set1"
            }, 
            {
                "query_image": "/home/laeroth/Downloads/benchmark/sketches/2.png", 
                "source_images": [
                    "/home/laeroth/Downloads/benchmark/images/2/*.jpg"
                ], 
                "key": "set2"
            }, 
            {
                "query_image": "/home/laeroth/Downloads/benchmark/sketches/4.png", 
                "source_images": [
                    "/home/laeroth/Downloads/benchmark/images/4/*.jpg"
                ], 
                "key": "set4"
            }, 
            {
                "query_image": "/home/laeroth/Downloads/benchmark/sketches/6.png", 
                "source_images": [
                    "/home/laeroth/Downloads/benchmark/images/6/*.jpg"
                ], 
                "key": "set6"
            }, 
            {
                "query_image": "/home/laeroth/Downloads/benchmark/sketches/7.png", 
                "source_images": [
                    "/home/laeroth/Downloads/benchmark/images/7/*.jpg"
                ], 
                "key": "set7"
            }, 
            {
                "query_image": "/home/laeroth/Downloads/benchmark/sketches/8.png", 
                "source_images": [
                    "/home/laeroth/Downloads/benchmark/images/8/*.jpg"
                ], 
                "key": "set8"
            }, 
            {
                "query_image": "/home/laeroth/Downloads/benchmark/sketches/9.png", 
                "source_images": [
                    "/home/laeroth/Downloads/benchmark/images/9/*.jpg"
                ], 
                "key": "set9"
            }, 
            {
                "query_image": "/home/laeroth/Downloads/benchmark/sketches/10.png", 
                "source_images": [
                    "/home/laeroth/Downloads/benchmark/images/10/*.jpg"
                ], 
                "key": "set10"
            }, 
            {
                "query_image": "/home/laeroth/Downloads/benchmark/sketches/11.png", 
                "source_images": [
                    "/home/laeroth/Downloads/benchmark/images/11/*.jpg"
                ], 
                "key": "set11"
            }, 
            {
                "query_image": "/home/laeroth/Downloads/benchmark/sketches/12.png", 
                "source_images": [
                    "/home/laeroth/Downloads/benchmark/images/12/*.jpg"
                ], 
                "key": "set12"
            }, 
            {
                "query_image": "/home/laeroth/Downloads/benchmark/sketches/13.png", 
                "source_images": [
                    "/home/laeroth/Downloads/benchmark/images/13/*.jpg"
                ], 
                "key": "set13"
            }, 
            {
                "query_image": "/home/laeroth/Downloads/benchmark/sketches/14.png", 
                "source_images": [
                    "/home/laeroth/Downloads/benchmark/images/14/*.jpg"
                ], 
                "key": "set14"
            }, 
            {
                "query_image": "/home/laeroth/Downloads/benchmark/sketches/20.png", 
                "source_images": [
                    "/home/laeroth/Downloads/benchmark/images/20/*.jpg"
                ], 
                "key": "set20"
            }, 
            {
                "query_image": "/home/laeroth/Downloads/benchmark/sketches/21.png", 
                "source_images": [
                    "/home/laeroth/Downloads/benchmark/images/21/*.jpg"
                ], 
                "key": "set21"
            }, 
            {
                "query_image": "/home/laeroth/Downloads/benchmark/sketches/23.png", 
                "source_images": [
                    "/home/laeroth/Downloads/benchmark/images/23/*.jpg"
                ], 
                "key": "set23"
            }, 
            {
                "query_image": "/home/laeroth/Downloads/benchmark/sketches/24.png",