{
    "duration": 57.106704, 
    "correlations": {
        "/home/laeroth/Downloads/benchmark/sketches/42.png": -0.1713792660609201, 
        "/home/laeroth/Downloads/benchmark/sketches/21.png": 0.17852537577711744, 
        "/home/laeroth/Downloads/benchmark/sketches/48.png": 0.015504083010323, 
        "/home/laeroth/Downloads/benchmark/sketches/23.png": 0.41214892962292282, 
        "/home/laeroth/Downloads/benchmark/sketches/26.png": 0.28436690145224575, 
        "/home/laeroth/Downloads/benchmark/sketches/43.png": 0.35677194310898325, 
        "/home/laeroth/Downloads/benchmark/sketches/4.png": 0.25039294960817698, 
        "/home/laeroth/Downloads/benchmark/sketches/0.png": 0.44460450648343147, 
        "/home/laeroth/Downloads/benchmark/sketches/11.png": 0.38040140652586996, 
        "/home/laeroth/Downloads/benchmark/sketches/25.png": 0.35530037534382819, 
        "/home/laeroth/Downloads/benchmark/sketches/27.png": 0.29345482076719864, 
        "/home/laeroth/Downloads/benchmark/sketches/33.png": 0.20395079136182262, 
        "/home/laeroth/Downloads/benchmark/sketches/30.png": 0.060868791741147232, 
        "/home/laeroth/Downloads/benchmark/sketches/6.png": -0.014641822026907569, 
        "/home/laeroth/Downloads/benchmark/sketches/2.png": 0.20366646017161039, 
        "/home/laeroth/Downloads/benchmark/sketches/1.png": 0.14902775687745423, 
        "/home/laeroth/Downloads/benchmark/sketches/38.png": 0.17892962380969743, 
        "/home/laeroth/Downloads/benchmark/sketches/9.png": 0.23037312009062316, 
        "/home/laeroth/Downloads/benchmark/sketches/14.png": 0.12519440360983167, 
        "/home/laeroth/Downloads/benchmark/sketches/13.png": 0.51709056994798208, 
        "/home/laeroth/Downloads/benchmark/sketches/28.png": 0.2869401163138306, 
        "/home/laeroth/Downloads/benchmark/sketches/34.png": 0.17796284407861246, 
        "/home/laeroth/Downloads/benchmark/sketches/7.png": 0.33626006548194648, 
        "/home/laeroth/Downloads/benchmark/sketches/8.png": 0.12799017012299846, 
        "/home/laeroth/Downloads/benchmark/sketches/20.png": 0.14545503611159194, 
        "/home/laeroth/Downloads/benchmark/sketches/24.png": -0.15171741943382436, 
        "/home/laeroth/Downloads/benchmark/sketches/10.png": 0.45462245940287388, 
        "/home/laeroth/Downloads/benchmark/sketches/12.png": 0.086677789305396852, 
        "/home/laeroth/Downloads/benchmark/sketches/46.png": 0.19657880955409957, 
        "/home/laeroth/Downloads/benchmark/sketches/47.png": 0.14684937799667752, 
        "/home/laeroth/Downloads/benchmark/sketches/45.png": 0.19542522986847641
    }, 
    "config": {
        "features": {
            "extractor": "features.patch_means", 
            "patch_size": 2, 
            "grid_size": 6
        }, 
        "curvelets": {
            "transform": "transforms.curvelet_strictangles", 
            "angles": 12, 
            "scales": 4
        }, 
        "readers": {
            "query": "readers.luma", 
            "image": "readers.canny", 
            "canny_sigma": 1.5
        }, 
        "metric": {
            "metric": "metrics.histogram_intersection"
        }, 
        "cache": {
            "reader_enabled": true, 
            "reader_path": "/media/data0/unsorted/caches", 
            "feature_enabled": true
        }, 
        "codebook": {
            "codebook_size": 1000, 
            "metric": "kmeans"
        }, 
        "weights": {
            "use_stopwords": false, 
            "use_weights": "weights.tfidf"
        }, 
        "images": [
            {
                "query_image": "/home/laeroth/Downloads/benchmark/sketches/0.png", 
                "source_images": [
                    "/home/laeroth/Downloads/benchmark/images/0/*.jpg"
                ], 
                "key": "set0"
            }, 
            {
                "query_image": "/home/laeroth/Downloads/benchmark/sketches/1.png", 
                "source_images": [
                    "/home/laeroth/Downloads/benchmark/images/1/*.jpg"
                ], 
                "key": "set1"
            }, 
            {
                "query_image": "/home/laeroth/Downloads/benchmark/sketches/2.png", 
                "source_images": [
                    "/home/laeroth/Downloads/benchmark/images/2/*.jpg"
                ], 
                "key": "set2"
            }, 
            {
                "query_image": "/home/laeroth/Downloads/benchmark/sketches/4.png", 
                "source_images": [
                    "/home/laeroth/Downloads/benchmark/images/4/*.jpg"
                ], 
                "key": "set4"
            }, 
            {
                "query_image": "/home/laeroth/Downloads/benchmark/sketches/6.png", 
                "source_images": [
                    "/home/laeroth/Downloads/benchmark/images/6/*.jpg"
                ], 
                "key": "set6"
            }, 
            {
                "query_image": "/home/laeroth/Downloads/benchmark/sketches/7.png", 
                "source_images": [
                    "/home/laeroth/Downloads/benchmark/images/7/*.jpg"
                ], 
                "key": "set7"
            }, 
            {
                "query_image": "/home/laeroth/Downloads/benchmark/sketches/8.png", 
                "source_images": [
                    "/home/laeroth/Downloads/benchmark/images/8/*.jpg"
                ], 
                "key": "set8"
            }, 
            {
                "query_image": "/home/laeroth/Downloads/benchmark/sketches/9.png", 
                "source_images": [
                    "/home/laeroth/Downloads/benchmark/images/9/*.jpg"
                ], 
                "key": "set9"
            }, 
            {
                "query_image": "/home/laeroth/Downloads/benchmark/sketches/10.png", 
                "source_images": [
                    "/home/laeroth/Downloads/benchmark/images/10/*.jpg"
                ], 
                "key": "set10"
            }, 
            {
                "query_image": "/home/laeroth/Downloads/benchmark/sketches/11.png", 
                "source_images": [
                    "/home/laeroth/Downloads/benchmark/images/11/*.jpg"
                ], 
                "key": "set11"
            }, 
            {
                "query_image": "/home/laeroth/Downloads/benchmark/sketches/12.png", 
                "source_images": [
                    "/home/laeroth/Downloads/benchmark/images/12/*.jpg"
                ], 
                "key": "set12"
            }, 
            {
                "query_image": "/home/laeroth/Downloads/benchmark/sketches/13.png", 
                "source_images": [
                    "/home/laeroth/Downloads/benchmark/images/13/*.jpg"
                ], 
                "key": "set13"
            }, 
            {
                "query_image": "/home/laeroth/Downloads/benchmark/sketches/14.png", 
                "source_images": [
                    "/home/laeroth/Downloads/benchmark/images/14/*.jpg"
                ], 
                "key": "set14"
            }, 
            {
                "query_image": "/home/laeroth/Downloads/benchmark/sketches/20.png", 
                "source_images": [
                    "/home/laeroth/Downloads/benchmark/images/20/*.jpg"
                ], 
                "key": "set20"
            }, 
            {
                "query_image": "/home/laeroth/Downloads/benchmark/sketches/21.png", 
                "source_images": [
                    "/home/laeroth/Downloads/benchmark/images/21/*.jpg"
                ], 
                "key": "set21"
            }, 
            {
                "query_image": "/home/laeroth/Downloads/benchmark/sketches/23.png", 
                "source_images": [
                    "/home/laeroth/Downloads/benchmark/images/23/*.jpg"
                ], 
                "key": "set23"
            }, 
            {
                "query_image": "/home/laeroth/Downloads/benchmark/sketches/24.png",