{
    "duration": 87.907497, 
    "correlations": {
        "/home/laeroth/Downloads/benchmark/sketches/42.png": 0.034974122605755588, 
        "/home/laeroth/Downloads/benchmark/sketches/21.png": 0.23917024203796333, 
        "/home/laeroth/Downloads/benchmark/sketches/48.png": 0.071289830142331048, 
        "/home/laeroth/Downloads/benchmark/sketches/23.png": 0.14110106252255417, 
        "/home/laeroth/Downloads/benchmark/sketches/26.png": 0.19884951969637432, 
        "/home/laeroth/Downloads/benchmark/sketches/43.png": 0.10022147459546558, 
        "/home/laeroth/Downloads/benchmark/sketches/4.png": 0.10224069262556604, 
        "/home/laeroth/Downloads/benchmark/sketches/0.png": 0.15618425341458483, 
        "/home/laeroth/Downloads/benchmark/sketches/11.png": 0.12645203397209406, 
        "/home/laeroth/Downloads/benchmark/sketches/25.png": 0.21943019009188974, 
        "/home/laeroth/Downloads/benchmark/sketches/27.png": 0.3244156504811691, 
        "/home/laeroth/Downloads/benchmark/sketches/33.png": 0.096294921354955612, 
        "/home/laeroth/Downloads/benchmark/sketches/30.png": 0.27425288537932158, 
        "/home/laeroth/Downloads/benchmark/sketches/6.png": -0.0013403067728904277, 
        "/home/laeroth/Downloads/benchmark/sketches/2.png": 0.22290789332382174, 
        "/home/laeroth/Downloads/benchmark/sketches/1.png": -0.0090732511090239523, 
        "/home/laeroth/Downloads/benchmark/sketches/38.png": -0.023926736838817842, 
        "/home/laeroth/Downloads/benchmark/sketches/9.png": -0.059605917881616982, 
        "/home/laeroth/Downloads/benchmark/sketches/14.png": 0.27643390062671641, 
        "/home/laeroth/Downloads/benchmark/sketches/13.png": 0.35892972129728246, 
        "/home/laeroth/Downloads/benchmark/sketches/28.png": 0.51229258372328601, 
        "/home/laeroth/Downloads/benchmark/sketches/34.png": 0.26201912119830489, 
        "/home/laeroth/Downloads/benchmark/sketches/7.png": 0.27808247648966444, 
        "/home/laeroth/Downloads/benchmark/sketches/8.png": -0.0038809864299373356, 
        "/home/laeroth/Downloads/benchmark/sketches/20.png": 0.20841428313786078, 
        "/home/laeroth/Downloads/benchmark/sketches/24.png": -0.1224934233769587, 
        "/home/laeroth/Downloads/benchmark/sketches/10.png": 0.29288190994200891, 
        "/home/laeroth/Downloads/benchmark/sketches/12.png": 0.077025139622775421, 
        "/home/laeroth/Downloads/benchmark/sketches/46.png": 0.0040985748363157005, 
        "/home/laeroth/Downloads/benchmark/sketches/47.png": 0.13721359111508302, 
        "/home/laeroth/Downloads/benchmark/sketches/45.png": 0.18612633832647096
    }, 
    "config": {
        "features": {
            "extractor": "features.patch_means2", 
            "patch_size": 3, 
            "grid_size": 8
        }, 
        "curvelets": {
            "transform": "transforms.curvelet_strictangles", 
            "angles": 12, 
            "scales": 4
        }, 
        "readers": {
            "query": "readers.luma", 
            "image": "readers.segment"
        }, 
        "metric": {
            "metric": "metrics.histogram_intersection"
        }, 
        "cache": {
            "reader_enabled": false, 
            "feature_enabled": true
        }, 
        "codebook": {
            "codebook_size": 1000, 
            "metric": "kmeans"
        }, 
        "weights": {
            "use_stopwords": false, 
            "use_weights": "weights.tfidf"
        }, 
        "images": [
            {
                "query_image": "/home/laeroth/Downloads/benchmark/sketches/0.png", 
                "source_images": [
                    "/home/laeroth/Documents/inf/dipl/repo/src/benchmark/image_contours/0/*.jpg"
                ], 
                "key": "set0"
            }, 
            {
                "query_image": "/home/laeroth/Downloads/benchmark/sketches/1.png", 
                "source_images": [
                    "/home/laeroth/Documents/inf/dipl/repo/src/benchmark/image_contours/1/*.jpg"
                ], 
                "key": "set1"
            }, 
            {
                "query_image": "/home/laeroth/Downloads/benchmark/sketches/2.png", 
                "source_images": [
                    "/home/laeroth/Documents/inf/dipl/repo/src/benchmark/image_contours/2/*.jpg"
                ], 
                "key": "set2"
            }, 
            {
                "query_image": "/home/laeroth/Downloads/benchmark/sketches/4.png", 
                "source_images": [
                    "/home/laeroth/Documents/inf/dipl/repo/src/benchmark/image_contours/4/*.jpg"
                ], 
                "key": "set4"
            }, 
            {
                "query_image": "/home/laeroth/Downloads/benchmark/sketches/6.png", 
                "source_images": [
                    "/home/laeroth/Documents/inf/dipl/repo/src/benchmark/image_contours/6/*.jpg"
                ], 
                "key": "set6"
            }, 
            {
                "query_image": "/home/laeroth/Downloads/benchmark/sketches/7.png", 
                "source_images": [
                    "/home/laeroth/Documents/inf/dipl/repo/src/benchmark/image_contours/7/*.jpg"
                ], 
                "key": "set7"
            }, 
            {
                "query_image": "/home/laeroth/Downloads/benchmark/sketches/8.png", 
                "source_images": [
                    "/home/laeroth/Documents/inf/dipl/repo/src/benchmark/image_contours/8/*.jpg"
                ], 
                "key": "set8"
            }, 
            {
                "query_image": "/home/laeroth/Downloads/benchmark/sketches/9.png", 
                "source_images": [
                    "/home/laeroth/Documents/inf/dipl/repo/src/benchmark/image_contours/9/*.jpg"
                ], 
                "key": "set9"
            }, 
            {
                "query_image": "/home/laeroth/Downloads/benchmark/sketches/10.png", 
                "source_images": [
                    "/home/laeroth/Documents/inf/dipl/repo/src/benchmark/image_contours/10/*.jpg"
                ], 
                "key": "set10"
            }, 
            {
                "query_image": "/home/laeroth/Downloads/benchmark/sketches/11.png", 
                "source_images": [
                    "/home/laeroth/Documents/inf/dipl/repo/src/benchmark/image_contours/11/*.jpg"
                ], 
                "key": "set11"
            }, 
            {
                "query_image": "/home/laeroth/Downloads/benchmark/sketches/12.png", 
                "source_images": [
                    "/home/laeroth/Documents/inf/dipl/repo/src/benchmark/image_contours/12/*.jpg"
                ], 
                "key": "set12"
            }, 
            {
                "query_image": "/home/laeroth/Downloads/benchmark/sketches/13.png", 
                "source_images": [
                    "/home/laeroth/Documents/inf/dipl/repo/src/benchmark/image_contours/13/*.jpg"
                ], 
                "key": "set13"
            }, 
            {
                "query_image": "/home/laeroth/Downloads/benchmark/sketches/14.png", 
                "source_images": [
                    "/home/laeroth/Documents/inf/dipl/repo/src/benchmark/image_contours/14/*.jpg"
                ], 
                "key": "set14"
            }, 
            {
                "query_image": "/home/laeroth/Downloads/benchmark/sketches/20.png", 
                "source_images": [
                    "/home/laeroth/Documents/inf/dipl/repo/src/benchmark/image_contours/20/*.jpg"
                ], 
                "key": "set20"
            }, 
            {
                "query_image": "/home/laeroth/Downloads/benchmark/sketches/21.png", 
                "source_images": [
                    "/home/laeroth/Documents/inf/dipl/repo/src/benchmark/image_contours/21/*.jpg"
                ],