{
    "duration": 61.611581, 
    "correlations": {
        "/home/laeroth/Downloads/benchmark/sketches/42.png": -0.097554930602556059, 
        "/home/laeroth/Downloads/benchmark/sketches/21.png": 0.098325260131960579, 
        "/home/laeroth/Downloads/benchmark/sketches/48.png": 0.11773668734144881, 
        "/home/laeroth/Downloads/benchmark/sketches/23.png": 0.33042002492340705, 
        "/home/laeroth/Downloads/benchmark/sketches/26.png": 0.45996796421055786, 
        "/home/laeroth/Downloads/benchmark/sketches/43.png": 0.071854912072417468, 
        "/home/laeroth/Downloads/benchmark/sketches/4.png": 0.1793837831391287, 
        "/home/laeroth/Downloads/benchmark/sketches/0.png": 0.18094032493410084, 
        "/home/laeroth/Downloads/benchmark/sketches/11.png": 0.33761294804256425, 
        "/home/laeroth/Downloads/benchmark/sketches/25.png": 0.34051031519828034, 
        "/home/laeroth/Downloads/benchmark/sketches/27.png": 0.24120767261952994, 
        "/home/laeroth/Downloads/benchmark/sketches/33.png": 0.026801565455671153, 
        "/home/laeroth/Downloads/benchmark/sketches/30.png": 0.034074368732166321, 
        "/home/laeroth/Downloads/benchmark/sketches/6.png": -0.050453823154601223, 
        "/home/laeroth/Downloads/benchmark/sketches/2.png": -0.01525237829591029, 
        "/home/laeroth/Downloads/benchmark/sketches/1.png": 0.15654838469025018, 
        "/home/laeroth/Downloads/benchmark/sketches/38.png": 0.098113906117874003, 
        "/home/laeroth/Downloads/benchmark/sketches/9.png": 0.43704928993234154, 
        "/home/laeroth/Downloads/benchmark/sketches/14.png": 0.263240454920394, 
        "/home/laeroth/Downloads/benchmark/sketches/13.png": 0.45977217143951488, 
        "/home/laeroth/Downloads/benchmark/sketches/28.png": 0.37282779467526461, 
        "/home/laeroth/Downloads/benchmark/sketches/34.png": -0.047425143141252991, 
        "/home/laeroth/Downloads/benchmark/sketches/7.png": 0.31024279727426379, 
        "/home/laeroth/Downloads/benchmark/sketches/8.png": 0.13821941434246088, 
        "/home/laeroth/Downloads/benchmark/sketches/20.png": 0.051351996801290656, 
        "/home/laeroth/Downloads/benchmark/sketches/24.png": -0.15479456851699283, 
        "/home/laeroth/Downloads/benchmark/sketches/10.png": 0.41154115582996575, 
        "/home/laeroth/Downloads/benchmark/sketches/12.png": 0.067436970240266, 
        "/home/laeroth/Downloads/benchmark/sketches/46.png": 0.11786135557550188, 
        "/home/laeroth/Downloads/benchmark/sketches/47.png": 0.059739308892588945, 
        "/home/laeroth/Downloads/benchmark/sketches/45.png": 0.010862268618852259
    }, 
    "config": {
        "features": {
            "extractor": "features.patch_means", 
            "patch_size": 3, 
            "grid_size": 8
        }, 
        "curvelets": {
            "transform": "transforms.curvelet_strictangles", 
            "angles": 8, 
            "scales": 4
        }, 
        "readers": {
            "query": "readers.luma", 
            "image": "readers.canny", 
            "canny_sigma": 0.5
        }, 
        "metric": {
            "metric": "metrics.histogram_intersection"
        }, 
        "cache": {
            "reader_enabled": true, 
            "reader_path": "/media/data0/unsorted/caches", 
            "feature_enabled": true
        }, 
        "codebook": {
            "codebook_size": 1000, 
            "metric": "kmeans"
        }, 
        "weights": {
            "use_stopwords": false, 
            "use_weights": "weights.tfidf"
        }, 
        "images": [
            {
                "query_image": "/home/laeroth/Downloads/benchmark/sketches/0.png", 
                "source_images": [
                    "/home/laeroth/Downloads/benchmark/images/0/*.jpg"
                ], 
                "key": "set0"
            }, 
            {
                "query_image": "/home/laeroth/Downloads/benchmark/sketches/1.png", 
                "source_images": [
                    "/home/laeroth/Downloads/benchmark/images/1/*.jpg"
                ], 
                "key": "set1"
            }, 
            {
                "query_image": "/home/laeroth/Downloads/benchmark/sketches/2.png", 
                "source_images": [
                    "/home/laeroth/Downloads/benchmark/images/2/*.jpg"
                ], 
                "key": "set2"
            }, 
            {
                "query_image": "/home/laeroth/Downloads/benchmark/sketches/4.png", 
                "source_images": [
                    "/home/laeroth/Downloads/benchmark/images/4/*.jpg"
                ], 
                "key": "set4"
            }, 
            {
                "query_image": "/home/laeroth/Downloads/benchmark/sketches/6.png", 
                "source_images": [
                    "/home/laeroth/Downloads/benchmark/images/6/*.jpg"
                ], 
                "key": "set6"
            }, 
            {
                "query_image": "/home/laeroth/Downloads/benchmark/sketches/7.png", 
                "source_images": [
                    "/home/laeroth/Downloads/benchmark/images/7/*.jpg"
                ], 
                "key": "set7"
            }, 
            {
                "query_image": "/home/laeroth/Downloads/benchmark/sketches/8.png", 
                "source_images": [
                    "/home/laeroth/Downloads/benchmark/images/8/*.jpg"
                ], 
                "key": "set8"
            }, 
            {
                "query_image": "/home/laeroth/Downloads/benchmark/sketches/9.png", 
                "source_images": [
                    "/home/laeroth/Downloads/benchmark/images/9/*.jpg"
                ], 
                "key": "set9"
            }, 
            {
                "query_image": "/home/laeroth/Downloads/benchmark/sketches/10.png", 
                "source_images": [
                    "/home/laeroth/Downloads/benchmark/images/10/*.jpg"
                ], 
                "key": "set10"
            }, 
            {
                "query_image": "/home/laeroth/Downloads/benchmark/sketches/11.png", 
                "source_images": [
                    "/home/laeroth/Downloads/benchmark/images/11/*.jpg"
                ], 
                "key": "set11"
            }, 
            {
                "query_image": "/home/laeroth/Downloads/benchmark/sketches/12.png", 
                "source_images": [
                    "/home/laeroth/Downloads/benchmark/images/12/*.jpg"
                ], 
                "key": "set12"
            }, 
            {
                "query_image": "/home/laeroth/Downloads/benchmark/sketches/13.png", 
                "source_images": [
                    "/home/laeroth/Downloads/benchmark/images/13/*.jpg"
                ], 
                "key": "set13"
            }, 
            {
                "query_image": "/home/laeroth/Downloads/benchmark/sketches/14.png", 
                "source_images": [
                    "/home/laeroth/Downloads/benchmark/images/14/*.jpg"
                ], 
                "key": "set14"
            }, 
            {
                "query_image": "/home/laeroth/Downloads/benchmark/sketches/20.png", 
                "source_images": [
                    "/home/laeroth/Downloads/benchmark/images/20/*.jpg"
                ], 
                "key": "set20"
            }, 
            {
                "query_image": "/home/laeroth/Downloads/benchmark/sketches/21.png", 
                "source_images": [
                    "/home/laeroth/Downloads/benchmark/images/21/*.jpg"
                ], 
                "key": "set21"
            }, 
            {
                "query_image": "/home/laeroth/Downloads/benchmark/sketches/23.png", 
                "source_images": [
                    "/home/laeroth/Downloads/benchmark/images/23/*.jpg"
                ],