{
    "duration": 64.927577, 
    "correlations": {
        "/home/laeroth/Downloads/benchmark/sketches/42.png": -0.044189896914049655, 
        "/home/laeroth/Downloads/benchmark/sketches/21.png": 0.058027670293270481, 
        "/home/laeroth/Downloads/benchmark/sketches/48.png": 0.027002423969043884, 
        "/home/laeroth/Downloads/benchmark/sketches/23.png": 0.47838038183563625, 
        "/home/laeroth/Downloads/benchmark/sketches/26.png": 0.30341490744623284, 
        "/home/laeroth/Downloads/benchmark/sketches/43.png": 0.27975374283872501, 
        "/home/laeroth/Downloads/benchmark/sketches/4.png": 0.27095769046565971, 
        "/home/laeroth/Downloads/benchmark/sketches/0.png": 0.18509481800579181, 
        "/home/laeroth/Downloads/benchmark/sketches/11.png": 0.43881225431240517, 
        "/home/laeroth/Downloads/benchmark/sketches/25.png": 0.33853359060613536, 
        "/home/laeroth/Downloads/benchmark/sketches/27.png": 0.28114262784997918, 
        "/home/laeroth/Downloads/benchmark/sketches/33.png": 0.099970338257290514, 
        "/home/laeroth/Downloads/benchmark/sketches/30.png": 0.12965734975661902, 
        "/home/laeroth/Downloads/benchmark/sketches/6.png": 0.018060573078385659, 
        "/home/laeroth/Downloads/benchmark/sketches/2.png": 0.18555613445565838, 
        "/home/laeroth/Downloads/benchmark/sketches/1.png": 0.1023981196589846, 
        "/home/laeroth/Downloads/benchmark/sketches/38.png": 0.18680835287484424, 
        "/home/laeroth/Downloads/benchmark/sketches/9.png": 0.45593013988049158, 
        "/home/laeroth/Downloads/benchmark/sketches/14.png": 0.22908020536187679, 
        "/home/laeroth/Downloads/benchmark/sketches/13.png": 0.46722216421379298, 
        "/home/laeroth/Downloads/benchmark/sketches/28.png": 0.44981621841613778, 
        "/home/laeroth/Downloads/benchmark/sketches/34.png": 0.13662699531728842, 
        "/home/laeroth/Downloads/benchmark/sketches/7.png": 0.26750942619102813, 
        "/home/laeroth/Downloads/benchmark/sketches/8.png": 0.038292364152440327, 
        "/home/laeroth/Downloads/benchmark/sketches/20.png": 0.11367769368230528, 
        "/home/laeroth/Downloads/benchmark/sketches/24.png": -0.17923819236852495, 
        "/home/laeroth/Downloads/benchmark/sketches/10.png": 0.40676746367625555, 
        "/home/laeroth/Downloads/benchmark/sketches/12.png": 0.094494780230359551, 
        "/home/laeroth/Downloads/benchmark/sketches/46.png": 0.14761116323683465, 
        "/home/laeroth/Downloads/benchmark/sketches/47.png": 0.17032385674959694, 
        "/home/laeroth/Downloads/benchmark/sketches/45.png": -0.038905466408688208
    }, 
    "config": {
        "features": {
            "extractor": "features.patch_means", 
            "patch_size": 3, 
            "grid_size": 8
        }, 
        "curvelets": {
            "transform": "transforms.curvelet_strictangles", 
            "angles": 8, 
            "scales": 4
        }, 
        "readers": {
            "query": "readers.luma", 
            "image": "readers.canny", 
            "canny_sigma": 1.0
        }, 
        "metric": {
            "metric": "metrics.histogram_intersection"
        }, 
        "cache": {
            "reader_enabled": true, 
            "reader_path": "/media/data0/unsorted/caches", 
            "feature_enabled": true
        }, 
        "codebook": {
            "codebook_size": 1000, 
            "metric": "kmeans"
        }, 
        "weights": {
            "use_stopwords": false, 
            "use_weights": "weights.tfidf"
        }, 
        "images": [
            {
                "query_image": "/home/laeroth/Downloads/benchmark/sketches/0.png", 
                "source_images": [
                    "/home/laeroth/Downloads/benchmark/images/0/*.jpg"
                ], 
                "key": "set0"
            }, 
            {
                "query_image": "/home/laeroth/Downloads/benchmark/sketches/1.png", 
                "source_images": [
                    "/home/laeroth/Downloads/benchmark/images/1/*.jpg"
                ], 
                "key": "set1"
            }, 
            {
                "query_image": "/home/laeroth/Downloads/benchmark/sketches/2.png", 
                "source_images": [
                    "/home/laeroth/Downloads/benchmark/images/2/*.jpg"
                ], 
                "key": "set2"
            }, 
            {
                "query_image": "/home/laeroth/Downloads/benchmark/sketches/4.png", 
                "source_images": [
                    "/home/laeroth/Downloads/benchmark/images/4/*.jpg"
                ], 
                "key": "set4"
            }, 
            {
                "query_image": "/home/laeroth/Downloads/benchmark/sketches/6.png", 
                "source_images": [
                    "/home/laeroth/Downloads/benchmark/images/6/*.jpg"
                ], 
                "key": "set6"
            }, 
            {
                "query_image": "/home/laeroth/Downloads/benchmark/sketches/7.png", 
                "source_images": [
                    "/home/laeroth/Downloads/benchmark/images/7/*.jpg"
                ], 
                "key": "set7"
            }, 
            {
                "query_image": "/home/laeroth/Downloads/benchmark/sketches/8.png", 
                "source_images": [
                    "/home/laeroth/Downloads/benchmark/images/8/*.jpg"
                ], 
                "key": "set8"
            }, 
            {
                "query_image": "/home/laeroth/Downloads/benchmark/sketches/9.png", 
                "source_images": [
                    "/home/laeroth/Downloads/benchmark/images/9/*.jpg"
                ], 
                "key": "set9"
            }, 
            {
                "query_image": "/home/laeroth/Downloads/benchmark/sketches/10.png", 
                "source_images": [
                    "/home/laeroth/Downloads/benchmark/images/10/*.jpg"
                ], 
                "key": "set10"
            }, 
            {
                "query_image": "/home/laeroth/Downloads/benchmark/sketches/11.png", 
                "source_images": [
                    "/home/laeroth/Downloads/benchmark/images/11/*.jpg"
                ], 
                "key": "set11"
            }, 
            {
                "query_image": "/home/laeroth/Downloads/benchmark/sketches/12.png", 
                "source_images": [
                    "/home/laeroth/Downloads/benchmark/images/12/*.jpg"
                ], 
                "key": "set12"
            }, 
            {
                "query_image": "/home/laeroth/Downloads/benchmark/sketches/13.png", 
                "source_images": [
                    "/home/laeroth/Downloads/benchmark/images/13/*.jpg"
                ], 
                "key": "set13"
            }, 
            {
                "query_image": "/home/laeroth/Downloads/benchmark/sketches/14.png", 
                "source_images": [
                    "/home/laeroth/Downloads/benchmark/images/14/*.jpg"
                ], 
                "key": "set14"
            }, 
            {
                "query_image": "/home/laeroth/Downloads/benchmark/sketches/20.png", 
                "source_images": [
                    "/home/laeroth/Downloads/benchmark/images/20/*.jpg"
                ], 
                "key": "set20"
            }, 
            {
                "query_image": "/home/laeroth/Downloads/benchmark/sketches/21.png", 
                "source_images": [
                    "/home/laeroth/Downloads/benchmark/images/21/*.jpg"
                ], 
                "key": "set21"
            }, 
            {
                "query_image": "/home/laeroth/Downloads/benchmark/sketches/23.png", 
                "source_images": [
                    "/home/laeroth/Downloads/benchmark/images/23/*.jpg"
                ],