{
    "duration": 104.597918, 
    "correlations": {
        "/home/laeroth/Downloads/benchmark/sketches/42.png": -0.22062336227596427, 
        "/home/laeroth/Downloads/benchmark/sketches/21.png": 0.073874034382628448, 
        "/home/laeroth/Downloads/benchmark/sketches/48.png": 0.31180148346698044, 
        "/home/laeroth/Downloads/benchmark/sketches/23.png": 0.34837258542180849, 
        "/home/laeroth/Downloads/benchmark/sketches/26.png": 0.39926063410278545, 
        "/home/laeroth/Downloads/benchmark/sketches/43.png": 0.21061502591643713, 
        "/home/laeroth/Downloads/benchmark/sketches/4.png": 0.31134395135473319, 
        "/home/laeroth/Downloads/benchmark/sketches/0.png": 0.35759153305128738, 
        "/home/laeroth/Downloads/benchmark/sketches/11.png": 0.43309726857295494, 
        "/home/laeroth/Downloads/benchmark/sketches/25.png": 0.22061944439551412, 
        "/home/laeroth/Downloads/benchmark/sketches/27.png": 0.32469709313245676, 
        "/home/laeroth/Downloads/benchmark/sketches/33.png": 0.042170108671717298, 
        "/home/laeroth/Downloads/benchmark/sketches/30.png": 0.078611130258139053, 
        "/home/laeroth/Downloads/benchmark/sketches/6.png": 0.061356781513225711, 
        "/home/laeroth/Downloads/benchmark/sketches/2.png": 0.2675035655924406, 
        "/home/laeroth/Downloads/benchmark/sketches/1.png": -0.051546776957837943, 
        "/home/laeroth/Downloads/benchmark/sketches/38.png": 0.17377208575033998, 
        "/home/laeroth/Downloads/benchmark/sketches/9.png": 0.35219882044641015, 
        "/home/laeroth/Downloads/benchmark/sketches/14.png": 0.16221041753063459, 
        "/home/laeroth/Downloads/benchmark/sketches/13.png": 0.54439222909830842, 
        "/home/laeroth/Downloads/benchmark/sketches/28.png": 0.28139537976670342, 
        "/home/laeroth/Downloads/benchmark/sketches/34.png": 0.20275343545758137, 
        "/home/laeroth/Downloads/benchmark/sketches/7.png": 0.39585461672741862, 
        "/home/laeroth/Downloads/benchmark/sketches/8.png": 0.14685829058297453, 
        "/home/laeroth/Downloads/benchmark/sketches/20.png": 0.091662650403604565, 
        "/home/laeroth/Downloads/benchmark/sketches/24.png": -0.049828719792581432, 
        "/home/laeroth/Downloads/benchmark/sketches/10.png": 0.42907347120592781, 
        "/home/laeroth/Downloads/benchmark/sketches/12.png": 0.079273795951847872, 
        "/home/laeroth/Downloads/benchmark/sketches/46.png": 0.19985332128534977, 
        "/home/laeroth/Downloads/benchmark/sketches/47.png": 0.27635023971181638, 
        "/home/laeroth/Downloads/benchmark/sketches/45.png": 0.093909746503730171
    }, 
    "config": {
        "features": {
            "extractor": "features.patch_means", 
            "patch_size": 3, 
            "grid_size": 8
        }, 
        "curvelets": {
            "transform": "transforms.curvelet_strictangles", 
            "angles": 12, 
            "scales": 4
        }, 
        "readers": {
            "query": "readers.luma", 
            "image": "readers.canny", 
            "canny_sigma": 1.5
        }, 
        "metric": {
            "metric": "metrics.histogram_intersection_binary"
        }, 
        "cache": {
            "reader_enabled": true, 
            "reader_path": "/media/data0/unsorted/caches", 
            "feature_enabled": true
        }, 
        "codebook": {
            "codebook_size": 1000, 
            "metric": "kmeans"
        }, 
        "weights": {
            "use_stopwords": false, 
            "use_weights": "weights.tfidf"
        }, 
        "images": [
            {
                "query_image": "/home/laeroth/Downloads/benchmark/sketches/0.png", 
                "source_images": [
                    "/home/laeroth/Downloads/benchmark/images/0/*.jpg"
                ], 
                "key": "set0"
            }, 
            {
                "query_image": "/home/laeroth/Downloads/benchmark/sketches/1.png", 
                "source_images": [
                    "/home/laeroth/Downloads/benchmark/images/1/*.jpg"
                ], 
                "key": "set1"
            }, 
            {
                "query_image": "/home/laeroth/Downloads/benchmark/sketches/2.png", 
                "source_images": [
                    "/home/laeroth/Downloads/benchmark/images/2/*.jpg"
                ], 
                "key": "set2"
            }, 
            {
                "query_image": "/home/laeroth/Downloads/benchmark/sketches/4.png", 
                "source_images": [
                    "/home/laeroth/Downloads/benchmark/images/4/*.jpg"
                ], 
                "key": "set4"
            }, 
            {
                "query_image": "/home/laeroth/Downloads/benchmark/sketches/6.png", 
                "source_images": [
                    "/home/laeroth/Downloads/benchmark/images/6/*.jpg"
                ], 
                "key": "set6"
            }, 
            {
                "query_image": "/home/laeroth/Downloads/benchmark/sketches/7.png", 
                "source_images": [
                    "/home/laeroth/Downloads/benchmark/images/7/*.jpg"
                ], 
                "key": "set7"
            }, 
            {
                "query_image": "/home/laeroth/Downloads/benchmark/sketches/8.png", 
                "source_images": [
                    "/home/laeroth/Downloads/benchmark/images/8/*.jpg"
                ], 
                "key": "set8"
            }, 
            {
                "query_image": "/home/laeroth/Downloads/benchmark/sketches/9.png", 
                "source_images": [
                    "/home/laeroth/Downloads/benchmark/images/9/*.jpg"
                ], 
                "key": "set9"
            }, 
            {
                "query_image": "/home/laeroth/Downloads/benchmark/sketches/10.png", 
                "source_images": [
                    "/home/laeroth/Downloads/benchmark/images/10/*.jpg"
                ], 
                "key": "set10"
            }, 
            {
                "query_image": "/home/laeroth/Downloads/benchmark/sketches/11.png", 
                "source_images": [
                    "/home/laeroth/Downloads/benchmark/images/11/*.jpg"
                ], 
                "key": "set11"
            }, 
            {
                "query_image": "/home/laeroth/Downloads/benchmark/sketches/12.png", 
                "source_images": [
                    "/home/laeroth/Downloads/benchmark/images/12/*.jpg"
                ], 
                "key": "set12"
            }, 
            {
                "query_image": "/home/laeroth/Downloads/benchmark/sketches/13.png", 
                "source_images": [
                    "/home/laeroth/Downloads/benchmark/images/13/*.jpg"
                ], 
                "key": "set13"
            }, 
            {
                "query_image": "/home/laeroth/Downloads/benchmark/sketches/14.png", 
                "source_images": [
                    "/home/laeroth/Downloads/benchmark/images/14/*.jpg"
                ], 
                "key": "set14"
            }, 
            {
                "query_image": "/home/laeroth/Downloads/benchmark/sketches/20.png", 
                "source_images": [
                    "/home/laeroth/Downloads/benchmark/images/20/*.jpg"
                ], 
                "key": "set20"
            }, 
            {
                "query_image": "/home/laeroth/Downloads/benchmark/sketches/21.png", 
                "source_images": [
                    "/home/laeroth/Downloads/benchmark/images/21/*.jpg"
                ], 
                "key": "set21"
            }, 
            {
                "query_image": "/home/laeroth/Downloads/benchmark/sketches/23.png", 
                "source_images": [
                    "/home/laeroth/Downloads/benchmark/images/23/*.jpg"
                ],