{
    "duration": 70.106843, 
    "correlations": {
        "/home/laeroth/Downloads/benchmark/sketches/42.png": -0.13342535897291344, 
        "/home/laeroth/Downloads/benchmark/sketches/21.png": 0.24484861369752553, 
        "/home/laeroth/Downloads/benchmark/sketches/48.png": -0.30194176784411791, 
        "/home/laeroth/Downloads/benchmark/sketches/23.png": 0.20450266489797181, 
        "/home/laeroth/Downloads/benchmark/sketches/26.png": 0.28939056353486575, 
        "/home/laeroth/Downloads/benchmark/sketches/43.png": 0.12733184795534094, 
        "/home/laeroth/Downloads/benchmark/sketches/4.png": 0.15444066606348833, 
        "/home/laeroth/Downloads/benchmark/sketches/0.png": 0.18673724788563731, 
        "/home/laeroth/Downloads/benchmark/sketches/11.png": 0.32839998766094836, 
        "/home/laeroth/Downloads/benchmark/sketches/25.png": 0.21276953960315656, 
        "/home/laeroth/Downloads/benchmark/sketches/27.png": 0.18275554495977048, 
        "/home/laeroth/Downloads/benchmark/sketches/33.png": -0.10160824230779732, 
        "/home/laeroth/Downloads/benchmark/sketches/30.png": -0.19496940936424609, 
        "/home/laeroth/Downloads/benchmark/sketches/6.png": 0.077420386043226971, 
        "/home/laeroth/Downloads/benchmark/sketches/2.png": 0.11840500095985131, 
        "/home/laeroth/Downloads/benchmark/sketches/1.png": 0.068255683709922604, 
        "/home/laeroth/Downloads/benchmark/sketches/38.png": 0.064517471761563652, 
        "/home/laeroth/Downloads/benchmark/sketches/9.png": 0.096713427092343901, 
        "/home/laeroth/Downloads/benchmark/sketches/14.png": -0.080925005708103237, 
        "/home/laeroth/Downloads/benchmark/sketches/13.png": 0.14258215291427714, 
        "/home/laeroth/Downloads/benchmark/sketches/28.png": 0.056774949765033111, 
        "/home/laeroth/Downloads/benchmark/sketches/34.png": 0.067992316745599704, 
        "/home/laeroth/Downloads/benchmark/sketches/7.png": 0.23166195839970907, 
        "/home/laeroth/Downloads/benchmark/sketches/8.png": -0.056701784224690126, 
        "/home/laeroth/Downloads/benchmark/sketches/20.png": 0.0, 
        "/home/laeroth/Downloads/benchmark/sketches/24.png": -0.22050789039418037, 
        "/home/laeroth/Downloads/benchmark/sketches/10.png": 0.11992464959450642, 
        "/home/laeroth/Downloads/benchmark/sketches/12.png": -0.076081229312643869, 
        "/home/laeroth/Downloads/benchmark/sketches/46.png": 0.18814682947283543, 
        "/home/laeroth/Downloads/benchmark/sketches/47.png": -0.04896972273950511, 
        "/home/laeroth/Downloads/benchmark/sketches/45.png": 0.26735306848854479
    }, 
    "config": {
        "features": {
            "extractor": "features.patch_means2", 
            "patch_size": 3, 
            "grid_size": 8
        }, 
        "curvelets": {
            "transform": "transforms.curvelet_strictangles", 
            "angles": 12, 
            "scales": 4
        }, 
        "readers": {
            "query": "readers.luma", 
            "image": "readers.luma"
        }, 
        "metric": {
            "metric": "metrics.emd"
        }, 
        "cache": {
            "reader_enabled": false, 
            "feature_enabled": true
        }, 
        "codebook": {
            "codebook_size": 1000, 
            "metric": "kmeans"
        }, 
        "weights": {
            "use_stopwords": false, 
            "use_weights": "weights.tfidf"
        }, 
        "images": [
            {
                "query_image": "/home/laeroth/Downloads/benchmark/sketches/0.png", 
                "source_images": [
                    "/home/laeroth/Downloads/benchmark/images/0/*.jpg"
                ], 
                "key": "set0"
            }, 
            {
                "query_image": "/home/laeroth/Downloads/benchmark/sketches/1.png", 
                "source_images": [
                    "/home/laeroth/Downloads/benchmark/images/1/*.jpg"
                ], 
                "key": "set1"
            }, 
            {
                "query_image": "/home/laeroth/Downloads/benchmark/sketches/2.png", 
                "source_images": [
                    "/home/laeroth/Downloads/benchmark/images/2/*.jpg"
                ], 
                "key": "set2"
            }, 
            {
                "query_image": "/home/laeroth/Downloads/benchmark/sketches/4.png", 
                "source_images": [
                    "/home/laeroth/Downloads/benchmark/images/4/*.jpg"
                ], 
                "key": "set4"
            }, 
            {
                "query_image": "/home/laeroth/Downloads/benchmark/sketches/6.png", 
                "source_images": [
                    "/home/laeroth/Downloads/benchmark/images/6/*.jpg"
                ], 
                "key": "set6"
            }, 
            {
                "query_image": "/home/laeroth/Downloads/benchmark/sketches/7.png", 
                "source_images": [
                    "/home/laeroth/Downloads/benchmark/images/7/*.jpg"
                ], 
                "key": "set7"
            }, 
            {
                "query_image": "/home/laeroth/Downloads/benchmark/sketches/8.png", 
                "source_images": [
                    "/home/laeroth/Downloads/benchmark/images/8/*.jpg"
                ], 
                "key": "set8"
            }, 
            {
                "query_image": "/home/laeroth/Downloads/benchmark/sketches/9.png", 
                "source_images": [
                    "/home/laeroth/Downloads/benchmark/images/9/*.jpg"
                ], 
                "key": "set9"
            }, 
            {
                "query_image": "/home/laeroth/Downloads/benchmark/sketches/10.png", 
                "source_images": [
                    "/home/laeroth/Downloads/benchmark/images/10/*.jpg"
                ], 
                "key": "set10"
            }, 
            {
                "query_image": "/home/laeroth/Downloads/benchmark/sketches/11.png", 
                "source_images": [
                    "/home/laeroth/Downloads/benchmark/images/11/*.jpg"
                ], 
                "key": "set11"
            }, 
            {
                "query_image": "/home/laeroth/Downloads/benchmark/sketches/12.png", 
                "source_images": [
                    "/home/laeroth/Downloads/benchmark/images/12/*.jpg"
                ], 
                "key": "set12"
            }, 
            {
                "query_image": "/home/laeroth/Downloads/benchmark/sketches/13.png", 
                "source_images": [
                    "/home/laeroth/Downloads/benchmark/images/13/*.jpg"
                ], 
                "key": "set13"
            }, 
            {
                "query_image": "/home/laeroth/Downloads/benchmark/sketches/14.png", 
                "source_images": [
                    "/home/laeroth/Downloads/benchmark/images/14/*.jpg"
                ], 
                "key": "set14"
            }, 
            {
                "query_image": "/home/laeroth/Downloads/benchmark/sketches/20.png", 
                "source_images": [
                    "/home/laeroth/Downloads/benchmark/images/20/*.jpg"
                ], 
                "key": "set20"
            }, 
            {
                "query_image": "/home/laeroth/Downloads/benchmark/sketches/21.png", 
                "source_images": [
                    "/home/laeroth/Downloads/benchmark/images/21/*.jpg"
                ], 
                "key": "set21"
            }, 
            {
                "query_image": "/home/laeroth/Downloads/benchmark/sketches/23.png", 
                "source_images": [
                    "/home/laeroth/Downloads/benchmark/images/23/*.jpg"
                ], 
                "key": "set23"
            }, 
            {
                "query_image": "/home/laeroth/Downloads/benchmark/sketches/24.png",