{
    "duration": 107.134425, 
    "correlations": {
        "/home/laeroth/Downloads/benchmark/sketches/42.png": 0.036726332870933874, 
        "/home/laeroth/Downloads/benchmark/sketches/21.png": 0.11218682923365626, 
        "/home/laeroth/Downloads/benchmark/sketches/48.png": -0.25032779043486697, 
        "/home/laeroth/Downloads/benchmark/sketches/23.png": 0.25080515506355033, 
        "/home/laeroth/Downloads/benchmark/sketches/26.png": 0.25347419146672662, 
        "/home/laeroth/Downloads/benchmark/sketches/43.png": 0.23938303239840691, 
        "/home/laeroth/Downloads/benchmark/sketches/4.png": 0.20760803799301292, 
        "/home/laeroth/Downloads/benchmark/sketches/0.png": 0.23552778543787087, 
        "/home/laeroth/Downloads/benchmark/sketches/11.png": 0.48222375944261658, 
        "/home/laeroth/Downloads/benchmark/sketches/25.png": 0.41191744402334357, 
        "/home/laeroth/Downloads/benchmark/sketches/27.png": 0.16839434748124121, 
        "/home/laeroth/Downloads/benchmark/sketches/33.png": 0.19440203837310716, 
        "/home/laeroth/Downloads/benchmark/sketches/30.png": -0.041585453872998876, 
        "/home/laeroth/Downloads/benchmark/sketches/6.png": -0.035318477375182969, 
        "/home/laeroth/Downloads/benchmark/sketches/2.png": 0.17658257689457027, 
        "/home/laeroth/Downloads/benchmark/sketches/1.png": 0.11719372108684824, 
        "/home/laeroth/Downloads/benchmark/sketches/38.png": 0.045191208247133678, 
        "/home/laeroth/Downloads/benchmark/sketches/9.png": 0.28235946516152005, 
        "/home/laeroth/Downloads/benchmark/sketches/14.png": 0.063848539550700578, 
        "/home/laeroth/Downloads/benchmark/sketches/13.png": 0.32051374205497046, 
        "/home/laeroth/Downloads/benchmark/sketches/28.png": 0.089552257661611692, 
        "/home/laeroth/Downloads/benchmark/sketches/34.png": 0.1293473529536332, 
        "/home/laeroth/Downloads/benchmark/sketches/7.png": 0.34715142403825111, 
        "/home/laeroth/Downloads/benchmark/sketches/8.png": 0.076178576334128653, 
        "/home/laeroth/Downloads/benchmark/sketches/20.png": -0.014202785418227377, 
        "/home/laeroth/Downloads/benchmark/sketches/24.png": -0.063764007962231847, 
        "/home/laeroth/Downloads/benchmark/sketches/10.png": 0.38501581197988427, 
        "/home/laeroth/Downloads/benchmark/sketches/12.png": 0.12645329720393739, 
        "/home/laeroth/Downloads/benchmark/sketches/46.png": 0.26985292294632018, 
        "/home/laeroth/Downloads/benchmark/sketches/47.png": 0.2706221519814756, 
        "/home/laeroth/Downloads/benchmark/sketches/45.png": -0.032278950144395122
    }, 
    "config": {
        "features": {
            "extractor": "features.patch_means", 
            "patch_size": 3, 
            "grid_size": 8
        }, 
        "curvelets": {
            "transform": "transforms.curvelet_strictangles", 
            "angles": 12, 
            "scales": 4
        }, 
        "readers": {
            "query": "readers.luma", 
            "image": "readers.luma"
        }, 
        "metric": {
            "metric": "metrics.histogram_intersection"
        }, 
        "cache": {
            "reader_enabled": false, 
            "feature_enabled": true
        }, 
        "codebook": {
            "codebook_size": 1000, 
            "metric": "kmeans"
        }, 
        "weights": {
            "use_stopwords": false, 
            "use_weights": "weights.tfidf"
        }, 
        "images": [
            {
                "query_image": "/home/laeroth/Downloads/benchmark/sketches/0.png", 
                "source_images": [
                    "/home/laeroth/Downloads/benchmark/images/0/*.jpg"
                ], 
                "key": "set0"
            }, 
            {
                "query_image": "/home/laeroth/Downloads/benchmark/sketches/1.png", 
                "source_images": [
                    "/home/laeroth/Downloads/benchmark/images/1/*.jpg"
                ], 
                "key": "set1"
            }, 
            {
                "query_image": "/home/laeroth/Downloads/benchmark/sketches/2.png", 
                "source_images": [
                    "/home/laeroth/Downloads/benchmark/images/2/*.jpg"
                ], 
                "key": "set2"
            }, 
            {
                "query_image": "/home/laeroth/Downloads/benchmark/sketches/4.png", 
                "source_images": [
                    "/home/laeroth/Downloads/benchmark/images/4/*.jpg"
                ], 
                "key": "set4"
            }, 
            {
                "query_image": "/home/laeroth/Downloads/benchmark/sketches/6.png", 
                "source_images": [
                    "/home/laeroth/Downloads/benchmark/images/6/*.jpg"
                ], 
                "key": "set6"
            }, 
            {
                "query_image": "/home/laeroth/Downloads/benchmark/sketches/7.png", 
                "source_images": [
                    "/home/laeroth/Downloads/benchmark/images/7/*.jpg"
                ], 
                "key": "set7"
            }, 
            {
                "query_image": "/home/laeroth/Downloads/benchmark/sketches/8.png", 
                "source_images": [
                    "/home/laeroth/Downloads/benchmark/images/8/*.jpg"
                ], 
                "key": "set8"
            }, 
            {
                "query_image": "/home/laeroth/Downloads/benchmark/sketches/9.png", 
                "source_images": [
                    "/home/laeroth/Downloads/benchmark/images/9/*.jpg"
                ], 
                "key": "set9"
            }, 
            {
                "query_image": "/home/laeroth/Downloads/benchmark/sketches/10.png", 
                "source_images": [
                    "/home/laeroth/Downloads/benchmark/images/10/*.jpg"
                ], 
                "key": "set10"
            }, 
            {
                "query_image": "/home/laeroth/Downloads/benchmark/sketches/11.png", 
                "source_images": [
                    "/home/laeroth/Downloads/benchmark/images/11/*.jpg"
                ], 
                "key": "set11"
            }, 
            {
                "query_image": "/home/laeroth/Downloads/benchmark/sketches/12.png", 
                "source_images": [
                    "/home/laeroth/Downloads/benchmark/images/12/*.jpg"
                ], 
                "key": "set12"
            }, 
            {
                "query_image": "/home/laeroth/Downloads/benchmark/sketches/13.png", 
                "source_images": [
                    "/home/laeroth/Downloads/benchmark/images/13/*.jpg"
                ], 
                "key": "set13"
            }, 
            {
                "query_image": "/home/laeroth/Downloads/benchmark/sketches/14.png", 
                "source_images": [
                    "/home/laeroth/Downloads/benchmark/images/14/*.jpg"
                ], 
                "key": "set14"
            }, 
            {
                "query_image": "/home/laeroth/Downloads/benchmark/sketches/20.png", 
                "source_images": [
                    "/home/laeroth/Downloads/benchmark/images/20/*.jpg"
                ], 
                "key": "set20"
            }, 
            {
                "query_image": "/home/laeroth/Downloads/benchmark/sketches/21.png", 
                "source_images": [
                    "/home/laeroth/Downloads/benchmark/images/21/*.jpg"
                ], 
                "key": "set21"
            }, 
            {
                "query_image": "/home/laeroth/Downloads/benchmark/sketches/23.png", 
                "source_images": [
                    "/home/laeroth/Downloads/benchmark/images/23/*.jpg"
                ], 
                "key": "set23"
            }, 
            {
                "query_image": "/home/laeroth/Downloads/benchmark/sketches/24.png",