{
    "duration": 64.06986, 
    "correlations": {
        "/home/laeroth/Downloads/benchmark/sketches/42.png": -0.23232990090896713, 
        "/home/laeroth/Downloads/benchmark/sketches/21.png": 0.10985073530560767, 
        "/home/laeroth/Downloads/benchmark/sketches/48.png": 0.015257923607235451, 
        "/home/laeroth/Downloads/benchmark/sketches/23.png": 0.38445912426845374, 
        "/home/laeroth/Downloads/benchmark/sketches/26.png": 0.34226419220500565, 
        "/home/laeroth/Downloads/benchmark/sketches/43.png": 0.34707278284035609, 
        "/home/laeroth/Downloads/benchmark/sketches/4.png": 0.24787544363831135, 
        "/home/laeroth/Downloads/benchmark/sketches/0.png": 0.28929210047107184, 
        "/home/laeroth/Downloads/benchmark/sketches/11.png": 0.39826637326218778, 
        "/home/laeroth/Downloads/benchmark/sketches/25.png": 0.34457075705595169, 
        "/home/laeroth/Downloads/benchmark/sketches/27.png": 0.31338120307436529, 
        "/home/laeroth/Downloads/benchmark/sketches/33.png": 0.056004649247425778, 
        "/home/laeroth/Downloads/benchmark/sketches/30.png": -0.028812744390359784, 
        "/home/laeroth/Downloads/benchmark/sketches/6.png": -0.059671030153205101, 
        "/home/laeroth/Downloads/benchmark/sketches/2.png": 0.27405212553232206, 
        "/home/laeroth/Downloads/benchmark/sketches/1.png": 0.080092842784584936, 
        "/home/laeroth/Downloads/benchmark/sketches/38.png": 0.23135127664768104, 
        "/home/laeroth/Downloads/benchmark/sketches/9.png": 0.33392324438951593, 
        "/home/laeroth/Downloads/benchmark/sketches/14.png": 0.18613880701085908, 
        "/home/laeroth/Downloads/benchmark/sketches/13.png": 0.4635150295169706, 
        "/home/laeroth/Downloads/benchmark/sketches/28.png": 0.3013291578776981, 
        "/home/laeroth/Downloads/benchmark/sketches/34.png": 0.24487261266028942, 
        "/home/laeroth/Downloads/benchmark/sketches/7.png": 0.37439206938543207, 
        "/home/laeroth/Downloads/benchmark/sketches/8.png": 0.061641338214356169, 
        "/home/laeroth/Downloads/benchmark/sketches/20.png": 0.12199557370783981, 
        "/home/laeroth/Downloads/benchmark/sketches/24.png": -0.16388613280219261, 
        "/home/laeroth/Downloads/benchmark/sketches/10.png": 0.39674265549452903, 
        "/home/laeroth/Downloads/benchmark/sketches/12.png": 0.091535204846413559, 
        "/home/laeroth/Downloads/benchmark/sketches/46.png": -0.067180708368266687, 
        "/home/laeroth/Downloads/benchmark/sketches/47.png": 0.11083684835393681, 
        "/home/laeroth/Downloads/benchmark/sketches/45.png": 0.18538233047942784
    }, 
    "config": {
        "features": {
            "extractor": "features.patch_means2", 
            "patch_size": 3, 
            "grid_size": 8
        }, 
        "curvelets": {
            "transform": "transforms.curvelet_strictangles", 
            "angles": 12, 
            "scales": 4
        }, 
        "readers": {
            "query": "readers.luma", 
            "image": "readers.canny", 
            "canny_sigma": 1.5
        }, 
        "metric": {
            "metric": "metrics.histogram_intersection"
        }, 
        "cache": {
            "reader_enabled": true, 
            "reader_path": "/media/data0/unsorted/caches", 
            "feature_enabled": true
        }, 
        "codebook": {
            "codebook_size": 1000, 
            "metric": "kmeans"
        }, 
        "weights": {
            "use_stopwords": false, 
            "use_weights": "weights.tfidf"
        }, 
        "images": [
            {
                "query_image": "/home/laeroth/Downloads/benchmark/sketches/0.png", 
                "source_images": [
                    "/home/laeroth/Downloads/benchmark/images/0/*.jpg"
                ], 
                "key": "set0"
            }, 
            {
                "query_image": "/home/laeroth/Downloads/benchmark/sketches/1.png", 
                "source_images": [
                    "/home/laeroth/Downloads/benchmark/images/1/*.jpg"
                ], 
                "key": "set1"
            }, 
            {
                "query_image": "/home/laeroth/Downloads/benchmark/sketches/2.png", 
                "source_images": [
                    "/home/laeroth/Downloads/benchmark/images/2/*.jpg"
                ], 
                "key": "set2"
            }, 
            {
                "query_image": "/home/laeroth/Downloads/benchmark/sketches/4.png", 
                "source_images": [
                    "/home/laeroth/Downloads/benchmark/images/4/*.jpg"
                ], 
                "key": "set4"
            }, 
            {
                "query_image": "/home/laeroth/Downloads/benchmark/sketches/6.png", 
                "source_images": [
                    "/home/laeroth/Downloads/benchmark/images/6/*.jpg"
                ], 
                "key": "set6"
            }, 
            {
                "query_image": "/home/laeroth/Downloads/benchmark/sketches/7.png", 
                "source_images": [
                    "/home/laeroth/Downloads/benchmark/images/7/*.jpg"
                ], 
                "key": "set7"
            }, 
            {
                "query_image": "/home/laeroth/Downloads/benchmark/sketches/8.png", 
                "source_images": [
                    "/home/laeroth/Downloads/benchmark/images/8/*.jpg"
                ], 
                "key": "set8"
            }, 
            {
                "query_image": "/home/laeroth/Downloads/benchmark/sketches/9.png", 
                "source_images": [
                    "/home/laeroth/Downloads/benchmark/images/9/*.jpg"
                ], 
                "key": "set9"
            }, 
            {
                "query_image": "/home/laeroth/Downloads/benchmark/sketches/10.png", 
                "source_images": [
                    "/home/laeroth/Downloads/benchmark/images/10/*.jpg"
                ], 
                "key": "set10"
            }, 
            {
                "query_image": "/home/laeroth/Downloads/benchmark/sketches/11.png", 
                "source_images": [
                    "/home/laeroth/Downloads/benchmark/images/11/*.jpg"
                ], 
                "key": "set11"
            }, 
            {
                "query_image": "/home/laeroth/Downloads/benchmark/sketches/12.png", 
                "source_images": [
                    "/home/laeroth/Downloads/benchmark/images/12/*.jpg"
                ], 
                "key": "set12"
            }, 
            {
                "query_image": "/home/laeroth/Downloads/benchmark/sketches/13.png", 
                "source_images": [
                    "/home/laeroth/Downloads/benchmark/images/13/*.jpg"
                ], 
                "key": "set13"
            }, 
            {
                "query_image": "/home/laeroth/Downloads/benchmark/sketches/14.png", 
                "source_images": [
                    "/home/laeroth/Downloads/benchmark/images/14/*.jpg"
                ], 
                "key": "set14"
            }, 
            {
                "query_image": "/home/laeroth/Downloads/benchmark/sketches/20.png", 
                "source_images": [
                    "/home/laeroth/Downloads/benchmark/images/20/*.jpg"
                ], 
                "key": "set20"
            }, 
            {
                "query_image": "/home/laeroth/Downloads/benchmark/sketches/21.png", 
                "source_images": [
                    "/home/laeroth/Downloads/benchmark/images/21/*.jpg"
                ], 
                "key": "set21"
            }, 
            {
                "query_image": "/home/laeroth/Downloads/benchmark/sketches/23.png", 
                "source_images": [
                    "/home/laeroth/Downloads/benchmark/images/23/*.jpg"
                ],