{
    "duration": 58.354564, 
    "correlations": {
        "/home/laeroth/Downloads/benchmark/sketches/42.png": -0.11277913411028509, 
        "/home/laeroth/Downloads/benchmark/sketches/21.png": 0.078760900955624547, 
        "/home/laeroth/Downloads/benchmark/sketches/48.png": 0.015748899461064916, 
        "/home/laeroth/Downloads/benchmark/sketches/23.png": 0.50878781706258458, 
        "/home/laeroth/Downloads/benchmark/sketches/26.png": 0.36859967388153858, 
        "/home/laeroth/Downloads/benchmark/sketches/43.png": 0.31798076387133989, 
        "/home/laeroth/Downloads/benchmark/sketches/4.png": 0.24805889796118005, 
        "/home/laeroth/Downloads/benchmark/sketches/0.png": 0.20503076901528036, 
        "/home/laeroth/Downloads/benchmark/sketches/11.png": 0.47153719438695846, 
        "/home/laeroth/Downloads/benchmark/sketches/25.png": 0.31828647672713151, 
        "/home/laeroth/Downloads/benchmark/sketches/27.png": 0.31347827776192838, 
        "/home/laeroth/Downloads/benchmark/sketches/33.png": 0.13548159711892502, 
        "/home/laeroth/Downloads/benchmark/sketches/30.png": 0.083146387773031696, 
        "/home/laeroth/Downloads/benchmark/sketches/6.png": -0.0081038102031431407, 
        "/home/laeroth/Downloads/benchmark/sketches/2.png": 0.27268102499505342, 
        "/home/laeroth/Downloads/benchmark/sketches/1.png": 0.027219753327071855, 
        "/home/laeroth/Downloads/benchmark/sketches/38.png": 0.23857844185859067, 
        "/home/laeroth/Downloads/benchmark/sketches/9.png": 0.2274046313014387, 
        "/home/laeroth/Downloads/benchmark/sketches/14.png": 0.27044201501192661, 
        "/home/laeroth/Downloads/benchmark/sketches/13.png": 0.44191861949889405, 
        "/home/laeroth/Downloads/benchmark/sketches/28.png": 0.39405830831413896, 
        "/home/laeroth/Downloads/benchmark/sketches/34.png": 0.14903226109343018, 
        "/home/laeroth/Downloads/benchmark/sketches/7.png": 0.34580673948543877, 
        "/home/laeroth/Downloads/benchmark/sketches/8.png": 0.15489595774212966, 
        "/home/laeroth/Downloads/benchmark/sketches/20.png": 0.073497142854106259, 
        "/home/laeroth/Downloads/benchmark/sketches/24.png": -0.15939307892866847, 
        "/home/laeroth/Downloads/benchmark/sketches/10.png": 0.51128951975009695, 
        "/home/laeroth/Downloads/benchmark/sketches/12.png": 0.12297757811485972, 
        "/home/laeroth/Downloads/benchmark/sketches/46.png": 0.1402002030246218, 
        "/home/laeroth/Downloads/benchmark/sketches/47.png": 0.18580784372683304, 
        "/home/laeroth/Downloads/benchmark/sketches/45.png": 0.085373324816256493
    }, 
    "config": {
        "features": {
            "extractor": "features.patch_means", 
            "patch_size": 3, 
            "grid_size": 8
        }, 
        "curvelets": {
            "transform": "transforms.curvelet_strictangles", 
            "angles": 8, 
            "scales": 4
        }, 
        "readers": {
            "query": "readers.luma", 
            "image": "readers.canny", 
            "canny_sigma": 1.5
        }, 
        "metric": {
            "metric": "metrics.histogram_intersection"
        }, 
        "cache": {
            "reader_enabled": true, 
            "reader_path": "/media/data0/unsorted/caches", 
            "feature_enabled": true
        }, 
        "codebook": {
            "codebook_size": 1000, 
            "use_stopwords": false, 
            "use_weights": true
        }, 
        "weights": {
            "use_stopwords": false, 
            "use_weights": "weights.tfidf"
        }, 
        "images": [
            {
                "query_image": "/home/laeroth/Downloads/benchmark/sketches/0.png", 
                "source_images": [
                    "/home/laeroth/Downloads/benchmark/images/0/*.jpg"
                ], 
                "key": "set0"
            }, 
            {
                "query_image": "/home/laeroth/Downloads/benchmark/sketches/1.png", 
                "source_images": [
                    "/home/laeroth/Downloads/benchmark/images/1/*.jpg"
                ], 
                "key": "set1"
            }, 
            {
                "query_image": "/home/laeroth/Downloads/benchmark/sketches/2.png", 
                "source_images": [
                    "/home/laeroth/Downloads/benchmark/images/2/*.jpg"
                ], 
                "key": "set2"
            }, 
            {
                "query_image": "/home/laeroth/Downloads/benchmark/sketches/4.png", 
                "source_images": [
                    "/home/laeroth/Downloads/benchmark/images/4/*.jpg"
                ], 
                "key": "set4"
            }, 
            {
                "query_image": "/home/laeroth/Downloads/benchmark/sketches/6.png", 
                "source_images": [
                    "/home/laeroth/Downloads/benchmark/images/6/*.jpg"
                ], 
                "key": "set6"
            }, 
            {
                "query_image": "/home/laeroth/Downloads/benchmark/sketches/7.png", 
                "source_images": [
                    "/home/laeroth/Downloads/benchmark/images/7/*.jpg"
                ], 
                "key": "set7"
            }, 
            {
                "query_image": "/home/laeroth/Downloads/benchmark/sketches/8.png", 
                "source_images": [
                    "/home/laeroth/Downloads/benchmark/images/8/*.jpg"
                ], 
                "key": "set8"
            }, 
            {
                "query_image": "/home/laeroth/Downloads/benchmark/sketches/9.png", 
                "source_images": [
                    "/home/laeroth/Downloads/benchmark/images/9/*.jpg"
                ], 
                "key": "set9"
            }, 
            {
                "query_image": "/home/laeroth/Downloads/benchmark/sketches/10.png", 
                "source_images": [
                    "/home/laeroth/Downloads/benchmark/images/10/*.jpg"
                ], 
                "key": "set10"
            }, 
            {
                "query_image": "/home/laeroth/Downloads/benchmark/sketches/11.png", 
                "source_images": [
                    "/home/laeroth/Downloads/benchmark/images/11/*.jpg"
                ], 
                "key": "set11"
            }, 
            {
                "query_image": "/home/laeroth/Downloads/benchmark/sketches/12.png", 
                "source_images": [
                    "/home/laeroth/Downloads/benchmark/images/12/*.jpg"
                ], 
                "key": "set12"
            }, 
            {
                "query_image": "/home/laeroth/Downloads/benchmark/sketches/13.png", 
                "source_images": [
                    "/home/laeroth/Downloads/benchmark/images/13/*.jpg"
                ], 
                "key": "set13"
            }, 
            {
                "query_image": "/home/laeroth/Downloads/benchmark/sketches/14.png", 
                "source_images": [
                    "/home/laeroth/Downloads/benchmark/images/14/*.jpg"
                ], 
                "key": "set14"
            }, 
            {
                "query_image": "/home/laeroth/Downloads/benchmark/sketches/20.png", 
                "source_images": [
                    "/home/laeroth/Downloads/benchmark/images/20/*.jpg"
                ], 
                "key": "set20"
            }, 
            {
                "query_image": "/home/laeroth/Downloads/benchmark/sketches/21.png", 
                "source_images": [
                    "/home/laeroth/Downloads/benchmark/images/21/*.jpg"
                ], 
                "key": "set21"
            }, 
            {
                "query_image": "/home/laeroth/Downloads/benchmark/sketches/23.png", 
                "source_images": [
                    "/home/laeroth/Downloads/benchmark/images/23/*.jpg"
                ],