{
    "duration": 73.326549, 
    "correlations": {
        "/home/laeroth/Downloads/benchmark/sketches/42.png": 0.069184395887295871, 
        "/home/laeroth/Downloads/benchmark/sketches/21.png": 0.058174803139135547, 
        "/home/laeroth/Downloads/benchmark/sketches/48.png": -0.021762363695161283, 
        "/home/laeroth/Downloads/benchmark/sketches/23.png": 0.35507796636205397, 
        "/home/laeroth/Downloads/benchmark/sketches/26.png": 0.38896329495433313, 
        "/home/laeroth/Downloads/benchmark/sketches/43.png": 0.204295733635179, 
        "/home/laeroth/Downloads/benchmark/sketches/4.png": 0.23140939311026698, 
        "/home/laeroth/Downloads/benchmark/sketches/0.png": 0.3527093501121093, 
        "/home/laeroth/Downloads/benchmark/sketches/11.png": 0.30240593265215454, 
        "/home/laeroth/Downloads/benchmark/sketches/25.png": 0.37732361983272861, 
        "/home/laeroth/Downloads/benchmark/sketches/27.png": 0.2312328915453398, 
        "/home/laeroth/Downloads/benchmark/sketches/33.png": -0.034104364505558996, 
        "/home/laeroth/Downloads/benchmark/sketches/30.png": -0.021210013888172511, 
        "/home/laeroth/Downloads/benchmark/sketches/6.png": 0.047063991624010891, 
        "/home/laeroth/Downloads/benchmark/sketches/2.png": 0.090378232611412201, 
        "/home/laeroth/Downloads/benchmark/sketches/1.png": 0.18054827271779317, 
        "/home/laeroth/Downloads/benchmark/sketches/38.png": 0.21456192654461015, 
        "/home/laeroth/Downloads/benchmark/sketches/9.png": 0.4643635230460238, 
        "/home/laeroth/Downloads/benchmark/sketches/14.png": 0.30632297602860664, 
        "/home/laeroth/Downloads/benchmark/sketches/13.png": 0.47931850553283462, 
        "/home/laeroth/Downloads/benchmark/sketches/28.png": 0.50931866448460295, 
        "/home/laeroth/Downloads/benchmark/sketches/34.png": 0.20896420718632572, 
        "/home/laeroth/Downloads/benchmark/sketches/7.png": 0.27420871740128278, 
        "/home/laeroth/Downloads/benchmark/sketches/8.png": 0.11366765418464883, 
        "/home/laeroth/Downloads/benchmark/sketches/20.png": -0.13670839489775333, 
        "/home/laeroth/Downloads/benchmark/sketches/24.png": -0.089288526389911305, 
        "/home/laeroth/Downloads/benchmark/sketches/10.png": 0.32993449695492105, 
        "/home/laeroth/Downloads/benchmark/sketches/12.png": 0.1214642613955576, 
        "/home/laeroth/Downloads/benchmark/sketches/46.png": 0.13995786293738469, 
        "/home/laeroth/Downloads/benchmark/sketches/47.png": 0.090140414879921832, 
        "/home/laeroth/Downloads/benchmark/sketches/45.png": 0.13145745270234208
    }, 
    "config": {
        "features": {
            "extractor": "features.patch_means", 
            "patch_size": 3, 
            "grid_size": 8
        }, 
        "curvelets": {
            "transform": "transforms.curvelet_strictangles", 
            "angles": 12, 
            "scales": 4
        }, 
        "readers": {
            "query": "readers.luma", 
            "image": "readers.canny", 
            "canny_sigma": 0.5
        }, 
        "metric": {
            "metric": "metrics.histogram_intersection"
        }, 
        "cache": {
            "reader_enabled": true, 
            "reader_path": "/media/data0/unsorted/caches", 
            "feature_enabled": true
        }, 
        "codebook": {
            "codebook_size": 1000, 
            "metric": "kmeans"
        }, 
        "weights": {
            "use_stopwords": false, 
            "use_weights": "weights.tfidf"
        }, 
        "images": [
            {
                "query_image": "/home/laeroth/Downloads/benchmark/sketches/0.png", 
                "source_images": [
                    "/home/laeroth/Downloads/benchmark/images/0/*.jpg"
                ], 
                "key": "set0"
            }, 
            {
                "query_image": "/home/laeroth/Downloads/benchmark/sketches/1.png", 
                "source_images": [
                    "/home/laeroth/Downloads/benchmark/images/1/*.jpg"
                ], 
                "key": "set1"
            }, 
            {
                "query_image": "/home/laeroth/Downloads/benchmark/sketches/2.png", 
                "source_images": [
                    "/home/laeroth/Downloads/benchmark/images/2/*.jpg"
                ], 
                "key": "set2"
            }, 
            {
                "query_image": "/home/laeroth/Downloads/benchmark/sketches/4.png", 
                "source_images": [
                    "/home/laeroth/Downloads/benchmark/images/4/*.jpg"
                ], 
                "key": "set4"
            }, 
            {
                "query_image": "/home/laeroth/Downloads/benchmark/sketches/6.png", 
                "source_images": [
                    "/home/laeroth/Downloads/benchmark/images/6/*.jpg"
                ], 
                "key": "set6"
            }, 
            {
                "query_image": "/home/laeroth/Downloads/benchmark/sketches/7.png", 
                "source_images": [
                    "/home/laeroth/Downloads/benchmark/images/7/*.jpg"
                ], 
                "key": "set7"
            }, 
            {
                "query_image": "/home/laeroth/Downloads/benchmark/sketches/8.png", 
                "source_images": [
                    "/home/laeroth/Downloads/benchmark/images/8/*.jpg"
                ], 
                "key": "set8"
            }, 
            {
                "query_image": "/home/laeroth/Downloads/benchmark/sketches/9.png", 
                "source_images": [
                    "/home/laeroth/Downloads/benchmark/images/9/*.jpg"
                ], 
                "key": "set9"
            }, 
            {
                "query_image": "/home/laeroth/Downloads/benchmark/sketches/10.png", 
                "source_images": [
                    "/home/laeroth/Downloads/benchmark/images/10/*.jpg"
                ], 
                "key": "set10"
            }, 
            {
                "query_image": "/home/laeroth/Downloads/benchmark/sketches/11.png", 
                "source_images": [
                    "/home/laeroth/Downloads/benchmark/images/11/*.jpg"
                ], 
                "key": "set11"
            }, 
            {
                "query_image": "/home/laeroth/Downloads/benchmark/sketches/12.png", 
                "source_images": [
                    "/home/laeroth/Downloads/benchmark/images/12/*.jpg"
                ], 
                "key": "set12"
            }, 
            {
                "query_image": "/home/laeroth/Downloads/benchmark/sketches/13.png", 
                "source_images": [
                    "/home/laeroth/Downloads/benchmark/images/13/*.jpg"
                ], 
                "key": "set13"
            }, 
            {
                "query_image": "/home/laeroth/Downloads/benchmark/sketches/14.png", 
                "source_images": [
                    "/home/laeroth/Downloads/benchmark/images/14/*.jpg"
                ], 
                "key": "set14"
            }, 
            {
                "query_image": "/home/laeroth/Downloads/benchmark/sketches/20.png", 
                "source_images": [
                    "/home/laeroth/Downloads/benchmark/images/20/*.jpg"
                ], 
                "key": "set20"
            }, 
            {
                "query_image": "/home/laeroth/Downloads/benchmark/sketches/21.png", 
                "source_images": [
                    "/home/laeroth/Downloads/benchmark/images/21/*.jpg"
                ], 
                "key": "set21"
            }, 
            {
                "query_image": "/home/laeroth/Downloads/benchmark/sketches/23.png", 
                "source_images": [
                    "/home/laeroth/Downloads/benchmark/images/23/*.jpg"
                ],