{
    "duration": 82.962586, 
    "correlations": {
        "/home/laeroth/Downloads/benchmark/sketches/42.png": -0.048660839287554145, 
        "/home/laeroth/Downloads/benchmark/sketches/21.png": 0.13178338569265222, 
        "/home/laeroth/Downloads/benchmark/sketches/48.png": 0.11074977320749818, 
        "/home/laeroth/Downloads/benchmark/sketches/23.png": 0.41837408239838869, 
        "/home/laeroth/Downloads/benchmark/sketches/26.png": 0.26499365472009612, 
        "/home/laeroth/Downloads/benchmark/sketches/43.png": 0.28828924331851152, 
        "/home/laeroth/Downloads/benchmark/sketches/4.png": 0.26757694099985274, 
        "/home/laeroth/Downloads/benchmark/sketches/0.png": 0.28820006005313259, 
        "/home/laeroth/Downloads/benchmark/sketches/11.png": 0.38551051077336329, 
        "/home/laeroth/Downloads/benchmark/sketches/25.png": 0.31014504381930441, 
        "/home/laeroth/Downloads/benchmark/sketches/27.png": 0.19489611623639649, 
        "/home/laeroth/Downloads/benchmark/sketches/33.png": 0.065112451469788252, 
        "/home/laeroth/Downloads/benchmark/sketches/30.png": 0.052911337673747443, 
        "/home/laeroth/Downloads/benchmark/sketches/6.png": 0.036805173032229736, 
        "/home/laeroth/Downloads/benchmark/sketches/2.png": 0.37046756445873069, 
        "/home/laeroth/Downloads/benchmark/sketches/1.png": 0.060606375530132553, 
        "/home/laeroth/Downloads/benchmark/sketches/38.png": 0.22864950948928162, 
        "/home/laeroth/Downloads/benchmark/sketches/9.png": 0.28208442017456159, 
        "/home/laeroth/Downloads/benchmark/sketches/14.png": 0.21934944910337864, 
        "/home/laeroth/Downloads/benchmark/sketches/13.png": 0.57999484227558962, 
        "/home/laeroth/Downloads/benchmark/sketches/28.png": 0.28982340671620582, 
        "/home/laeroth/Downloads/benchmark/sketches/34.png": 0.14390831164476273, 
        "/home/laeroth/Downloads/benchmark/sketches/7.png": 0.38011814154075324, 
        "/home/laeroth/Downloads/benchmark/sketches/8.png": 0.11770766345976308, 
        "/home/laeroth/Downloads/benchmark/sketches/20.png": 0.25949189444538678, 
        "/home/laeroth/Downloads/benchmark/sketches/24.png": -0.25542204747670594, 
        "/home/laeroth/Downloads/benchmark/sketches/10.png": 0.37044329486345345, 
        "/home/laeroth/Downloads/benchmark/sketches/12.png": 0.2064543627819386, 
        "/home/laeroth/Downloads/benchmark/sketches/46.png": 0.089246530608557598, 
        "/home/laeroth/Downloads/benchmark/sketches/47.png": 0.16892499574263184, 
        "/home/laeroth/Downloads/benchmark/sketches/45.png": 0.1770769361363565
    }, 
    "config": {
        "features": {
            "extractor": "features.patch_means", 
            "patch_size": 3, 
            "grid_size": 8
        }, 
        "curvelets": {
            "transform": "transforms.curvelet_strictangles", 
            "angles": 20, 
            "scales": 4
        }, 
        "readers": {
            "query": "readers.luma", 
            "image": "readers.canny", 
            "canny_sigma": 1.5
        }, 
        "metric": {
            "metric": "metrics.histogram_intersection"
        }, 
        "cache": {
            "reader_enabled": true, 
            "reader_path": "/media/data0/unsorted/caches", 
            "feature_enabled": true
        }, 
        "codebook": {
            "codebook_size": 1000, 
            "metric": "kmeans"
        }, 
        "weights": {
            "use_stopwords": false, 
            "use_weights": "weights.tfidf"
        }, 
        "images": [
            {
                "query_image": "/home/laeroth/Downloads/benchmark/sketches/0.png", 
                "source_images": [
                    "/home/laeroth/Downloads/benchmark/images/0/*.jpg"
                ], 
                "key": "set0"
            }, 
            {
                "query_image": "/home/laeroth/Downloads/benchmark/sketches/1.png", 
                "source_images": [
                    "/home/laeroth/Downloads/benchmark/images/1/*.jpg"
                ], 
                "key": "set1"
            }, 
            {
                "query_image": "/home/laeroth/Downloads/benchmark/sketches/2.png", 
                "source_images": [
                    "/home/laeroth/Downloads/benchmark/images/2/*.jpg"
                ], 
                "key": "set2"
            }, 
            {
                "query_image": "/home/laeroth/Downloads/benchmark/sketches/4.png", 
                "source_images": [
                    "/home/laeroth/Downloads/benchmark/images/4/*.jpg"
                ], 
                "key": "set4"
            }, 
            {
                "query_image": "/home/laeroth/Downloads/benchmark/sketches/6.png", 
                "source_images": [
                    "/home/laeroth/Downloads/benchmark/images/6/*.jpg"
                ], 
                "key": "set6"
            }, 
            {
                "query_image": "/home/laeroth/Downloads/benchmark/sketches/7.png", 
                "source_images": [
                    "/home/laeroth/Downloads/benchmark/images/7/*.jpg"
                ], 
                "key": "set7"
            }, 
            {
                "query_image": "/home/laeroth/Downloads/benchmark/sketches/8.png", 
                "source_images": [
                    "/home/laeroth/Downloads/benchmark/images/8/*.jpg"
                ], 
                "key": "set8"
            }, 
            {
                "query_image": "/home/laeroth/Downloads/benchmark/sketches/9.png", 
                "source_images": [
                    "/home/laeroth/Downloads/benchmark/images/9/*.jpg"
                ], 
                "key": "set9"
            }, 
            {
                "query_image": "/home/laeroth/Downloads/benchmark/sketches/10.png", 
                "source_images": [
                    "/home/laeroth/Downloads/benchmark/images/10/*.jpg"
                ], 
                "key": "set10"
            }, 
            {
                "query_image": "/home/laeroth/Downloads/benchmark/sketches/11.png", 
                "source_images": [
                    "/home/laeroth/Downloads/benchmark/images/11/*.jpg"
                ], 
                "key": "set11"
            }, 
            {
                "query_image": "/home/laeroth/Downloads/benchmark/sketches/12.png", 
                "source_images": [
                    "/home/laeroth/Downloads/benchmark/images/12/*.jpg"
                ], 
                "key": "set12"
            }, 
            {
                "query_image": "/home/laeroth/Downloads/benchmark/sketches/13.png", 
                "source_images": [
                    "/home/laeroth/Downloads/benchmark/images/13/*.jpg"
                ], 
                "key": "set13"
            }, 
            {
                "query_image": "/home/laeroth/Downloads/benchmark/sketches/14.png", 
                "source_images": [
                    "/home/laeroth/Downloads/benchmark/images/14/*.jpg"
                ], 
                "key": "set14"
            }, 
            {
                "query_image": "/home/laeroth/Downloads/benchmark/sketches/20.png", 
                "source_images": [
                    "/home/laeroth/Downloads/benchmark/images/20/*.jpg"
                ], 
                "key": "set20"
            }, 
            {
                "query_image": "/home/laeroth/Downloads/benchmark/sketches/21.png", 
                "source_images": [
                    "/home/laeroth/Downloads/benchmark/images/21/*.jpg"
                ], 
                "key": "set21"
            }, 
            {
                "query_image": "/home/laeroth/Downloads/benchmark/sketches/23.png", 
                "source_images": [
                    "/home/laeroth/Downloads/benchmark/images/23/*.jpg"
                ],